[    1212ms] [INFO] %cDownload the React DevTools for a better development experience: https://react.dev/link/react-devtools font-weight:bold @ http://localhost:3000/_next/static/chunks/node_modules_next_dist_1ybzpk2._.js:2489
[    1411ms] [LOG] [HMR] connected @ http://localhost:3000/_next/static/chunks/node_modules_next_dist_1ybzpk2._.js:2489
[  876121ms] [LOG] [Fast Refresh] rebuilding @ http://localhost:3000/_next/static/chunks/node_modules_next_dist_1ybzpk2._.js:2489
[  876207ms] [LOG] [Fast Refresh] done in 187ms @ http://localhost:3000/_next/static/chunks/node_modules_next_dist_1ybzpk2._.js:2489
[  901181ms] [LOG] [Fast Refresh] rebuilding @ http://localhost:3000/_next/static/chunks/node_modules_next_dist_1ybzpk2._.js:2489
[  901440ms] [LOG] [Fast Refresh] done in 312ms @ http://localhost:3000/_next/static/chunks/node_modules_next_dist_1ybzpk2._.js:2489
[  910153ms] [LOG] [Fast Refresh] rebuilding @ http://localhost:3000/_next/static/chunks/node_modules_next_dist_1ybzpk2._.js:2489
[  910397ms] [LOG] [Fast Refresh] done in 165ms @ http://localhost:3000/_next/static/chunks/node_modules_next_dist_1ybzpk2._.js:2489
[  942054ms] [LOG] [Fast Refresh] rebuilding @ http://localhost:3000/_next/static/chunks/node_modules_next_dist_1ybzpk2._.js:2489
[  942118ms] [LOG] [Fast Refresh] done in 95ms @ http://localhost:3000/_next/static/chunks/node_modules_next_dist_1ybzpk2._.js:2489
[  993666ms] [LOG] [Fast Refresh] rebuilding @ http://localhost:3000/_next/static/chunks/node_modules_next_dist_1ybzpk2._.js:2489
[  994085ms] [ERROR] ./src/app/page.tsx:11:1
Module not found: Can't resolve '@/components/architecture-view'
   9 | import { AgentWorkflow } from "@/components/agent-workflow";
  10 | import { AftermathResult } from "@/components/aftermath-result";
> 11 | import { ArchitectureView } from "@/components/architecture-view";
     | ^^^^^^^^^^^^^^^^^^^^^^^^^^^^^^^^^^^^^^^^^^^^^^^^^^^^^^^^^^^^^^^^^^
  12 | import { Disclaimer } from "@/components/disclaimer";
  13 |
  14 | export default function Home() {

Import map: aliased to relative './src/components/architecture-view' inside of [project]/

Import traces:
  Client Component Browser:
    ./src/app/page.tsx [Client Component Browser]
    ./src/app/page.tsx [Server Component]

  Client Component SSR:
    ./src/app/page.tsx [Client Component SSR]
    ./src/app/page.tsx [Server Component]

https://nextjs.org/docs/messages/module-not-found @ http://localhost:3000/_next/static/chunks/node_modules_next_dist_1ybzpk2._.js:3330
[  994158ms] [ERROR] ./src/app/page.tsx:11:1
Module not found: Can't resolve '@/components/architecture-view'
   9 | import { AgentWorkflow } from "@/components/agent-workflow";
  10 | import { AftermathResult } from "@/components/aftermath-result";
> 11 | import { ArchitectureView } from "@/components/architecture-view";
     | ^^^^^^^^^^^^^^^^^^^^^^^^^^^^^^^^^^^^^^^^^^^^^^^^^^^^^^^^^^^^^^^^^^
  12 | import { Disclaimer } from "@/components/disclaimer";
  13 |
  14 | export default function Home() {

Import map: aliased to relative './src/components/architecture-view' inside of [project]/

Import traces:
  Client Component Browser:
    ./src/app/page.tsx [Client Component Browser]
    ./src/app/page.tsx [Server Component]

  Client Component SSR:
    ./src/app/page.tsx [Client Component SSR]
    ./src/app/page.tsx [Server Component]

https://nextjs.org/docs/messages/module-not-found @ http://localhost:3000/_next/static/chunks/node_modules_next_dist_1ybzpk2._.js:3330
[  994273ms] [LOG] [Fast Refresh] rebuilding @ http://localhost:3000/_next/static/chunks/node_modules_next_dist_1ybzpk2._.js:2489
[  994970ms] [ERROR] ./src/app/page.tsx:11:1
Module not found: Can't resolve '@/components/architecture-view'
   9 | import { AgentWorkflow } from "@/components/agent-workflow";
  10 | import { AftermathResult } from "@/components/aftermath-result";
> 11 | import { ArchitectureView } from "@/components/architecture-view";
     | ^^^^^^^^^^^^^^^^^^^^^^^^^^^^^^^^^^^^^^^^^^^^^^^^^^^^^^^^^^^^^^^^^^
  12 | import { Disclaimer } from "@/components/disclaimer";
  13 |
  14 | export default function Home() {

Import map: aliased to relative './src/components/architecture-view' inside of [project]/

Import traces:
  Client Component Browser:
    ./src/app/page.tsx [Client Component Browser]
    ./src/app/page.tsx [Server Component]

  Client Component SSR:
    ./src/app/page.tsx [Client Component SSR]
    ./src/app/page.tsx [Server Component]

https://nextjs.org/docs/messages/module-not-found @ http://localhost:3000/_next/static/chunks/node_modules_next_dist_1ybzpk2._.js:3330
[  995059ms] [ERROR] ./src/app/page.tsx:11:1
Module not found: Can't resolve '@/components/architecture-view'
   9 | import { AgentWorkflow } from "@/components/agent-workflow";
  10 | import { AftermathResult } from "@/components/aftermath-result";
> 11 | import { ArchitectureView } from "@/components/architecture-view";
     | ^^^^^^^^^^^^^^^^^^^^^^^^^^^^^^^^^^^^^^^^^^^^^^^^^^^^^^^^^^^^^^^^^^
  12 | import { Disclaimer } from "@/components/disclaimer";
  13 |
  14 | export default function Home() {

Import map: aliased to relative './src/components/architecture-view' inside of [project]/

Import traces:
  Client Component Browser:
    ./src/app/page.tsx [Client Component Browser]
    ./src/app/page.tsx [Server Component]

  Client Component SSR:
    ./src/app/page.tsx [Client Component SSR]
    ./src/app/page.tsx [Server Component]

https://nextjs.org/docs/messages/module-not-found @ http://localhost:3000/_next/static/chunks/node_modules_next_dist_1ybzpk2._.js:3330
[  995165ms] [LOG] [Fast Refresh] rebuilding @ http://localhost:3000/_next/static/chunks/node_modules_next_dist_1ybzpk2._.js:2489
[  995868ms] [ERROR] ./src/app/page.tsx:11:1
Module not found: Can't resolve '@/components/architecture-view'
   9 | import { AgentWorkflow } from "@/components/agent-workflow";
  10 | import { AftermathResult } from "@/components/aftermath-result";
> 11 | import { ArchitectureView } from "@/components/architecture-view";
     | ^^^^^^^^^^^^^^^^^^^^^^^^^^^^^^^^^^^^^^^^^^^^^^^^^^^^^^^^^^^^^^^^^^
  12 | import { Disclaimer } from "@/components/disclaimer";
  13 |
  14 | export default function Home() {

Import map: aliased to relative './src/components/architecture-view' inside of [project]/

Import traces:
  Client Component Browser:
    ./src/app/page.tsx [Client Component Browser]
    ./src/app/page.tsx [Server Component]

  Client Component SSR:
    ./src/app/page.tsx [Client Component SSR]
    ./src/app/page.tsx [Server Component]

https://nextjs.org/docs/messages/module-not-found @ http://localhost:3000/_next/static/chunks/node_modules_next_dist_1ybzpk2._.js:3330
[  996112ms] [ERROR] ./src/app/page.tsx:11:1
Module not found: Can't resolve '@/components/architecture-view'
   9 | import { AgentWorkflow } from "@/components/agent-workflow";
  10 | import { AftermathResult } from "@/components/aftermath-result";
> 11 | import { ArchitectureView } from "@/components/architecture-view";
     | ^^^^^^^^^^^^^^^^^^^^^^^^^^^^^^^^^^^^^^^^^^^^^^^^^^^^^^^^^^^^^^^^^^
  12 | import { Disclaimer } from "@/components/disclaimer";
  13 |
  14 | export default function Home() {

Import map: aliased to relative './src/components/architecture-view' inside of [project]/

Import traces:
  Client Component Browser:
    ./src/app/page.tsx [Client Component Browser]
    ./src/app/page.tsx [Server Component]

  Client Component SSR:
    ./src/app/page.tsx [Client Component SSR]
    ./src/app/page.tsx [Server Component]

https://nextjs.org/docs/messages/module-not-found @ http://localhost:3000/_next/static/chunks/node_modules_next_dist_1ybzpk2._.js:3330
[  996114ms] [ERROR] Failed to load resource: the server responded with a status of 500 (Internal Server Error) @ http://localhost:3000/?_rsc=q3mOO9BClNZHexY7:0
[  996198ms] [ERROR] Failed to load resource: the server responded with a status of 500 (Internal Server Error) @ http://localhost:3000/?_rsc=q3mOO9BClNZHexY7:0
[  996235ms] [LOG] [Fast Refresh] rebuilding @ http://localhost:3000/_next/static/chunks/node_modules_next_dist_1ybzpk2._.js:2489
[  996250ms] [ERROR] Failed to load resource: the server responded with a status of 500 (Internal Server Error) @ http://localhost:3000/:0
[  996578ms] [INFO] %cDownload the React DevTools for a better development experience: https://react.dev/link/react-devtools font-weight:bold @ http://localhost:3000/_next/static/chunks/node_modules_react-dom_0kla17-._.js:15305
[  996696ms] Error: ./src/app/page.tsx:11:1
Module not found: Can't resolve '@/components/architecture-view'
   9 | import { AgentWorkflow } from "@/components/agent-workflow";
  10 | import { AftermathResult } from "@/components/aftermath-result";
> 11 | import { ArchitectureView } from "@/components/architecture-view";
     | ^^^^^^^^^^^^^^^^^^^^^^^^^^^^^^^^^^^^^^^^^^^^^^^^^^^^^^^^^^^^^^^^^^
  12 | import { Disclaimer } from "@/components/disclaimer";
  13 |
  14 | export default function Home() {

Import map: aliased to relative './src/components/architecture-view' inside of [project]/


Import traces:
  Client Component Browser:
    ./src/app/page.tsx [Client Component Browser]
    ./src/app/page.tsx [Server Component]

  Client Component SSR:
    ./src/app/page.tsx [Client Component SSR]
    ./src/app/page.tsx [Server Component]

https://nextjs.org/docs/messages/module-not-found


    at <unknown> (Error: ./src/app/page.tsx:11:1)
    at <unknown> (https://nextjs.org/docs/messages/module-not-found)
    at Object.getCompilationErrors (file://D:\code\aftermath\node_modules\next\dist\server\dev\hot-reloader-turbopack.js:1186:59)
    at DevBundlerService.getCompilationError (file://D:\code\aftermath\node_modules\next\dist\server\lib\dev-bundler-service.js:44:55)
    at DevServer.getCompilationError (file://D:\code\aftermath\node_modules\next\dist\server\dev\next-dev-server.js:720:42)
    at DevServer.findPageComponents (file://D:\code\aftermath\node_modules\next\dist\server\dev\next-dev-server.js:690:43)
    at async DevServer.renderErrorToResponseImpl (file://D:\code\aftermath\node_modules\next\dist\server\base-server.js:1753:26)
[  996692ms] [LOG] [HMR] connected @ http://localhost:3000/_next/static/chunks/node_modules_next_dist_1gdrd03._.js:1226
[  996700ms] [ERROR] ./src/app/page.tsx:11:1
Module not found: Can't resolve '@/components/architecture-view'
   9 | import { AgentWorkflow } from "@/components/agent-workflow";
  10 | import { AftermathResult } from "@/components/aftermath-result";
> 11 | import { ArchitectureView } from "@/components/architecture-view";
     | ^^^^^^^^^^^^^^^^^^^^^^^^^^^^^^^^^^^^^^^^^^^^^^^^^^^^^^^^^^^^^^^^^^
  12 | import { Disclaimer } from "@/components/disclaimer";
  13 |
  14 | export default function Home() {

Import map: aliased to relative './src/components/architecture-view' inside of [project]/

Import traces:
  Client Component Browser:
    ./src/app/page.tsx [Client Component Browser]
    ./src/app/page.tsx [Server Component]

  Client Component SSR:
    ./src/app/page.tsx [Client Component SSR]
    ./src/app/page.tsx [Server Component]

https://nextjs.org/docs/messages/module-not-found @ http://localhost:3000/_next/static/chunks/node_modules_next_dist_1gdrd03._.js:1945
[  996753ms] [ERROR] ./src/app/page.tsx:11:1
Module not found: Can't resolve '@/components/architecture-view'
   9 | import { AgentWorkflow } from "@/components/agent-workflow";
  10 | import { AftermathResult } from "@/components/aftermath-result";
> 11 | import { ArchitectureView } from "@/components/architecture-view";
     | ^^^^^^^^^^^^^^^^^^^^^^^^^^^^^^^^^^^^^^^^^^^^^^^^^^^^^^^^^^^^^^^^^^
  12 | import { Disclaimer } from "@/components/disclaimer";
  13 |
  14 | export default function Home() {

Import map: aliased to relative './src/components/architecture-view' inside of [project]/

Import traces:
  Client Component Browser:
    ./src/app/page.tsx [Client Component Browser]
    ./src/app/page.tsx [Server Component]

  Client Component SSR:
    ./src/app/page.tsx [Client Component SSR]
    ./src/app/page.tsx [Server Component]

https://nextjs.org/docs/messages/module-not-found @ http://localhost:3000/_next/static/chunks/node_modules_next_dist_1gdrd03._.js:1945
[  996816ms] [ERROR] ./src/app/page.tsx:11:1
Module not found: Can't resolve '@/components/architecture-view'
   9 | import { AgentWorkflow } from "@/components/agent-workflow";
  10 | import { AftermathResult } from "@/components/aftermath-result";
> 11 | import { ArchitectureView } from "@/components/architecture-view";
     | ^^^^^^^^^^^^^^^^^^^^^^^^^^^^^^^^^^^^^^^^^^^^^^^^^^^^^^^^^^^^^^^^^^
  12 | import { Disclaimer } from "@/components/disclaimer";
  13 |
  14 | export default function Home() {

Import map: aliased to relative './src/components/architecture-view' inside of [project]/

Import traces:
  Client Component Browser:
    ./src/app/page.tsx [Client Component Browser]
    ./src/app/page.tsx [Server Component]

  Client Component SSR:
    ./src/app/page.tsx [Client Component SSR]
    ./src/app/page.tsx [Server Component]

https://nextjs.org/docs/messages/module-not-found @ http://localhost:3000/_next/static/chunks/node_modules_next_dist_1gdrd03._.js:1945
[  996867ms] [ERROR] ./src/app/page.tsx:11:1
Module not found: Can't resolve '@/components/architecture-view'
   9 | import { AgentWorkflow } from "@/components/agent-workflow";
  10 | import { AftermathResult } from "@/components/aftermath-result";
> 11 | import { ArchitectureView } from "@/components/architecture-view";
     | ^^^^^^^^^^^^^^^^^^^^^^^^^^^^^^^^^^^^^^^^^^^^^^^^^^^^^^^^^^^^^^^^^^
  12 | import { Disclaimer } from "@/components/disclaimer";
  13 |
  14 | export default function Home() {

Import map: aliased to relative './src/components/architecture-view' inside of [project]/

Import traces:
  Client Component Browser:
    ./src/app/page.tsx [Client Component Browser]
    ./src/app/page.tsx [Server Component]

  Client Component SSR:
    ./src/app/page.tsx [Client Component SSR]
    ./src/app/page.tsx [Server Component]

https://nextjs.org/docs/messages/module-not-found @ http://localhost:3000/_next/static/chunks/node_modules_next_dist_1gdrd03._.js:1945
[  996923ms] [ERROR] ./src/app/page.tsx:11:1
Module not found: Can't resolve '@/components/architecture-view'
   9 | import { AgentWorkflow } from "@/components/agent-workflow";
  10 | import { AftermathResult } from "@/components/aftermath-result";
> 11 | import { ArchitectureView } from "@/components/architecture-view";
     | ^^^^^^^^^^^^^^^^^^^^^^^^^^^^^^^^^^^^^^^^^^^^^^^^^^^^^^^^^^^^^^^^^^
  12 | import { Disclaimer } from "@/components/disclaimer";
  13 |
  14 | export default function Home() {

Import map: aliased to relative './src/components/architecture-view' inside of [project]/

Import traces:
  Client Component Browser:
    ./src/app/page.tsx [Client Component Browser]
    ./src/app/page.tsx [Server Component]

  Client Component SSR:
    ./src/app/page.tsx [Client Component SSR]
    ./src/app/page.tsx [Server Component]

https://nextjs.org/docs/messages/module-not-found @ http://localhost:3000/_next/static/chunks/node_modules_next_dist_1gdrd03._.js:1945
[  996982ms] [ERROR] ./src/app/page.tsx:11:1
Module not found: Can't resolve '@/components/architecture-view'
   9 | import { AgentWorkflow } from "@/components/agent-workflow";
  10 | import { AftermathResult } from "@/components/aftermath-result";
> 11 | import { ArchitectureView } from "@/components/architecture-view";
     | ^^^^^^^^^^^^^^^^^^^^^^^^^^^^^^^^^^^^^^^^^^^^^^^^^^^^^^^^^^^^^^^^^^
  12 | import { Disclaimer } from "@/components/disclaimer";
  13 |
  14 | export default function Home() {

Import map: aliased to relative './src/components/architecture-view' inside of [project]/

Import traces:
  Client Component Browser:
    ./src/app/page.tsx [Client Component Browser]
    ./src/app/page.tsx [Server Component]

  Client Component SSR:
    ./src/app/page.tsx [Client Component SSR]
    ./src/app/page.tsx [Server Component]

https://nextjs.org/docs/messages/module-not-found @ http://localhost:3000/_next/static/chunks/node_modules_next_dist_1gdrd03._.js:1945
[  997055ms] [ERROR] ./src/app/page.tsx:11:1
Module not found: Can't resolve '@/components/architecture-view'
   9 | import { AgentWorkflow } from "@/components/agent-workflow";
  10 | import { AftermathResult } from "@/components/aftermath-result";
> 11 | import { ArchitectureView } from "@/components/architecture-view";
     | ^^^^^^^^^^^^^^^^^^^^^^^^^^^^^^^^^^^^^^^^^^^^^^^^^^^^^^^^^^^^^^^^^^
  12 | import { Disclaimer } from "@/components/disclaimer";
  13 |
  14 | export default function Home() {

Import map: aliased to relative './src/components/architecture-view' inside of [project]/

Import traces:
  Client Component Browser:
    ./src/app/page.tsx [Client Component Browser]
    ./src/app/page.tsx [Server Component]

  Client Component SSR:
    ./src/app/page.tsx [Client Component SSR]
    ./src/app/page.tsx [Server Component]

https://nextjs.org/docs/messages/module-not-found @ http://localhost:3000/_next/static/chunks/node_modules_next_dist_1gdrd03._.js:1945
[  997121ms] [ERROR] ./src/app/page.tsx:11:1
Module not found: Can't resolve '@/components/architecture-view'
   9 | import { AgentWorkflow } from "@/components/agent-workflow";
  10 | import { AftermathResult } from "@/components/aftermath-result";
> 11 | import { ArchitectureView } from "@/components/architecture-view";
     | ^^^^^^^^^^^^^^^^^^^^^^^^^^^^^^^^^^^^^^^^^^^^^^^^^^^^^^^^^^^^^^^^^^
  12 | import { Disclaimer } from "@/components/disclaimer";
  13 |
  14 | export default function Home() {

Import map: aliased to relative './src/components/architecture-view' inside of [project]/

Import traces:
  Client Component Browser:
    ./src/app/page.tsx [Client Component Browser]
    ./src/app/page.tsx [Server Component]

  Client Component SSR:
    ./src/app/page.tsx [Client Component SSR]
    ./src/app/page.tsx [Server Component]

https://nextjs.org/docs/messages/module-not-found @ http://localhost:3000/_next/static/chunks/node_modules_next_dist_1gdrd03._.js:1945
[  997188ms] [ERROR] ./src/app/page.tsx:11:1
Module not found: Can't resolve '@/components/architecture-view'
   9 | import { AgentWorkflow } from "@/components/agent-workflow";
  10 | import { AftermathResult } from "@/components/aftermath-result";
> 11 | import { ArchitectureView } from "@/components/architecture-view";
     | ^^^^^^^^^^^^^^^^^^^^^^^^^^^^^^^^^^^^^^^^^^^^^^^^^^^^^^^^^^^^^^^^^^
  12 | import { Disclaimer } from "@/components/disclaimer";
  13 |
  14 | export default function Home() {

Import map: aliased to relative './src/components/architecture-view' inside of [project]/

Import traces:
  Client Component Browser:
    ./src/app/page.tsx [Client Component Browser]
    ./src/app/page.tsx [Server Component]

  Client Component SSR:
    ./src/app/page.tsx [Client Component SSR]
    ./src/app/page.tsx [Server Component]

https://nextjs.org/docs/messages/module-not-found @ http://localhost:3000/_next/static/chunks/node_modules_next_dist_1gdrd03._.js:1945
[  997248ms] [ERROR] ./src/app/page.tsx:11:1
Module not found: Can't resolve '@/components/architecture-view'
   9 | import { AgentWorkflow } from "@/components/agent-workflow";
  10 | import { AftermathResult } from "@/components/aftermath-result";
> 11 | import { ArchitectureView } from "@/components/architecture-view";
     | ^^^^^^^^^^^^^^^^^^^^^^^^^^^^^^^^^^^^^^^^^^^^^^^^^^^^^^^^^^^^^^^^^^
  12 | import { Disclaimer } from "@/components/disclaimer";
  13 |
  14 | export default function Home() {

Import map: aliased to relative './src/components/architecture-view' inside of [project]/

Import traces:
  Client Component Browser:
    ./src/app/page.tsx [Client Component Browser]
    ./src/app/page.tsx [Server Component]

  Client Component SSR:
    ./src/app/page.tsx [Client Component SSR]
    ./src/app/page.tsx [Server Component]

https://nextjs.org/docs/messages/module-not-found @ http://localhost:3000/_next/static/chunks/node_modules_next_dist_1gdrd03._.js:1945
[  997304ms] [ERROR] ./src/app/page.tsx:11:1
Module not found: Can't resolve '@/components/architecture-view'
   9 | import { AgentWorkflow } from "@/components/agent-workflow";
  10 | import { AftermathResult } from "@/components/aftermath-result";
> 11 | import { ArchitectureView } from "@/components/architecture-view";
     | ^^^^^^^^^^^^^^^^^^^^^^^^^^^^^^^^^^^^^^^^^^^^^^^^^^^^^^^^^^^^^^^^^^
  12 | import { Disclaimer } from "@/components/disclaimer";
  13 |
  14 | export default function Home() {

Import map: aliased to relative './src/components/architecture-view' inside of [project]/

Import traces:
  Client Component Browser:
    ./src/app/page.tsx [Client Component Browser]
    ./src/app/page.tsx [Server Component]

  Client Component SSR:
    ./src/app/page.tsx [Client Component SSR]
    ./src/app/page.tsx [Server Component]

https://nextjs.org/docs/messages/module-not-found @ http://localhost:3000/_next/static/chunks/node_modules_next_dist_1gdrd03._.js:1945
[  997371ms] [ERROR] ./src/app/page.tsx:11:1
Module not found: Can't resolve '@/components/architecture-view'
   9 | import { AgentWorkflow } from "@/components/agent-workflow";
  10 | import { AftermathResult } from "@/components/aftermath-result";
> 11 | import { ArchitectureView } from "@/components/architecture-view";
     | ^^^^^^^^^^^^^^^^^^^^^^^^^^^^^^^^^^^^^^^^^^^^^^^^^^^^^^^^^^^^^^^^^^
  12 | import { Disclaimer } from "@/components/disclaimer";
  13 |
  14 | export default function Home() {

Import map: aliased to relative './src/components/architecture-view' inside of [project]/

Import traces:
  Client Component Browser:
    ./src/app/page.tsx [Client Component Browser]
    ./src/app/page.tsx [Server Component]

  Client Component SSR:
    ./src/app/page.tsx [Client Component SSR]
    ./src/app/page.tsx [Server Component]

https://nextjs.org/docs/messages/module-not-found @ http://localhost:3000/_next/static/chunks/node_modules_next_dist_1gdrd03._.js:1945
[  997420ms] [ERROR] ./src/app/page.tsx:11:1
Module not found: Can't resolve '@/components/architecture-view'
   9 | import { AgentWorkflow } from "@/components/agent-workflow";
  10 | import { AftermathResult } from "@/components/aftermath-result";
> 11 | import { ArchitectureView } from "@/components/architecture-view";
     | ^^^^^^^^^^^^^^^^^^^^^^^^^^^^^^^^^^^^^^^^^^^^^^^^^^^^^^^^^^^^^^^^^^
  12 | import { Disclaimer } from "@/components/disclaimer";
  13 |
  14 | export default function Home() {

Import map: aliased to relative './src/components/architecture-view' inside of [project]/

Import traces:
  Client Component Browser:
    ./src/app/page.tsx [Client Component Browser]
    ./src/app/page.tsx [Server Component]

  Client Component SSR:
    ./src/app/page.tsx [Client Component SSR]
    ./src/app/page.tsx [Server Component]

https://nextjs.org/docs/messages/module-not-found @ http://localhost:3000/_next/static/chunks/node_modules_next_dist_1gdrd03._.js:1945
[  997471ms] [ERROR] ./src/app/page.tsx:11:1
Module not found: Can't resolve '@/components/architecture-view'
   9 | import { AgentWorkflow } from "@/components/agent-workflow";
  10 | import { AftermathResult } from "@/components/aftermath-result";
> 11 | import { ArchitectureView } from "@/components/architecture-view";
     | ^^^^^^^^^^^^^^^^^^^^^^^^^^^^^^^^^^^^^^^^^^^^^^^^^^^^^^^^^^^^^^^^^^
  12 | import { Disclaimer } from "@/components/disclaimer";
  13 |
  14 | export default function Home() {

Import map: aliased to relative './src/components/architecture-view' inside of [project]/

Import traces:
  Client Component Browser:
    ./src/app/page.tsx [Client Component Browser]
    ./src/app/page.tsx [Server Component]

  Client Component SSR:
    ./src/app/page.tsx [Client Component SSR]
    ./src/app/page.tsx [Server Component]

https://nextjs.org/docs/messages/module-not-found @ http://localhost:3000/_next/static/chunks/node_modules_next_dist_1gdrd03._.js:1945
[  997537ms] [ERROR] ./src/app/page.tsx:11:1
Module not found: Can't resolve '@/components/architecture-view'
   9 | import { AgentWorkflow } from "@/components/agent-workflow";
  10 | import { AftermathResult } from "@/components/aftermath-result";
> 11 | import { ArchitectureView } from "@/components/architecture-view";
     | ^^^^^^^^^^^^^^^^^^^^^^^^^^^^^^^^^^^^^^^^^^^^^^^^^^^^^^^^^^^^^^^^^^
  12 | import { Disclaimer } from "@/components/disclaimer";
  13 |
  14 | export default function Home() {

Import map: aliased to relative './src/components/architecture-view' inside of [project]/

Import traces:
  Client Component Browser:
    ./src/app/page.tsx [Client Component Browser]
    ./src/app/page.tsx [Server Component]

  Client Component SSR:
    ./src/app/page.tsx [Client Component SSR]
    ./src/app/page.tsx [Server Component]

https://nextjs.org/docs/messages/module-not-found @ http://localhost:3000/_next/static/chunks/node_modules_next_dist_1gdrd03._.js:1945
[  997602ms] [ERROR] ./src/app/page.tsx:11:1
Module not found: Can't resolve '@/components/architecture-view'
   9 | import { AgentWorkflow } from "@/components/agent-workflow";
  10 | import { AftermathResult } from "@/components/aftermath-result";
> 11 | import { ArchitectureView } from "@/components/architecture-view";
     | ^^^^^^^^^^^^^^^^^^^^^^^^^^^^^^^^^^^^^^^^^^^^^^^^^^^^^^^^^^^^^^^^^^
  12 | import { Disclaimer } from "@/components/disclaimer";
  13 |
  14 | export default function Home() {

Import map: aliased to relative './src/components/architecture-view' inside of [project]/

Import traces:
  Client Component Browser:
    ./src/app/page.tsx [Client Component Browser]
    ./src/app/page.tsx [Server Component]

  Client Component SSR:
    ./src/app/page.tsx [Client Component SSR]
    ./src/app/page.tsx [Server Component]

https://nextjs.org/docs/messages/module-not-found @ http://localhost:3000/_next/static/chunks/node_modules_next_dist_1gdrd03._.js:1945
[  997663ms] [ERROR] ./src/app/page.tsx:11:1
Module not found: Can't resolve '@/components/architecture-view'
   9 | import { AgentWorkflow } from "@/components/agent-workflow";
  10 | import { AftermathResult } from "@/components/aftermath-result";
> 11 | import { ArchitectureView } from "@/components/architecture-view";
     | ^^^^^^^^^^^^^^^^^^^^^^^^^^^^^^^^^^^^^^^^^^^^^^^^^^^^^^^^^^^^^^^^^^
  12 | import { Disclaimer } from "@/components/disclaimer";
  13 |
  14 | export default function Home() {

Import map: aliased to relative './src/components/architecture-view' inside of [project]/

Import traces:
  Client Component Browser:
    ./src/app/page.tsx [Client Component Browser]
    ./src/app/page.tsx [Server Component]

  Client Component SSR:
    ./src/app/page.tsx [Client Component SSR]
    ./src/app/page.tsx [Server Component]

https://nextjs.org/docs/messages/module-not-found @ http://localhost:3000/_next/static/chunks/node_modules_next_dist_1gdrd03._.js:1945
[  997712ms] [ERROR] ./src/app/page.tsx:11:1
Module not found: Can't resolve '@/components/architecture-view'
   9 | import { AgentWorkflow } from "@/components/agent-workflow";
  10 | import { AftermathResult } from "@/components/aftermath-result";
> 11 | import { ArchitectureView } from "@/components/architecture-view";
     | ^^^^^^^^^^^^^^^^^^^^^^^^^^^^^^^^^^^^^^^^^^^^^^^^^^^^^^^^^^^^^^^^^^
  12 | import { Disclaimer } from "@/components/disclaimer";
  13 |
  14 | export default function Home() {

Import map: aliased to relative './src/components/architecture-view' inside of [project]/

Import traces:
  Client Component Browser:
    ./src/app/page.tsx [Client Component Browser]
    ./src/app/page.tsx [Server Component]

  Client Component SSR:
    ./src/app/page.tsx [Client Component SSR]
    ./src/app/page.tsx [Server Component]

https://nextjs.org/docs/messages/module-not-found @ http://localhost:3000/_next/static/chunks/node_modules_next_dist_1gdrd03._.js:1945
[  997771ms] [ERROR] ./src/app/page.tsx:11:1
Module not found: Can't resolve '@/components/architecture-view'
   9 | import { AgentWorkflow } from "@/components/agent-workflow";
  10 | import { AftermathResult } from "@/components/aftermath-result";
> 11 | import { ArchitectureView } from "@/components/architecture-view";
     | ^^^^^^^^^^^^^^^^^^^^^^^^^^^^^^^^^^^^^^^^^^^^^^^^^^^^^^^^^^^^^^^^^^
  12 | import { Disclaimer } from "@/components/disclaimer";
  13 |
  14 | export default function Home() {

Import map: aliased to relative './src/components/architecture-view' inside of [project]/

Import traces:
  Client Component Browser:
    ./src/app/page.tsx [Client Component Browser]
    ./src/app/page.tsx [Server Component]

  Client Component SSR:
    ./src/app/page.tsx [Client Component SSR]
    ./src/app/page.tsx [Server Component]

https://nextjs.org/docs/messages/module-not-found @ http://localhost:3000/_next/static/chunks/node_modules_next_dist_1gdrd03._.js:1945
[  997835ms] [ERROR] ./src/app/page.tsx:11:1
Module not found: Can't resolve '@/components/architecture-view'
   9 | import { AgentWorkflow } from "@/components/agent-workflow";
  10 | import { AftermathResult } from "@/components/aftermath-result";
> 11 | import { ArchitectureView } from "@/components/architecture-view";
     | ^^^^^^^^^^^^^^^^^^^^^^^^^^^^^^^^^^^^^^^^^^^^^^^^^^^^^^^^^^^^^^^^^^
  12 | import { Disclaimer } from "@/components/disclaimer";
  13 |
  14 | export default function Home() {

Import map: aliased to relative './src/components/architecture-view' inside of [project]/

Import traces:
  Client Component Browser:
    ./src/app/page.tsx [Client Component Browser]
    ./src/app/page.tsx [Server Component]

  Client Component SSR:
    ./src/app/page.tsx [Client Component SSR]
    ./src/app/page.tsx [Server Component]

https://nextjs.org/docs/messages/module-not-found @ http://localhost:3000/_next/static/chunks/node_modules_next_dist_1gdrd03._.js:1945
[  997887ms] [ERROR] ./src/app/page.tsx:11:1
Module not found: Can't resolve '@/components/architecture-view'
   9 | import { AgentWorkflow } from "@/components/agent-workflow";
  10 | import { AftermathResult } from "@/components/aftermath-result";
> 11 | import { ArchitectureView } from "@/components/architecture-view";
     | ^^^^^^^^^^^^^^^^^^^^^^^^^^^^^^^^^^^^^^^^^^^^^^^^^^^^^^^^^^^^^^^^^^
  12 | import { Disclaimer } from "@/components/disclaimer";
  13 |
  14 | export default function Home() {

Import map: aliased to relative './src/components/architecture-view' inside of [project]/

Import traces:
  Client Component Browser:
    ./src/app/page.tsx [Client Component Browser]
    ./src/app/page.tsx [Server Component]

  Client Component SSR:
    ./src/app/page.tsx [Client Component SSR]
    ./src/app/page.tsx [Server Component]

https://nextjs.org/docs/messages/module-not-found @ http://localhost:3000/_next/static/chunks/node_modules_next_dist_1gdrd03._.js:1945
[  997936ms] [ERROR] ./src/app/page.tsx:11:1
Module not found: Can't resolve '@/components/architecture-view'
   9 | import { AgentWorkflow } from "@/components/agent-workflow";
  10 | import { AftermathResult } from "@/components/aftermath-result";
> 11 | import { ArchitectureView } from "@/components/architecture-view";
     | ^^^^^^^^^^^^^^^^^^^^^^^^^^^^^^^^^^^^^^^^^^^^^^^^^^^^^^^^^^^^^^^^^^
  12 | import { Disclaimer } from "@/components/disclaimer";
  13 |
  14 | export default function Home() {

Import map: aliased to relative './src/components/architecture-view' inside of [project]/

Import traces:
  Client Component Browser:
    ./src/app/page.tsx [Client Component Browser]
    ./src/app/page.tsx [Server Component]

  Client Component SSR:
    ./src/app/page.tsx [Client Component SSR]
    ./src/app/page.tsx [Server Component]

https://nextjs.org/docs/messages/module-not-found @ http://localhost:3000/_next/static/chunks/node_modules_next_dist_1gdrd03._.js:1945
[  998002ms] [ERROR] ./src/app/page.tsx:11:1
Module not found: Can't resolve '@/components/architecture-view'
   9 | import { AgentWorkflow } from "@/components/agent-workflow";
  10 | import { AftermathResult } from "@/components/aftermath-result";
> 11 | import { ArchitectureView } from "@/components/architecture-view";
     | ^^^^^^^^^^^^^^^^^^^^^^^^^^^^^^^^^^^^^^^^^^^^^^^^^^^^^^^^^^^^^^^^^^
  12 | import { Disclaimer } from "@/components/disclaimer";
  13 |
  14 | export default function Home() {

Import map: aliased to relative './src/components/architecture-view' inside of [project]/

Import traces:
  Client Component Browser:
    ./src/app/page.tsx [Client Component Browser]
    ./src/app/page.tsx [Server Component]

  Client Component SSR:
    ./src/app/page.tsx [Client Component SSR]
    ./src/app/page.tsx [Server Component]

https://nextjs.org/docs/messages/module-not-found @ http://localhost:3000/_next/static/chunks/node_modules_next_dist_1gdrd03._.js:1945
[  998071ms] [ERROR] ./src/app/page.tsx:11:1
Module not found: Can't resolve '@/components/architecture-view'
   9 | import { AgentWorkflow } from "@/components/agent-workflow";
  10 | import { AftermathResult } from "@/components/aftermath-result";
> 11 | import { ArchitectureView } from "@/components/architecture-view";
     | ^^^^^^^^^^^^^^^^^^^^^^^^^^^^^^^^^^^^^^^^^^^^^^^^^^^^^^^^^^^^^^^^^^
  12 | import { Disclaimer } from "@/components/disclaimer";
  13 |
  14 | export default function Home() {

Import map: aliased to relative './src/components/architecture-view' inside of [project]/

Import traces:
  Client Component Browser:
    ./src/app/page.tsx [Client Component Browser]
    ./src/app/page.tsx [Server Component]

  Client Component SSR:
    ./src/app/page.tsx [Client Component SSR]
    ./src/app/page.tsx [Server Component]

https://nextjs.org/docs/messages/module-not-found @ http://localhost:3000/_next/static/chunks/node_modules_next_dist_1gdrd03._.js:1945
[  998138ms] [ERROR] ./src/app/page.tsx:11:1
Module not found: Can't resolve '@/components/architecture-view'
   9 | import { AgentWorkflow } from "@/components/agent-workflow";
  10 | import { AftermathResult } from "@/components/aftermath-result";
> 11 | import { ArchitectureView } from "@/components/architecture-view";
     | ^^^^^^^^^^^^^^^^^^^^^^^^^^^^^^^^^^^^^^^^^^^^^^^^^^^^^^^^^^^^^^^^^^
  12 | import { Disclaimer } from "@/components/disclaimer";
  13 |
  14 | export default function Home() {

Import map: aliased to relative './src/components/architecture-view' inside of [project]/

Import traces:
  Client Component Browser:
    ./src/app/page.tsx [Client Component Browser]
    ./src/app/page.tsx [Server Component]

  Client Component SSR:
    ./src/app/page.tsx [Client Component SSR]
    ./src/app/page.tsx [Server Component]

https://nextjs.org/docs/messages/module-not-found @ http://localhost:3000/_next/static/chunks/node_modules_next_dist_1gdrd03._.js:1945
[  998204ms] [ERROR] ./src/app/page.tsx:11:1
Module not found: Can't resolve '@/components/architecture-view'
   9 | import { AgentWorkflow } from "@/components/agent-workflow";
  10 | import { AftermathResult } from "@/components/aftermath-result";
> 11 | import { ArchitectureView } from "@/components/architecture-view";
     | ^^^^^^^^^^^^^^^^^^^^^^^^^^^^^^^^^^^^^^^^^^^^^^^^^^^^^^^^^^^^^^^^^^
  12 | import { Disclaimer } from "@/components/disclaimer";
  13 |
  14 | export default function Home() {

Import map: aliased to relative './src/components/architecture-view' inside of [project]/

Import traces:
  Client Component Browser:
    ./src/app/page.tsx [Client Component Browser]
    ./src/app/page.tsx [Server Component]

  Client Component SSR:
    ./src/app/page.tsx [Client Component SSR]
    ./src/app/page.tsx [Server Component]

https://nextjs.org/docs/messages/module-not-found @ http://localhost:3000/_next/static/chunks/node_modules_next_dist_1gdrd03._.js:1945
[  998271ms] [ERROR] ./src/app/page.tsx:11:1
Module not found: Can't resolve '@/components/architecture-view'
   9 | import { AgentWorkflow } from "@/components/agent-workflow";
  10 | import { AftermathResult } from "@/components/aftermath-result";
> 11 | import { ArchitectureView } from "@/components/architecture-view";
     | ^^^^^^^^^^^^^^^^^^^^^^^^^^^^^^^^^^^^^^^^^^^^^^^^^^^^^^^^^^^^^^^^^^
  12 | import { Disclaimer } from "@/components/disclaimer";
  13 |
  14 | export default function Home() {

Import map: aliased to relative './src/components/architecture-view' inside of [project]/

Import traces:
  Client Component Browser:
    ./src/app/page.tsx [Client Component Browser]
    ./src/app/page.tsx [Server Component]

  Client Component SSR:
    ./src/app/page.tsx [Client Component SSR]
    ./src/app/page.tsx [Server Component]

https://nextjs.org/docs/messages/module-not-found @ http://localhost:3000/_next/static/chunks/node_modules_next_dist_1gdrd03._.js:1945
[  998329ms] [ERROR] ./src/app/page.tsx:11:1
Module not found: Can't resolve '@/components/architecture-view'
   9 | import { AgentWorkflow } from "@/components/agent-workflow";
  10 | import { AftermathResult } from "@/components/aftermath-result";
> 11 | import { ArchitectureView } from "@/components/architecture-view";
     | ^^^^^^^^^^^^^^^^^^^^^^^^^^^^^^^^^^^^^^^^^^^^^^^^^^^^^^^^^^^^^^^^^^
  12 | import { Disclaimer } from "@/components/disclaimer";
  13 |
  14 | export default function Home() {

Import map: aliased to relative './src/components/architecture-view' inside of [project]/

Import traces:
  Client Component Browser:
    ./src/app/page.tsx [Client Component Browser]
    ./src/app/page.tsx [Server Component]

  Client Component SSR:
    ./src/app/page.tsx [Client Component SSR]
    ./src/app/page.tsx [Server Component]

https://nextjs.org/docs/messages/module-not-found @ http://localhost:3000/_next/static/chunks/node_modules_next_dist_1gdrd03._.js:1945
[  998385ms] [ERROR] ./src/app/page.tsx:11:1
Module not found: Can't resolve '@/components/architecture-view'
   9 | import { AgentWorkflow } from "@/components/agent-workflow";
  10 | import { AftermathResult } from "@/components/aftermath-result";
> 11 | import { ArchitectureView } from "@/components/architecture-view";
     | ^^^^^^^^^^^^^^^^^^^^^^^^^^^^^^^^^^^^^^^^^^^^^^^^^^^^^^^^^^^^^^^^^^
  12 | import { Disclaimer } from "@/components/disclaimer";
  13 |
  14 | export default function Home() {

Import map: aliased to relative './src/components/architecture-view' inside of [project]/

Import traces:
  Client Component Browser:
    ./src/app/page.tsx [Client Component Browser]
    ./src/app/page.tsx [Server Component]

  Client Component SSR:
    ./src/app/page.tsx [Client Component SSR]
    ./src/app/page.tsx [Server Component]

https://nextjs.org/docs/messages/module-not-found @ http://localhost:3000/_next/static/chunks/node_modules_next_dist_1gdrd03._.js:1945
[  998440ms] [ERROR] ./src/app/page.tsx:11:1
Module not found: Can't resolve '@/components/architecture-view'
   9 | import { AgentWorkflow } from "@/components/agent-workflow";
  10 | import { AftermathResult } from "@/components/aftermath-result";
> 11 | import { ArchitectureView } from "@/components/architecture-view";
     | ^^^^^^^^^^^^^^^^^^^^^^^^^^^^^^^^^^^^^^^^^^^^^^^^^^^^^^^^^^^^^^^^^^
  12 | import { Disclaimer } from "@/components/disclaimer";
  13 |
  14 | export default function Home() {

Import map: aliased to relative './src/components/architecture-view' inside of [project]/

Import traces:
  Client Component Browser:
    ./src/app/page.tsx [Client Component Browser]
    ./src/app/page.tsx [Server Component]

  Client Component SSR:
    ./src/app/page.tsx [Client Component SSR]
    ./src/app/page.tsx [Server Component]

https://nextjs.org/docs/messages/module-not-found @ http://localhost:3000/_next/static/chunks/node_modules_next_dist_1gdrd03._.js:1945
[  998497ms] [ERROR] ./src/app/page.tsx:11:1
Module not found: Can't resolve '@/components/architecture-view'
   9 | import { AgentWorkflow } from "@/components/agent-workflow";
  10 | import { AftermathResult } from "@/components/aftermath-result";
> 11 | import { ArchitectureView } from "@/components/architecture-view";
     | ^^^^^^^^^^^^^^^^^^^^^^^^^^^^^^^^^^^^^^^^^^^^^^^^^^^^^^^^^^^^^^^^^^
  12 | import { Disclaimer } from "@/components/disclaimer";
  13 |
  14 | export default function Home() {

Import map: aliased to relative './src/components/architecture-view' inside of [project]/

Import traces:
  Client Component Browser:
    ./src/app/page.tsx [Client Component Browser]
    ./src/app/page.tsx [Server Component]

  Client Component SSR:
    ./src/app/page.tsx [Client Component SSR]
    ./src/app/page.tsx [Server Component]

https://nextjs.org/docs/messages/module-not-found @ http://localhost:3000/_next/static/chunks/node_modules_next_dist_1gdrd03._.js:1945
[  998552ms] [ERROR] ./src/app/page.tsx:11:1
Module not found: Can't resolve '@/components/architecture-view'
   9 | import { AgentWorkflow } from "@/components/agent-workflow";
  10 | import { AftermathResult } from "@/components/aftermath-result";
> 11 | import { ArchitectureView } from "@/components/architecture-view";
     | ^^^^^^^^^^^^^^^^^^^^^^^^^^^^^^^^^^^^^^^^^^^^^^^^^^^^^^^^^^^^^^^^^^
  12 | import { Disclaimer } from "@/components/disclaimer";
  13 |
  14 | export default function Home() {

Import map: aliased to relative './src/components/architecture-view' inside of [project]/

Import traces:
  Client Component Browser:
    ./src/app/page.tsx [Client Component Browser]
    ./src/app/page.tsx [Server Component]

  Client Component SSR:
    ./src/app/page.tsx [Client Component SSR]
    ./src/app/page.tsx [Server Component]

https://nextjs.org/docs/messages/module-not-found @ http://localhost:3000/_next/static/chunks/node_modules_next_dist_1gdrd03._.js:1945
[  998603ms] [ERROR] ./src/app/page.tsx:11:1
Module not found: Can't resolve '@/components/architecture-view'
   9 | import { AgentWorkflow } from "@/components/agent-workflow";
  10 | import { AftermathResult } from "@/components/aftermath-result";
> 11 | import { ArchitectureView } from "@/components/architecture-view";
     | ^^^^^^^^^^^^^^^^^^^^^^^^^^^^^^^^^^^^^^^^^^^^^^^^^^^^^^^^^^^^^^^^^^
  12 | import { Disclaimer } from "@/components/disclaimer";
  13 |
  14 | export default function Home() {

Import map: aliased to relative './src/components/architecture-view' inside of [project]/

Import traces:
  Client Component Browser:
    ./src/app/page.tsx [Client Component Browser]
    ./src/app/page.tsx [Server Component]

  Client Component SSR:
    ./src/app/page.tsx [Client Component SSR]
    ./src/app/page.tsx [Server Component]

https://nextjs.org/docs/messages/module-not-found @ http://localhost:3000/_next/static/chunks/node_modules_next_dist_1gdrd03._.js:1945
[  998653ms] [ERROR] ./src/app/page.tsx:11:1
Module not found: Can't resolve '@/components/architecture-view'
   9 | import { AgentWorkflow } from "@/components/agent-workflow";
  10 | import { AftermathResult } from "@/components/aftermath-result";
> 11 | import { ArchitectureView } from "@/components/architecture-view";
     | ^^^^^^^^^^^^^^^^^^^^^^^^^^^^^^^^^^^^^^^^^^^^^^^^^^^^^^^^^^^^^^^^^^
  12 | import { Disclaimer } from "@/components/disclaimer";
  13 |
  14 | export default function Home() {

Import map: aliased to relative './src/components/architecture-view' inside of [project]/

Import traces:
  Client Component Browser:
    ./src/app/page.tsx [Client Component Browser]
    ./src/app/page.tsx [Server Component]

  Client Component SSR:
    ./src/app/page.tsx [Client Component SSR]
    ./src/app/page.tsx [Server Component]

https://nextjs.org/docs/messages/module-not-found @ http://localhost:3000/_next/static/chunks/node_modules_next_dist_1gdrd03._.js:1945
[  998708ms] [ERROR] ./src/app/page.tsx:11:1
Module not found: Can't resolve '@/components/architecture-view'
   9 | import { AgentWorkflow } from "@/components/agent-workflow";
  10 | import { AftermathResult } from "@/components/aftermath-result";
> 11 | import { ArchitectureView } from "@/components/architecture-view";
     | ^^^^^^^^^^^^^^^^^^^^^^^^^^^^^^^^^^^^^^^^^^^^^^^^^^^^^^^^^^^^^^^^^^
  12 | import { Disclaimer } from "@/components/disclaimer";
  13 |
  14 | export default function Home() {

Import map: aliased to relative './src/components/architecture-view' inside of [project]/

Import traces:
  Client Component Browser:
    ./src/app/page.tsx [Client Component Browser]
    ./src/app/page.tsx [Server Component]

  Client Component SSR:
    ./src/app/page.tsx [Client Component SSR]
    ./src/app/page.tsx [Server Component]

https://nextjs.org/docs/messages/module-not-found @ http://localhost:3000/_next/static/chunks/node_modules_next_dist_1gdrd03._.js:1945
[  998762ms] [ERROR] ./src/app/page.tsx:11:1
Module not found: Can't resolve '@/components/architecture-view'
   9 | import { AgentWorkflow } from "@/components/agent-workflow";
  10 | import { AftermathResult } from "@/components/aftermath-result";
> 11 | import { ArchitectureView } from "@/components/architecture-view";
     | ^^^^^^^^^^^^^^^^^^^^^^^^^^^^^^^^^^^^^^^^^^^^^^^^^^^^^^^^^^^^^^^^^^
  12 | import { Disclaimer } from "@/components/disclaimer";
  13 |
  14 | export default function Home() {

Import map: aliased to relative './src/components/architecture-view' inside of [project]/

Import traces:
  Client Component Browser:
    ./src/app/page.tsx [Client Component Browser]
    ./src/app/page.tsx [Server Component]

  Client Component SSR:
    ./src/app/page.tsx [Client Component SSR]
    ./src/app/page.tsx [Server Component]

https://nextjs.org/docs/messages/module-not-found @ http://localhost:3000/_next/static/chunks/node_modules_next_dist_1gdrd03._.js:1945
[  998827ms] [ERROR] ./src/app/page.tsx:11:1
Module not found: Can't resolve '@/components/architecture-view'
   9 | import { AgentWorkflow } from "@/components/agent-workflow";
  10 | import { AftermathResult } from "@/components/aftermath-result";
> 11 | import { ArchitectureView } from "@/components/architecture-view";
     | ^^^^^^^^^^^^^^^^^^^^^^^^^^^^^^^^^^^^^^^^^^^^^^^^^^^^^^^^^^^^^^^^^^
  12 | import { Disclaimer } from "@/components/disclaimer";
  13 |
  14 | export default function Home() {

Import map: aliased to relative './src/components/architecture-view' inside of [project]/

Import traces:
  Client Component Browser:
    ./src/app/page.tsx [Client Component Browser]
    ./src/app/page.tsx [Server Component]

  Client Component SSR:
    ./src/app/page.tsx [Client Component SSR]
    ./src/app/page.tsx [Server Component]

https://nextjs.org/docs/messages/module-not-found @ http://localhost:3000/_next/static/chunks/node_modules_next_dist_1gdrd03._.js:1945
[  998884ms] [ERROR] ./src/app/page.tsx:11:1
Module not found: Can't resolve '@/components/architecture-view'
   9 | import { AgentWorkflow } from "@/components/agent-workflow";
  10 | import { AftermathResult } from "@/components/aftermath-result";
> 11 | import { ArchitectureView } from "@/components/architecture-view";
     | ^^^^^^^^^^^^^^^^^^^^^^^^^^^^^^^^^^^^^^^^^^^^^^^^^^^^^^^^^^^^^^^^^^
  12 | import { Disclaimer } from "@/components/disclaimer";
  13 |
  14 | export default function Home() {

Import map: aliased to relative './src/components/architecture-view' inside of [project]/

Import traces:
  Client Component Browser:
    ./src/app/page.tsx [Client Component Browser]
    ./src/app/page.tsx [Server Component]

  Client Component SSR:
    ./src/app/page.tsx [Client Component SSR]
    ./src/app/page.tsx [Server Component]

https://nextjs.org/docs/messages/module-not-found @ http://localhost:3000/_next/static/chunks/node_modules_next_dist_1gdrd03._.js:1945
[  998943ms] [ERROR] ./src/app/page.tsx:11:1
Module not found: Can't resolve '@/components/architecture-view'
   9 | import { AgentWorkflow } from "@/components/agent-workflow";
  10 | import { AftermathResult } from "@/components/aftermath-result";
> 11 | import { ArchitectureView } from "@/components/architecture-view";
     | ^^^^^^^^^^^^^^^^^^^^^^^^^^^^^^^^^^^^^^^^^^^^^^^^^^^^^^^^^^^^^^^^^^
  12 | import { Disclaimer } from "@/components/disclaimer";
  13 |
  14 | export default function Home() {

Import map: aliased to relative './src/components/architecture-view' inside of [project]/

Import traces:
  Client Component Browser:
    ./src/app/page.tsx [Client Component Browser]
    ./src/app/page.tsx [Server Component]

  Client Component SSR:
    ./src/app/page.tsx [Client Component SSR]
    ./src/app/page.tsx [Server Component]

https://nextjs.org/docs/messages/module-not-found @ http://localhost:3000/_next/static/chunks/node_modules_next_dist_1gdrd03._.js:1945
[  999000ms] [ERROR] ./src/app/page.tsx:11:1
Module not found: Can't resolve '@/components/architecture-view'
   9 | import { AgentWorkflow } from "@/components/agent-workflow";
  10 | import { AftermathResult } from "@/components/aftermath-result";
> 11 | import { ArchitectureView } from "@/components/architecture-view";
     | ^^^^^^^^^^^^^^^^^^^^^^^^^^^^^^^^^^^^^^^^^^^^^^^^^^^^^^^^^^^^^^^^^^
  12 | import { Disclaimer } from "@/components/disclaimer";
  13 |
  14 | export default function Home() {

Import map: aliased to relative './src/components/architecture-view' inside of [project]/

Import traces:
  Client Component Browser:
    ./src/app/page.tsx [Client Component Browser]
    ./src/app/page.tsx [Server Component]

  Client Component SSR:
    ./src/app/page.tsx [Client Component SSR]
    ./src/app/page.tsx [Server Component]

https://nextjs.org/docs/messages/module-not-found @ http://localhost:3000/_next/static/chunks/node_modules_next_dist_1gdrd03._.js:1945
[  999063ms] [ERROR] ./src/app/page.tsx:11:1
Module not found: Can't resolve '@/components/architecture-view'
   9 | import { AgentWorkflow } from "@/components/agent-workflow";
  10 | import { AftermathResult } from "@/components/aftermath-result";
> 11 | import { ArchitectureView } from "@/components/architecture-view";
     | ^^^^^^^^^^^^^^^^^^^^^^^^^^^^^^^^^^^^^^^^^^^^^^^^^^^^^^^^^^^^^^^^^^
  12 | import { Disclaimer } from "@/components/disclaimer";
  13 |
  14 | export default function Home() {

Import map: aliased to relative './src/components/architecture-view' inside of [project]/

Import traces:
  Client Component Browser:
    ./src/app/page.tsx [Client Component Browser]
    ./src/app/page.tsx [Server Component]

  Client Component SSR:
    ./src/app/page.tsx [Client Component SSR]
    ./src/app/page.tsx [Server Component]

https://nextjs.org/docs/messages/module-not-found @ http://localhost:3000/_next/static/chunks/node_modules_next_dist_1gdrd03._.js:1945
[  999124ms] [ERROR] ./src/app/page.tsx:11:1
Module not found: Can't resolve '@/components/architecture-view'
   9 | import { AgentWorkflow } from "@/components/agent-workflow";
  10 | import { AftermathResult } from "@/components/aftermath-result";
> 11 | import { ArchitectureView } from "@/components/architecture-view";
     | ^^^^^^^^^^^^^^^^^^^^^^^^^^^^^^^^^^^^^^^^^^^^^^^^^^^^^^^^^^^^^^^^^^
  12 | import { Disclaimer } from "@/components/disclaimer";
  13 |
  14 | export default function Home() {

Import map: aliased to relative './src/components/architecture-view' inside of [project]/

Import traces:
  Client Component Browser:
    ./src/app/page.tsx [Client Component Browser]
    ./src/app/page.tsx [Server Component]

  Client Component SSR:
    ./src/app/page.tsx [Client Component SSR]
    ./src/app/page.tsx [Server Component]

https://nextjs.org/docs/messages/module-not-found @ http://localhost:3000/_next/static/chunks/node_modules_next_dist_1gdrd03._.js:1945
[  999182ms] [ERROR] ./src/app/page.tsx:11:1
Module not found: Can't resolve '@/components/architecture-view'
   9 | import { AgentWorkflow } from "@/components/agent-workflow";
  10 | import { AftermathResult } from "@/components/aftermath-result";
> 11 | import { ArchitectureView } from "@/components/architecture-view";
     | ^^^^^^^^^^^^^^^^^^^^^^^^^^^^^^^^^^^^^^^^^^^^^^^^^^^^^^^^^^^^^^^^^^
  12 | import { Disclaimer } from "@/components/disclaimer";
  13 |
  14 | export default function Home() {

Import map: aliased to relative './src/components/architecture-view' inside of [project]/

Import traces:
  Client Component Browser:
    ./src/app/page.tsx [Client Component Browser]
    ./src/app/page.tsx [Server Component]

  Client Component SSR:
    ./src/app/page.tsx [Client Component SSR]
    ./src/app/page.tsx [Server Component]

https://nextjs.org/docs/messages/module-not-found @ http://localhost:3000/_next/static/chunks/node_modules_next_dist_1gdrd03._.js:1945
[  999235ms] [ERROR] ./src/app/page.tsx:11:1
Module not found: Can't resolve '@/components/architecture-view'
   9 | import { AgentWorkflow } from "@/components/agent-workflow";
  10 | import { AftermathResult } from "@/components/aftermath-result";
> 11 | import { ArchitectureView } from "@/components/architecture-view";
     | ^^^^^^^^^^^^^^^^^^^^^^^^^^^^^^^^^^^^^^^^^^^^^^^^^^^^^^^^^^^^^^^^^^
  12 | import { Disclaimer } from "@/components/disclaimer";
  13 |
  14 | export default function Home() {

Import map: aliased to relative './src/components/architecture-view' inside of [project]/

Import traces:
  Client Component Browser:
    ./src/app/page.tsx [Client Component Browser]
    ./src/app/page.tsx [Server Component]

  Client Component SSR:
    ./src/app/page.tsx [Client Component SSR]
    ./src/app/page.tsx [Server Component]

https://nextjs.org/docs/messages/module-not-found @ http://localhost:3000/_next/static/chunks/node_modules_next_dist_1gdrd03._.js:1945
[  999298ms] [ERROR] ./src/app/page.tsx:11:1
Module not found: Can't resolve '@/components/architecture-view'
   9 | import { AgentWorkflow } from "@/components/agent-workflow";
  10 | import { AftermathResult } from "@/components/aftermath-result";
> 11 | import { ArchitectureView } from "@/components/architecture-view";
     | ^^^^^^^^^^^^^^^^^^^^^^^^^^^^^^^^^^^^^^^^^^^^^^^^^^^^^^^^^^^^^^^^^^
  12 | import { Disclaimer } from "@/components/disclaimer";
  13 |
  14 | export default function Home() {

Import map: aliased to relative './src/components/architecture-view' inside of [project]/

Import traces:
  Client Component Browser:
    ./src/app/page.tsx [Client Component Browser]
    ./src/app/page.tsx [Server Component]

  Client Component SSR:
    ./src/app/page.tsx [Client Component SSR]
    ./src/app/page.tsx [Server Component]

https://nextjs.org/docs/messages/module-not-found @ http://localhost:3000/_next/static/chunks/node_modules_next_dist_1gdrd03._.js:1945
[  999347ms] [ERROR] ./src/app/page.tsx:11:1
Module not found: Can't resolve '@/components/architecture-view'
   9 | import { AgentWorkflow } from "@/components/agent-workflow";
  10 | import { AftermathResult } from "@/components/aftermath-result";
> 11 | import { ArchitectureView } from "@/components/architecture-view";
     | ^^^^^^^^^^^^^^^^^^^^^^^^^^^^^^^^^^^^^^^^^^^^^^^^^^^^^^^^^^^^^^^^^^
  12 | import { Disclaimer } from "@/components/disclaimer";
  13 |
  14 | export default function Home() {

Import map: aliased to relative './src/components/architecture-view' inside of [project]/

Import traces:
  Client Component Browser:
    ./src/app/page.tsx [Client Component Browser]
    ./src/app/page.tsx [Server Component]

  Client Component SSR:
    ./src/app/page.tsx [Client Component SSR]
    ./src/app/page.tsx [Server Component]

https://nextjs.org/docs/messages/module-not-found @ http://localhost:3000/_next/static/chunks/node_modules_next_dist_1gdrd03._.js:1945
[  999399ms] [ERROR] ./src/app/page.tsx:11:1
Module not found: Can't resolve '@/components/architecture-view'
   9 | import { AgentWorkflow } from "@/components/agent-workflow";
  10 | import { AftermathResult } from "@/components/aftermath-result";
> 11 | import { ArchitectureView } from "@/components/architecture-view";
     | ^^^^^^^^^^^^^^^^^^^^^^^^^^^^^^^^^^^^^^^^^^^^^^^^^^^^^^^^^^^^^^^^^^
  12 | import { Disclaimer } from "@/components/disclaimer";
  13 |
  14 | export default function Home() {

Import map: aliased to relative './src/components/architecture-view' inside of [project]/

Import traces:
  Client Component Browser:
    ./src/app/page.tsx [Client Component Browser]
    ./src/app/page.tsx [Server Component]

  Client Component SSR:
    ./src/app/page.tsx [Client Component SSR]
    ./src/app/page.tsx [Server Component]

https://nextjs.org/docs/messages/module-not-found @ http://localhost:3000/_next/static/chunks/node_modules_next_dist_1gdrd03._.js:1945
[  999455ms] [ERROR] ./src/app/page.tsx:11:1
Module not found: Can't resolve '@/components/architecture-view'
   9 | import { AgentWorkflow } from "@/components/agent-workflow";
  10 | import { AftermathResult } from "@/components/aftermath-result";
> 11 | import { ArchitectureView } from "@/components/architecture-view";
     | ^^^^^^^^^^^^^^^^^^^^^^^^^^^^^^^^^^^^^^^^^^^^^^^^^^^^^^^^^^^^^^^^^^
  12 | import { Disclaimer } from "@/components/disclaimer";
  13 |
  14 | export default function Home() {

Import map: aliased to relative './src/components/architecture-view' inside of [project]/

Import traces:
  Client Component Browser:
    ./src/app/page.tsx [Client Component Browser]
    ./src/app/page.tsx [Server Component]

  Client Component SSR:
    ./src/app/page.tsx [Client Component SSR]
    ./src/app/page.tsx [Server Component]

https://nextjs.org/docs/messages/module-not-found @ http://localhost:3000/_next/static/chunks/node_modules_next_dist_1gdrd03._.js:1945
[  999508ms] [ERROR] ./src/app/page.tsx:11:1
Module not found: Can't resolve '@/components/architecture-view'
   9 | import { AgentWorkflow } from "@/components/agent-workflow";
  10 | import { AftermathResult } from "@/components/aftermath-result";
> 11 | import { ArchitectureView } from "@/components/architecture-view";
     | ^^^^^^^^^^^^^^^^^^^^^^^^^^^^^^^^^^^^^^^^^^^^^^^^^^^^^^^^^^^^^^^^^^
  12 | import { Disclaimer } from "@/components/disclaimer";
  13 |
  14 | export default function Home() {

Import map: aliased to relative './src/components/architecture-view' inside of [project]/

Import traces:
  Client Component Browser:
    ./src/app/page.tsx [Client Component Browser]
    ./src/app/page.tsx [Server Component]

  Client Component SSR:
    ./src/app/page.tsx [Client Component SSR]
    ./src/app/page.tsx [Server Component]

https://nextjs.org/docs/messages/module-not-found @ http://localhost:3000/_next/static/chunks/node_modules_next_dist_1gdrd03._.js:1945
[  999581ms] [ERROR] ./src/app/page.tsx:11:1
Module not found: Can't resolve '@/components/architecture-view'
   9 | import { AgentWorkflow } from "@/components/agent-workflow";
  10 | import { AftermathResult } from "@/components/aftermath-result";
> 11 | import { ArchitectureView } from "@/components/architecture-view";
     | ^^^^^^^^^^^^^^^^^^^^^^^^^^^^^^^^^^^^^^^^^^^^^^^^^^^^^^^^^^^^^^^^^^
  12 | import { Disclaimer } from "@/components/disclaimer";
  13 |
  14 | export default function Home() {

Import map: aliased to relative './src/components/architecture-view' inside of [project]/

Import traces:
  Client Component Browser:
    ./src/app/page.tsx [Client Component Browser]
    ./src/app/page.tsx [Server Component]

  Client Component SSR:
    ./src/app/page.tsx [Client Component SSR]
    ./src/app/page.tsx [Server Component]

https://nextjs.org/docs/messages/module-not-found @ http://localhost:3000/_next/static/chunks/node_modules_next_dist_1gdrd03._.js:1945
[  999644ms] [ERROR] ./src/app/page.tsx:11:1
Module not found: Can't resolve '@/components/architecture-view'
   9 | import { AgentWorkflow } from "@/components/agent-workflow";
  10 | import { AftermathResult } from "@/components/aftermath-result";
> 11 | import { ArchitectureView } from "@/components/architecture-view";
     | ^^^^^^^^^^^^^^^^^^^^^^^^^^^^^^^^^^^^^^^^^^^^^^^^^^^^^^^^^^^^^^^^^^
  12 | import { Disclaimer } from "@/components/disclaimer";
  13 |
  14 | export default function Home() {

Import map: aliased to relative './src/components/architecture-view' inside of [project]/

Import traces:
  Client Component Browser:
    ./src/app/page.tsx [Client Component Browser]
    ./src/app/page.tsx [Server Component]

  Client Component SSR:
    ./src/app/page.tsx [Client Component SSR]
    ./src/app/page.tsx [Server Component]

https://nextjs.org/docs/messages/module-not-found @ http://localhost:3000/_next/static/chunks/node_modules_next_dist_1gdrd03._.js:1945
[  999703ms] [ERROR] ./src/app/page.tsx:11:1
Module not found: Can't resolve '@/components/architecture-view'
   9 | import { AgentWorkflow } from "@/components/agent-workflow";
  10 | import { AftermathResult } from "@/components/aftermath-result";
> 11 | import { ArchitectureView } from "@/components/architecture-view";
     | ^^^^^^^^^^^^^^^^^^^^^^^^^^^^^^^^^^^^^^^^^^^^^^^^^^^^^^^^^^^^^^^^^^
  12 | import { Disclaimer } from "@/components/disclaimer";
  13 |
  14 | export default function Home() {

Import map: aliased to relative './src/components/architecture-view' inside of [project]/

Import traces:
  Client Component Browser:
    ./src/app/page.tsx [Client Component Browser]
    ./src/app/page.tsx [Server Component]

  Client Component SSR:
    ./src/app/page.tsx [Client Component SSR]
    ./src/app/page.tsx [Server Component]

https://nextjs.org/docs/messages/module-not-found @ http://localhost:3000/_next/static/chunks/node_modules_next_dist_1gdrd03._.js:1945
[  999756ms] [ERROR] ./src/app/page.tsx:11:1
Module not found: Can't resolve '@/components/architecture-view'
   9 | import { AgentWorkflow } from "@/components/agent-workflow";
  10 | import { AftermathResult } from "@/components/aftermath-result";
> 11 | import { ArchitectureView } from "@/components/architecture-view";
     | ^^^^^^^^^^^^^^^^^^^^^^^^^^^^^^^^^^^^^^^^^^^^^^^^^^^^^^^^^^^^^^^^^^
  12 | import { Disclaimer } from "@/components/disclaimer";
  13 |
  14 | export default function Home() {

Import map: aliased to relative './src/components/architecture-view' inside of [project]/

Import traces:
  Client Component Browser:
    ./src/app/page.tsx [Client Component Browser]
    ./src/app/page.tsx [Server Component]

  Client Component SSR:
    ./src/app/page.tsx [Client Component SSR]
    ./src/app/page.tsx [Server Component]

https://nextjs.org/docs/messages/module-not-found @ http://localhost:3000/_next/static/chunks/node_modules_next_dist_1gdrd03._.js:1945
[  999810ms] [ERROR] ./src/app/page.tsx:11:1
Module not found: Can't resolve '@/components/architecture-view'
   9 | import { AgentWorkflow } from "@/components/agent-workflow";
  10 | import { AftermathResult } from "@/components/aftermath-result";
> 11 | import { ArchitectureView } from "@/components/architecture-view";
     | ^^^^^^^^^^^^^^^^^^^^^^^^^^^^^^^^^^^^^^^^^^^^^^^^^^^^^^^^^^^^^^^^^^
  12 | import { Disclaimer } from "@/components/disclaimer";
  13 |
  14 | export default function Home() {

Import map: aliased to relative './src/components/architecture-view' inside of [project]/

Import traces:
  Client Component Browser:
    ./src/app/page.tsx [Client Component Browser]
    ./src/app/page.tsx [Server Component]

  Client Component SSR:
    ./src/app/page.tsx [Client Component SSR]
    ./src/app/page.tsx [Server Component]

https://nextjs.org/docs/messages/module-not-found @ http://localhost:3000/_next/static/chunks/node_modules_next_dist_1gdrd03._.js:1945
[  999873ms] [ERROR] ./src/app/page.tsx:11:1
Module not found: Can't resolve '@/components/architecture-view'
   9 | import { AgentWorkflow } from "@/components/agent-workflow";
  10 | import { AftermathResult } from "@/components/aftermath-result";
> 11 | import { ArchitectureView } from "@/components/architecture-view";
     | ^^^^^^^^^^^^^^^^^^^^^^^^^^^^^^^^^^^^^^^^^^^^^^^^^^^^^^^^^^^^^^^^^^
  12 | import { Disclaimer } from "@/components/disclaimer";
  13 |
  14 | export default function Home() {

Import map: aliased to relative './src/components/architecture-view' inside of [project]/

Import traces:
  Client Component Browser:
    ./src/app/page.tsx [Client Component Browser]
    ./src/app/page.tsx [Server Component]

  Client Component SSR:
    ./src/app/page.tsx [Client Component SSR]
    ./src/app/page.tsx [Server Component]

https://nextjs.org/docs/messages/module-not-found @ http://localhost:3000/_next/static/chunks/node_modules_next_dist_1gdrd03._.js:1945
[  999933ms] [ERROR] ./src/app/page.tsx:11:1
Module not found: Can't resolve '@/components/architecture-view'
   9 | import { AgentWorkflow } from "@/components/agent-workflow";
  10 | import { AftermathResult } from "@/components/aftermath-result";
> 11 | import { ArchitectureView } from "@/components/architecture-view";
     | ^^^^^^^^^^^^^^^^^^^^^^^^^^^^^^^^^^^^^^^^^^^^^^^^^^^^^^^^^^^^^^^^^^
  12 | import { Disclaimer } from "@/components/disclaimer";
  13 |
  14 | export default function Home() {

Import map: aliased to relative './src/components/architecture-view' inside of [project]/

Import traces:
  Client Component Browser:
    ./src/app/page.tsx [Client Component Browser]
    ./src/app/page.tsx [Server Component]

  Client Component SSR:
    ./src/app/page.tsx [Client Component SSR]
    ./src/app/page.tsx [Server Component]

https://nextjs.org/docs/messages/module-not-found @ http://localhost:3000/_next/static/chunks/node_modules_next_dist_1gdrd03._.js:1945
[  999992ms] [ERROR] ./src/app/page.tsx:11:1
Module not found: Can't resolve '@/components/architecture-view'
   9 | import { AgentWorkflow } from "@/components/agent-workflow";
  10 | import { AftermathResult } from "@/components/aftermath-result";
> 11 | import { ArchitectureView } from "@/components/architecture-view";
     | ^^^^^^^^^^^^^^^^^^^^^^^^^^^^^^^^^^^^^^^^^^^^^^^^^^^^^^^^^^^^^^^^^^
  12 | import { Disclaimer } from "@/components/disclaimer";
  13 |
  14 | export default function Home() {

Import map: aliased to relative './src/components/architecture-view' inside of [project]/

Import traces:
  Client Component Browser:
    ./src/app/page.tsx [Client Component Browser]
    ./src/app/page.tsx [Server Component]

  Client Component SSR:
    ./src/app/page.tsx [Client Component SSR]
    ./src/app/page.tsx [Server Component]

https://nextjs.org/docs/messages/module-not-found @ http://localhost:3000/_next/static/chunks/node_modules_next_dist_1gdrd03._.js:1945
[ 1000055ms] [ERROR] ./src/app/page.tsx:11:1
Module not found: Can't resolve '@/components/architecture-view'
   9 | import { AgentWorkflow } from "@/components/agent-workflow";
  10 | import { AftermathResult } from "@/components/aftermath-result";
> 11 | import { ArchitectureView } from "@/components/architecture-view";
     | ^^^^^^^^^^^^^^^^^^^^^^^^^^^^^^^^^^^^^^^^^^^^^^^^^^^^^^^^^^^^^^^^^^
  12 | import { Disclaimer } from "@/components/disclaimer";
  13 |
  14 | export default function Home() {

Import map: aliased to relative './src/components/architecture-view' inside of [project]/

Import traces:
  Client Component Browser:
    ./src/app/page.tsx [Client Component Browser]
    ./src/app/page.tsx [Server Component]

  Client Component SSR:
    ./src/app/page.tsx [Client Component SSR]
    ./src/app/page.tsx [Server Component]

https://nextjs.org/docs/messages/module-not-found @ http://localhost:3000/_next/static/chunks/node_modules_next_dist_1gdrd03._.js:1945
[ 1000119ms] [ERROR] ./src/app/page.tsx:11:1
Module not found: Can't resolve '@/components/architecture-view'
   9 | import { AgentWorkflow } from "@/components/agent-workflow";
  10 | import { AftermathResult } from "@/components/aftermath-result";
> 11 | import { ArchitectureView } from "@/components/architecture-view";
     | ^^^^^^^^^^^^^^^^^^^^^^^^^^^^^^^^^^^^^^^^^^^^^^^^^^^^^^^^^^^^^^^^^^
  12 | import { Disclaimer } from "@/components/disclaimer";
  13 |
  14 | export default function Home() {

Import map: aliased to relative './src/components/architecture-view' inside of [project]/

Import traces:
  Client Component Browser:
    ./src/app/page.tsx [Client Component Browser]
    ./src/app/page.tsx [Server Component]

  Client Component SSR:
    ./src/app/page.tsx [Client Component SSR]
    ./src/app/page.tsx [Server Component]

https://nextjs.org/docs/messages/module-not-found @ http://localhost:3000/_next/static/chunks/node_modules_next_dist_1gdrd03._.js:1945
[ 1000181ms] [ERROR] ./src/app/page.tsx:11:1
Module not found: Can't resolve '@/components/architecture-view'
   9 | import { AgentWorkflow } from "@/components/agent-workflow";
  10 | import { AftermathResult } from "@/components/aftermath-result";
> 11 | import { ArchitectureView } from "@/components/architecture-view";
     | ^^^^^^^^^^^^^^^^^^^^^^^^^^^^^^^^^^^^^^^^^^^^^^^^^^^^^^^^^^^^^^^^^^
  12 | import { Disclaimer } from "@/components/disclaimer";
  13 |
  14 | export default function Home() {

Import map: aliased to relative './src/components/architecture-view' inside of [project]/

Import traces:
  Client Component Browser:
    ./src/app/page.tsx [Client Component Browser]
    ./src/app/page.tsx [Server Component]

  Client Component SSR:
    ./src/app/page.tsx [Client Component SSR]
    ./src/app/page.tsx [Server Component]

https://nextjs.org/docs/messages/module-not-found @ http://localhost:3000/_next/static/chunks/node_modules_next_dist_1gdrd03._.js:1945
[ 1000243ms] [ERROR] ./src/app/page.tsx:11:1
Module not found: Can't resolve '@/components/architecture-view'
   9 | import { AgentWorkflow } from "@/components/agent-workflow";
  10 | import { AftermathResult } from "@/components/aftermath-result";
> 11 | import { ArchitectureView } from "@/components/architecture-view";
     | ^^^^^^^^^^^^^^^^^^^^^^^^^^^^^^^^^^^^^^^^^^^^^^^^^^^^^^^^^^^^^^^^^^
  12 | import { Disclaimer } from "@/components/disclaimer";
  13 |
  14 | export default function Home() {

Import map: aliased to relative './src/components/architecture-view' inside of [project]/

Import traces:
  Client Component Browser:
    ./src/app/page.tsx [Client Component Browser]
    ./src/app/page.tsx [Server Component]

  Client Component SSR:
    ./src/app/page.tsx [Client Component SSR]
    ./src/app/page.tsx [Server Component]

https://nextjs.org/docs/messages/module-not-found @ http://localhost:3000/_next/static/chunks/node_modules_next_dist_1gdrd03._.js:1945
[ 1000306ms] [ERROR] ./src/app/page.tsx:11:1
Module not found: Can't resolve '@/components/architecture-view'
   9 | import { AgentWorkflow } from "@/components/agent-workflow";
  10 | import { AftermathResult } from "@/components/aftermath-result";
> 11 | import { ArchitectureView } from "@/components/architecture-view";
     | ^^^^^^^^^^^^^^^^^^^^^^^^^^^^^^^^^^^^^^^^^^^^^^^^^^^^^^^^^^^^^^^^^^
  12 | import { Disclaimer } from "@/components/disclaimer";
  13 |
  14 | export default function Home() {

Import map: aliased to relative './src/components/architecture-view' inside of [project]/

Import traces:
  Client Component Browser:
    ./src/app/page.tsx [Client Component Browser]
    ./src/app/page.tsx [Server Component]

  Client Component SSR:
    ./src/app/page.tsx [Client Component SSR]
    ./src/app/page.tsx [Server Component]

https://nextjs.org/docs/messages/module-not-found @ http://localhost:3000/_next/static/chunks/node_modules_next_dist_1gdrd03._.js:1945
[ 1000368ms] [ERROR] ./src/app/page.tsx:11:1
Module not found: Can't resolve '@/components/architecture-view'
   9 | import { AgentWorkflow } from "@/components/agent-workflow";
  10 | import { AftermathResult } from "@/components/aftermath-result";
> 11 | import { ArchitectureView } from "@/components/architecture-view";
     | ^^^^^^^^^^^^^^^^^^^^^^^^^^^^^^^^^^^^^^^^^^^^^^^^^^^^^^^^^^^^^^^^^^
  12 | import { Disclaimer } from "@/components/disclaimer";
  13 |
  14 | export default function Home() {

Import map: aliased to relative './src/components/architecture-view' inside of [project]/

Import traces:
  Client Component Browser:
    ./src/app/page.tsx [Client Component Browser]
    ./src/app/page.tsx [Server Component]

  Client Component SSR:
    ./src/app/page.tsx [Client Component SSR]
    ./src/app/page.tsx [Server Component]

https://nextjs.org/docs/messages/module-not-found @ http://localhost:3000/_next/static/chunks/node_modules_next_dist_1gdrd03._.js:1945
[ 1000430ms] [ERROR] ./src/app/page.tsx:11:1
Module not found: Can't resolve '@/components/architecture-view'
   9 | import { AgentWorkflow } from "@/components/agent-workflow";
  10 | import { AftermathResult } from "@/components/aftermath-result";
> 11 | import { ArchitectureView } from "@/components/architecture-view";
     | ^^^^^^^^^^^^^^^^^^^^^^^^^^^^^^^^^^^^^^^^^^^^^^^^^^^^^^^^^^^^^^^^^^
  12 | import { Disclaimer } from "@/components/disclaimer";
  13 |
  14 | export default function Home() {

Import map: aliased to relative './src/components/architecture-view' inside of [project]/

Import traces:
  Client Component Browser:
    ./src/app/page.tsx [Client Component Browser]
    ./src/app/page.tsx [Server Component]

  Client Component SSR:
    ./src/app/page.tsx [Client Component SSR]
    ./src/app/page.tsx [Server Component]

https://nextjs.org/docs/messages/module-not-found @ http://localhost:3000/_next/static/chunks/node_modules_next_dist_1gdrd03._.js:1945
[ 1000485ms] [ERROR] ./src/app/page.tsx:11:1
Module not found: Can't resolve '@/components/architecture-view'
   9 | import { AgentWorkflow } from "@/components/agent-workflow";
  10 | import { AftermathResult } from "@/components/aftermath-result";
> 11 | import { ArchitectureView } from "@/components/architecture-view";
     | ^^^^^^^^^^^^^^^^^^^^^^^^^^^^^^^^^^^^^^^^^^^^^^^^^^^^^^^^^^^^^^^^^^
  12 | import { Disclaimer } from "@/components/disclaimer";
  13 |
  14 | export default function Home() {

Import map: aliased to relative './src/components/architecture-view' inside of [project]/

Import traces:
  Client Component Browser:
    ./src/app/page.tsx [Client Component Browser]
    ./src/app/page.tsx [Server Component]

  Client Component SSR:
    ./src/app/page.tsx [Client Component SSR]
    ./src/app/page.tsx [Server Component]

https://nextjs.org/docs/messages/module-not-found @ http://localhost:3000/_next/static/chunks/node_modules_next_dist_1gdrd03._.js:1945
[ 1000548ms] [ERROR] ./src/app/page.tsx:11:1
Module not found: Can't resolve '@/components/architecture-view'
   9 | import { AgentWorkflow } from "@/components/agent-workflow";
  10 | import { AftermathResult } from "@/components/aftermath-result";
> 11 | import { ArchitectureView } from "@/components/architecture-view";
     | ^^^^^^^^^^^^^^^^^^^^^^^^^^^^^^^^^^^^^^^^^^^^^^^^^^^^^^^^^^^^^^^^^^
  12 | import { Disclaimer } from "@/components/disclaimer";
  13 |
  14 | export default function Home() {

Import map: aliased to relative './src/components/architecture-view' inside of [project]/

Import traces:
  Client Component Browser:
    ./src/app/page.tsx [Client Component Browser]
    ./src/app/page.tsx [Server Component]

  Client Component SSR:
    ./src/app/page.tsx [Client Component SSR]
    ./src/app/page.tsx [Server Component]

https://nextjs.org/docs/messages/module-not-found @ http://localhost:3000/_next/static/chunks/node_modules_next_dist_1gdrd03._.js:1945
[ 1000598ms] [ERROR] ./src/app/page.tsx:11:1
Module not found: Can't resolve '@/components/architecture-view'
   9 | import { AgentWorkflow } from "@/components/agent-workflow";
  10 | import { AftermathResult } from "@/components/aftermath-result";
> 11 | import { ArchitectureView } from "@/components/architecture-view";
     | ^^^^^^^^^^^^^^^^^^^^^^^^^^^^^^^^^^^^^^^^^^^^^^^^^^^^^^^^^^^^^^^^^^
  12 | import { Disclaimer } from "@/components/disclaimer";
  13 |
  14 | export default function Home() {

Import map: aliased to relative './src/components/architecture-view' inside of [project]/

Import traces:
  Client Component Browser:
    ./src/app/page.tsx [Client Component Browser]
    ./src/app/page.tsx [Server Component]

  Client Component SSR:
    ./src/app/page.tsx [Client Component SSR]
    ./src/app/page.tsx [Server Component]

https://nextjs.org/docs/messages/module-not-found @ http://localhost:3000/_next/static/chunks/node_modules_next_dist_1gdrd03._.js:1945
[ 1000652ms] [ERROR] ./src/app/page.tsx:11:1
Module not found: Can't resolve '@/components/architecture-view'
   9 | import { AgentWorkflow } from "@/components/agent-workflow";
  10 | import { AftermathResult } from "@/components/aftermath-result";
> 11 | import { ArchitectureView } from "@/components/architecture-view";
     | ^^^^^^^^^^^^^^^^^^^^^^^^^^^^^^^^^^^^^^^^^^^^^^^^^^^^^^^^^^^^^^^^^^
  12 | import { Disclaimer } from "@/components/disclaimer";
  13 |
  14 | export default function Home() {

Import map: aliased to relative './src/components/architecture-view' inside of [project]/

Import traces:
  Client Component Browser:
    ./src/app/page.tsx [Client Component Browser]
    ./src/app/page.tsx [Server Component]

  Client Component SSR:
    ./src/app/page.tsx [Client Component SSR]
    ./src/app/page.tsx [Server Component]

https://nextjs.org/docs/messages/module-not-found @ http://localhost:3000/_next/static/chunks/node_modules_next_dist_1gdrd03._.js:1945
[ 1000719ms] [ERROR] ./src/app/page.tsx:11:1
Module not found: Can't resolve '@/components/architecture-view'
   9 | import { AgentWorkflow } from "@/components/agent-workflow";
  10 | import { AftermathResult } from "@/components/aftermath-result";
> 11 | import { ArchitectureView } from "@/components/architecture-view";
     | ^^^^^^^^^^^^^^^^^^^^^^^^^^^^^^^^^^^^^^^^^^^^^^^^^^^^^^^^^^^^^^^^^^
  12 | import { Disclaimer } from "@/components/disclaimer";
  13 |
  14 | export default function Home() {

Import map: aliased to relative './src/components/architecture-view' inside of [project]/

Import traces:
  Client Component Browser:
    ./src/app/page.tsx [Client Component Browser]
    ./src/app/page.tsx [Server Component]

  Client Component SSR:
    ./src/app/page.tsx [Client Component SSR]
    ./src/app/page.tsx [Server Component]

https://nextjs.org/docs/messages/module-not-found @ http://localhost:3000/_next/static/chunks/node_modules_next_dist_1gdrd03._.js:1945
[ 1000788ms] [ERROR] ./src/app/page.tsx:11:1
Module not found: Can't resolve '@/components/architecture-view'
   9 | import { AgentWorkflow } from "@/components/agent-workflow";
  10 | import { AftermathResult } from "@/components/aftermath-result";
> 11 | import { ArchitectureView } from "@/components/architecture-view";
     | ^^^^^^^^^^^^^^^^^^^^^^^^^^^^^^^^^^^^^^^^^^^^^^^^^^^^^^^^^^^^^^^^^^
  12 | import { Disclaimer } from "@/components/disclaimer";
  13 |
  14 | export default function Home() {

Import map: aliased to relative './src/components/architecture-view' inside of [project]/

Import traces:
  Client Component Browser:
    ./src/app/page.tsx [Client Component Browser]
    ./src/app/page.tsx [Server Component]

  Client Component SSR:
    ./src/app/page.tsx [Client Component SSR]
    ./src/app/page.tsx [Server Component]

https://nextjs.org/docs/messages/module-not-found @ http://localhost:3000/_next/static/chunks/node_modules_next_dist_1gdrd03._.js:1945
[ 1000846ms] [ERROR] ./src/app/page.tsx:11:1
Module not found: Can't resolve '@/components/architecture-view'
   9 | import { AgentWorkflow } from "@/components/agent-workflow";
  10 | import { AftermathResult } from "@/components/aftermath-result";
> 11 | import { ArchitectureView } from "@/components/architecture-view";
     | ^^^^^^^^^^^^^^^^^^^^^^^^^^^^^^^^^^^^^^^^^^^^^^^^^^^^^^^^^^^^^^^^^^
  12 | import { Disclaimer } from "@/components/disclaimer";
  13 |
  14 | export default function Home() {

Import map: aliased to relative './src/components/architecture-view' inside of [project]/

Import traces:
  Client Component Browser:
    ./src/app/page.tsx [Client Component Browser]
    ./src/app/page.tsx [Server Component]

  Client Component SSR:
    ./src/app/page.tsx [Client Component SSR]
    ./src/app/page.tsx [Server Component]

https://nextjs.org/docs/messages/module-not-found @ http://localhost:3000/_next/static/chunks/node_modules_next_dist_1gdrd03._.js:1945
[ 1000902ms] [ERROR] ./src/app/page.tsx:11:1
Module not found: Can't resolve '@/components/architecture-view'
   9 | import { AgentWorkflow } from "@/components/agent-workflow";
  10 | import { AftermathResult } from "@/components/aftermath-result";
> 11 | import { ArchitectureView } from "@/components/architecture-view";
     | ^^^^^^^^^^^^^^^^^^^^^^^^^^^^^^^^^^^^^^^^^^^^^^^^^^^^^^^^^^^^^^^^^^
  12 | import { Disclaimer } from "@/components/disclaimer";
  13 |
  14 | export default function Home() {

Import map: aliased to relative './src/components/architecture-view' inside of [project]/

Import traces:
  Client Component Browser:
    ./src/app/page.tsx [Client Component Browser]
    ./src/app/page.tsx [Server Component]

  Client Component SSR:
    ./src/app/page.tsx [Client Component SSR]
    ./src/app/page.tsx [Server Component]

https://nextjs.org/docs/messages/module-not-found @ http://localhost:3000/_next/static/chunks/node_modules_next_dist_1gdrd03._.js:1945
[ 1000958ms] [ERROR] ./src/app/page.tsx:11:1
Module not found: Can't resolve '@/components/architecture-view'
   9 | import { AgentWorkflow } from "@/components/agent-workflow";
  10 | import { AftermathResult } from "@/components/aftermath-result";
> 11 | import { ArchitectureView } from "@/components/architecture-view";
     | ^^^^^^^^^^^^^^^^^^^^^^^^^^^^^^^^^^^^^^^^^^^^^^^^^^^^^^^^^^^^^^^^^^
  12 | import { Disclaimer } from "@/components/disclaimer";
  13 |
  14 | export default function Home() {

Import map: aliased to relative './src/components/architecture-view' inside of [project]/

Import traces:
  Client Component Browser:
    ./src/app/page.tsx [Client Component Browser]
    ./src/app/page.tsx [Server Component]

  Client Component SSR:
    ./src/app/page.tsx [Client Component SSR]
    ./src/app/page.tsx [Server Component]

https://nextjs.org/docs/messages/module-not-found @ http://localhost:3000/_next/static/chunks/node_modules_next_dist_1gdrd03._.js:1945
[ 1001014ms] [ERROR] ./src/app/page.tsx:11:1
Module not found: Can't resolve '@/components/architecture-view'
   9 | import { AgentWorkflow } from "@/components/agent-workflow";
  10 | import { AftermathResult } from "@/components/aftermath-result";
> 11 | import { ArchitectureView } from "@/components/architecture-view";
     | ^^^^^^^^^^^^^^^^^^^^^^^^^^^^^^^^^^^^^^^^^^^^^^^^^^^^^^^^^^^^^^^^^^
  12 | import { Disclaimer } from "@/components/disclaimer";
  13 |
  14 | export default function Home() {

Import map: aliased to relative './src/components/architecture-view' inside of [project]/

Import traces:
  Client Component Browser:
    ./src/app/page.tsx [Client Component Browser]
    ./src/app/page.tsx [Server Component]

  Client Component SSR:
    ./src/app/page.tsx [Client Component SSR]
    ./src/app/page.tsx [Server Component]

https://nextjs.org/docs/messages/module-not-found @ http://localhost:3000/_next/static/chunks/node_modules_next_dist_1gdrd03._.js:1945
[ 1001071ms] [ERROR] ./src/app/page.tsx:11:1
Module not found: Can't resolve '@/components/architecture-view'
   9 | import { AgentWorkflow } from "@/components/agent-workflow";
  10 | import { AftermathResult } from "@/components/aftermath-result";
> 11 | import { ArchitectureView } from "@/components/architecture-view";
     | ^^^^^^^^^^^^^^^^^^^^^^^^^^^^^^^^^^^^^^^^^^^^^^^^^^^^^^^^^^^^^^^^^^
  12 | import { Disclaimer } from "@/components/disclaimer";
  13 |
  14 | export default function Home() {

Import map: aliased to relative './src/components/architecture-view' inside of [project]/

Import traces:
  Client Component Browser:
    ./src/app/page.tsx [Client Component Browser]
    ./src/app/page.tsx [Server Component]

  Client Component SSR:
    ./src/app/page.tsx [Client Component SSR]
    ./src/app/page.tsx [Server Component]

https://nextjs.org/docs/messages/module-not-found @ http://localhost:3000/_next/static/chunks/node_modules_next_dist_1gdrd03._.js:1945
[ 1001132ms] [ERROR] ./src/app/page.tsx:11:1
Module not found: Can't resolve '@/components/architecture-view'
   9 | import { AgentWorkflow } from "@/components/agent-workflow";
  10 | import { AftermathResult } from "@/components/aftermath-result";
> 11 | import { ArchitectureView } from "@/components/architecture-view";
     | ^^^^^^^^^^^^^^^^^^^^^^^^^^^^^^^^^^^^^^^^^^^^^^^^^^^^^^^^^^^^^^^^^^
  12 | import { Disclaimer } from "@/components/disclaimer";
  13 |
  14 | export default function Home() {

Import map: aliased to relative './src/components/architecture-view' inside of [project]/

Import traces:
  Client Component Browser:
    ./src/app/page.tsx [Client Component Browser]
    ./src/app/page.tsx [Server Component]

  Client Component SSR:
    ./src/app/page.tsx [Client Component SSR]
    ./src/app/page.tsx [Server Component]

https://nextjs.org/docs/messages/module-not-found @ http://localhost:3000/_next/static/chunks/node_modules_next_dist_1gdrd03._.js:1945
[ 1001196ms] [ERROR] ./src/app/page.tsx:11:1
Module not found: Can't resolve '@/components/architecture-view'
   9 | import { AgentWorkflow } from "@/components/agent-workflow";
  10 | import { AftermathResult } from "@/components/aftermath-result";
> 11 | import { ArchitectureView } from "@/components/architecture-view";
     | ^^^^^^^^^^^^^^^^^^^^^^^^^^^^^^^^^^^^^^^^^^^^^^^^^^^^^^^^^^^^^^^^^^
  12 | import { Disclaimer } from "@/components/disclaimer";
  13 |
  14 | export default function Home() {

Import map: aliased to relative './src/components/architecture-view' inside of [project]/

Import traces:
  Client Component Browser:
    ./src/app/page.tsx [Client Component Browser]
    ./src/app/page.tsx [Server Component]

  Client Component SSR:
    ./src/app/page.tsx [Client Component SSR]
    ./src/app/page.tsx [Server Component]

https://nextjs.org/docs/messages/module-not-found @ http://localhost:3000/_next/static/chunks/node_modules_next_dist_1gdrd03._.js:1945
[ 1001251ms] [ERROR] ./src/app/page.tsx:11:1
Module not found: Can't resolve '@/components/architecture-view'
   9 | import { AgentWorkflow } from "@/components/agent-workflow";
  10 | import { AftermathResult } from "@/components/aftermath-result";
> 11 | import { ArchitectureView } from "@/components/architecture-view";
     | ^^^^^^^^^^^^^^^^^^^^^^^^^^^^^^^^^^^^^^^^^^^^^^^^^^^^^^^^^^^^^^^^^^
  12 | import { Disclaimer } from "@/components/disclaimer";
  13 |
  14 | export default function Home() {

Import map: aliased to relative './src/components/architecture-view' inside of [project]/

Import traces:
  Client Component Browser:
    ./src/app/page.tsx [Client Component Browser]
    ./src/app/page.tsx [Server Component]

  Client Component SSR:
    ./src/app/page.tsx [Client Component SSR]
    ./src/app/page.tsx [Server Component]

https://nextjs.org/docs/messages/module-not-found @ http://localhost:3000/_next/static/chunks/node_modules_next_dist_1gdrd03._.js:1945
[ 1001308ms] [ERROR] ./src/app/page.tsx:11:1
Module not found: Can't resolve '@/components/architecture-view'
   9 | import { AgentWorkflow } from "@/components/agent-workflow";
  10 | import { AftermathResult } from "@/components/aftermath-result";
> 11 | import { ArchitectureView } from "@/components/architecture-view";
     | ^^^^^^^^^^^^^^^^^^^^^^^^^^^^^^^^^^^^^^^^^^^^^^^^^^^^^^^^^^^^^^^^^^
  12 | import { Disclaimer } from "@/components/disclaimer";
  13 |
  14 | export default function Home() {

Import map: aliased to relative './src/components/architecture-view' inside of [project]/

Import traces:
  Client Component Browser:
    ./src/app/page.tsx [Client Component Browser]
    ./src/app/page.tsx [Server Component]

  Client Component SSR:
    ./src/app/page.tsx [Client Component SSR]
    ./src/app/page.tsx [Server Component]

https://nextjs.org/docs/messages/module-not-found @ http://localhost:3000/_next/static/chunks/node_modules_next_dist_1gdrd03._.js:1945
[ 1001369ms] [ERROR] ./src/app/page.tsx:11:1
Module not found: Can't resolve '@/components/architecture-view'
   9 | import { AgentWorkflow } from "@/components/agent-workflow";
  10 | import { AftermathResult } from "@/components/aftermath-result";
> 11 | import { ArchitectureView } from "@/components/architecture-view";
     | ^^^^^^^^^^^^^^^^^^^^^^^^^^^^^^^^^^^^^^^^^^^^^^^^^^^^^^^^^^^^^^^^^^
  12 | import { Disclaimer } from "@/components/disclaimer";
  13 |
  14 | export default function Home() {

Import map: aliased to relative './src/components/architecture-view' inside of [project]/

Import traces:
  Client Component Browser:
    ./src/app/page.tsx [Client Component Browser]
    ./src/app/page.tsx [Server Component]

  Client Component SSR:
    ./src/app/page.tsx [Client Component SSR]
    ./src/app/page.tsx [Server Component]

https://nextjs.org/docs/messages/module-not-found @ http://localhost:3000/_next/static/chunks/node_modules_next_dist_1gdrd03._.js:1945
[ 1001434ms] [ERROR] ./src/app/page.tsx:11:1
Module not found: Can't resolve '@/components/architecture-view'
   9 | import { AgentWorkflow } from "@/components/agent-workflow";
  10 | import { AftermathResult } from "@/components/aftermath-result";
> 11 | import { ArchitectureView } from "@/components/architecture-view";
     | ^^^^^^^^^^^^^^^^^^^^^^^^^^^^^^^^^^^^^^^^^^^^^^^^^^^^^^^^^^^^^^^^^^
  12 | import { Disclaimer } from "@/components/disclaimer";
  13 |
  14 | export default function Home() {

Import map: aliased to relative './src/components/architecture-view' inside of [project]/

Import traces:
  Client Component Browser:
    ./src/app/page.tsx [Client Component Browser]
    ./src/app/page.tsx [Server Component]

  Client Component SSR:
    ./src/app/page.tsx [Client Component SSR]
    ./src/app/page.tsx [Server Component]

https://nextjs.org/docs/messages/module-not-found @ http://localhost:3000/_next/static/chunks/node_modules_next_dist_1gdrd03._.js:1945
[ 1001484ms] [ERROR] ./src/app/page.tsx:11:1
Module not found: Can't resolve '@/components/architecture-view'
   9 | import { AgentWorkflow } from "@/components/agent-workflow";
  10 | import { AftermathResult } from "@/components/aftermath-result";
> 11 | import { ArchitectureView } from "@/components/architecture-view";
     | ^^^^^^^^^^^^^^^^^^^^^^^^^^^^^^^^^^^^^^^^^^^^^^^^^^^^^^^^^^^^^^^^^^
  12 | import { Disclaimer } from "@/components/disclaimer";
  13 |
  14 | export default function Home() {

Import map: aliased to relative './src/components/architecture-view' inside of [project]/

Import traces:
  Client Component Browser:
    ./src/app/page.tsx [Client Component Browser]
    ./src/app/page.tsx [Server Component]

  Client Component SSR:
    ./src/app/page.tsx [Client Component SSR]
    ./src/app/page.tsx [Server Component]

https://nextjs.org/docs/messages/module-not-found @ http://localhost:3000/_next/static/chunks/node_modules_next_dist_1gdrd03._.js:1945
[ 1001554ms] [ERROR] ./src/app/page.tsx:11:1
Module not found: Can't resolve '@/components/architecture-view'
   9 | import { AgentWorkflow } from "@/components/agent-workflow";
  10 | import { AftermathResult } from "@/components/aftermath-result";
> 11 | import { ArchitectureView } from "@/components/architecture-view";
     | ^^^^^^^^^^^^^^^^^^^^^^^^^^^^^^^^^^^^^^^^^^^^^^^^^^^^^^^^^^^^^^^^^^
  12 | import { Disclaimer } from "@/components/disclaimer";
  13 |
  14 | export default function Home() {

Import map: aliased to relative './src/components/architecture-view' inside of [project]/

Import traces:
  Client Component Browser:
    ./src/app/page.tsx [Client Component Browser]
    ./src/app/page.tsx [Server Component]

  Client Component SSR:
    ./src/app/page.tsx [Client Component SSR]
    ./src/app/page.tsx [Server Component]

https://nextjs.org/docs/messages/module-not-found @ http://localhost:3000/_next/static/chunks/node_modules_next_dist_1gdrd03._.js:1945
[ 1001604ms] [ERROR] ./src/app/page.tsx:11:1
Module not found: Can't resolve '@/components/architecture-view'
   9 | import { AgentWorkflow } from "@/components/agent-workflow";
  10 | import { AftermathResult } from "@/components/aftermath-result";
> 11 | import { ArchitectureView } from "@/components/architecture-view";
     | ^^^^^^^^^^^^^^^^^^^^^^^^^^^^^^^^^^^^^^^^^^^^^^^^^^^^^^^^^^^^^^^^^^
  12 | import { Disclaimer } from "@/components/disclaimer";
  13 |
  14 | export default function Home() {

Import map: aliased to relative './src/components/architecture-view' inside of [project]/

Import traces:
  Client Component Browser:
    ./src/app/page.tsx [Client Component Browser]
    ./src/app/page.tsx [Server Component]

  Client Component SSR:
    ./src/app/page.tsx [Client Component SSR]
    ./src/app/page.tsx [Server Component]

https://nextjs.org/docs/messages/module-not-found @ http://localhost:3000/_next/static/chunks/node_modules_next_dist_1gdrd03._.js:1945
[ 1001669ms] [ERROR] ./src/app/page.tsx:11:1
Module not found: Can't resolve '@/components/architecture-view'
   9 | import { AgentWorkflow } from "@/components/agent-workflow";
  10 | import { AftermathResult } from "@/components/aftermath-result";
> 11 | import { ArchitectureView } from "@/components/architecture-view";
     | ^^^^^^^^^^^^^^^^^^^^^^^^^^^^^^^^^^^^^^^^^^^^^^^^^^^^^^^^^^^^^^^^^^
  12 | import { Disclaimer } from "@/components/disclaimer";
  13 |
  14 | export default function Home() {

Import map: aliased to relative './src/components/architecture-view' inside of [project]/

Import traces:
  Client Component Browser:
    ./src/app/page.tsx [Client Component Browser]
    ./src/app/page.tsx [Server Component]

  Client Component SSR:
    ./src/app/page.tsx [Client Component SSR]
    ./src/app/page.tsx [Server Component]

https://nextjs.org/docs/messages/module-not-found @ http://localhost:3000/_next/static/chunks/node_modules_next_dist_1gdrd03._.js:1945
[ 1001719ms] [ERROR] ./src/app/page.tsx:11:1
Module not found: Can't resolve '@/components/architecture-view'
   9 | import { AgentWorkflow } from "@/components/agent-workflow";
  10 | import { AftermathResult } from "@/components/aftermath-result";
> 11 | import { ArchitectureView } from "@/components/architecture-view";
     | ^^^^^^^^^^^^^^^^^^^^^^^^^^^^^^^^^^^^^^^^^^^^^^^^^^^^^^^^^^^^^^^^^^
  12 | import { Disclaimer } from "@/components/disclaimer";
  13 |
  14 | export default function Home() {

Import map: aliased to relative './src/components/architecture-view' inside of [project]/

Import traces:
  Client Component Browser:
    ./src/app/page.tsx [Client Component Browser]
    ./src/app/page.tsx [Server Component]

  Client Component SSR:
    ./src/app/page.tsx [Client Component SSR]
    ./src/app/page.tsx [Server Component]

https://nextjs.org/docs/messages/module-not-found @ http://localhost:3000/_next/static/chunks/node_modules_next_dist_1gdrd03._.js:1945
[ 1001771ms] [ERROR] ./src/app/page.tsx:11:1
Module not found: Can't resolve '@/components/architecture-view'
   9 | import { AgentWorkflow } from "@/components/agent-workflow";
  10 | import { AftermathResult } from "@/components/aftermath-result";
> 11 | import { ArchitectureView } from "@/components/architecture-view";
     | ^^^^^^^^^^^^^^^^^^^^^^^^^^^^^^^^^^^^^^^^^^^^^^^^^^^^^^^^^^^^^^^^^^
  12 | import { Disclaimer } from "@/components/disclaimer";
  13 |
  14 | export default function Home() {

Import map: aliased to relative './src/components/architecture-view' inside of [project]/

Import traces:
  Client Component Browser:
    ./src/app/page.tsx [Client Component Browser]
    ./src/app/page.tsx [Server Component]

  Client Component SSR:
    ./src/app/page.tsx [Client Component SSR]
    ./src/app/page.tsx [Server Component]

https://nextjs.org/docs/messages/module-not-found @ http://localhost:3000/_next/static/chunks/node_modules_next_dist_1gdrd03._.js:1945
[ 1001826ms] [ERROR] ./src/app/page.tsx:11:1
Module not found: Can't resolve '@/components/architecture-view'
   9 | import { AgentWorkflow } from "@/components/agent-workflow";
  10 | import { AftermathResult } from "@/components/aftermath-result";
> 11 | import { ArchitectureView } from "@/components/architecture-view";
     | ^^^^^^^^^^^^^^^^^^^^^^^^^^^^^^^^^^^^^^^^^^^^^^^^^^^^^^^^^^^^^^^^^^
  12 | import { Disclaimer } from "@/components/disclaimer";
  13 |
  14 | export default function Home() {

Import map: aliased to relative './src/components/architecture-view' inside of [project]/

Import traces:
  Client Component Browser:
    ./src/app/page.tsx [Client Component Browser]
    ./src/app/page.tsx [Server Component]

  Client Component SSR:
    ./src/app/page.tsx [Client Component SSR]
    ./src/app/page.tsx [Server Component]

https://nextjs.org/docs/messages/module-not-found @ http://localhost:3000/_next/static/chunks/node_modules_next_dist_1gdrd03._.js:1945
[ 1001886ms] [ERROR] ./src/app/page.tsx:11:1
Module not found: Can't resolve '@/components/architecture-view'
   9 | import { AgentWorkflow } from "@/components/agent-workflow";
  10 | import { AftermathResult } from "@/components/aftermath-result";
> 11 | import { ArchitectureView } from "@/components/architecture-view";
     | ^^^^^^^^^^^^^^^^^^^^^^^^^^^^^^^^^^^^^^^^^^^^^^^^^^^^^^^^^^^^^^^^^^
  12 | import { Disclaimer } from "@/components/disclaimer";
  13 |
  14 | export default function Home() {

Import map: aliased to relative './src/components/architecture-view' inside of [project]/

Import traces:
  Client Component Browser:
    ./src/app/page.tsx [Client Component Browser]
    ./src/app/page.tsx [Server Component]

  Client Component SSR:
    ./src/app/page.tsx [Client Component SSR]
    ./src/app/page.tsx [Server Component]

https://nextjs.org/docs/messages/module-not-found @ http://localhost:3000/_next/static/chunks/node_modules_next_dist_1gdrd03._.js:1945
[ 1001937ms] [ERROR] ./src/app/page.tsx:11:1
Module not found: Can't resolve '@/components/architecture-view'
   9 | import { AgentWorkflow } from "@/components/agent-workflow";
  10 | import { AftermathResult } from "@/components/aftermath-result";
> 11 | import { ArchitectureView } from "@/components/architecture-view";
     | ^^^^^^^^^^^^^^^^^^^^^^^^^^^^^^^^^^^^^^^^^^^^^^^^^^^^^^^^^^^^^^^^^^
  12 | import { Disclaimer } from "@/components/disclaimer";
  13 |
  14 | export default function Home() {

Import map: aliased to relative './src/components/architecture-view' inside of [project]/

Import traces:
  Client Component Browser:
    ./src/app/page.tsx [Client Component Browser]
    ./src/app/page.tsx [Server Component]

  Client Component SSR:
    ./src/app/page.tsx [Client Component SSR]
    ./src/app/page.tsx [Server Component]

https://nextjs.org/docs/messages/module-not-found @ http://localhost:3000/_next/static/chunks/node_modules_next_dist_1gdrd03._.js:1945
[ 1001988ms] [ERROR] ./src/app/page.tsx:11:1
Module not found: Can't resolve '@/components/architecture-view'
   9 | import { AgentWorkflow } from "@/components/agent-workflow";
  10 | import { AftermathResult } from "@/components/aftermath-result";
> 11 | import { ArchitectureView } from "@/components/architecture-view";
     | ^^^^^^^^^^^^^^^^^^^^^^^^^^^^^^^^^^^^^^^^^^^^^^^^^^^^^^^^^^^^^^^^^^
  12 | import { Disclaimer } from "@/components/disclaimer";
  13 |
  14 | export default function Home() {

Import map: aliased to relative './src/components/architecture-view' inside of [project]/

Import traces:
  Client Component Browser:
    ./src/app/page.tsx [Client Component Browser]
    ./src/app/page.tsx [Server Component]

  Client Component SSR:
    ./src/app/page.tsx [Client Component SSR]
    ./src/app/page.tsx [Server Component]

https://nextjs.org/docs/messages/module-not-found @ http://localhost:3000/_next/static/chunks/node_modules_next_dist_1gdrd03._.js:1945
[ 1002035ms] [ERROR] ./src/app/page.tsx:11:1
Module not found: Can't resolve '@/components/architecture-view'
   9 | import { AgentWorkflow } from "@/components/agent-workflow";
  10 | import { AftermathResult } from "@/components/aftermath-result";
> 11 | import { ArchitectureView } from "@/components/architecture-view";
     | ^^^^^^^^^^^^^^^^^^^^^^^^^^^^^^^^^^^^^^^^^^^^^^^^^^^^^^^^^^^^^^^^^^
  12 | import { Disclaimer } from "@/components/disclaimer";
  13 |
  14 | export default function Home() {

Import map: aliased to relative './src/components/architecture-view' inside of [project]/

Import traces:
  Client Component Browser:
    ./src/app/page.tsx [Client Component Browser]
    ./src/app/page.tsx [Server Component]

  Client Component SSR:
    ./src/app/page.tsx [Client Component SSR]
    ./src/app/page.tsx [Server Component]

https://nextjs.org/docs/messages/module-not-found @ http://localhost:3000/_next/static/chunks/node_modules_next_dist_1gdrd03._.js:1945
[ 1002097ms] [ERROR] ./src/app/page.tsx:11:1
Module not found: Can't resolve '@/components/architecture-view'
   9 | import { AgentWorkflow } from "@/components/agent-workflow";
  10 | import { AftermathResult } from "@/components/aftermath-result";
> 11 | import { ArchitectureView } from "@/components/architecture-view";
     | ^^^^^^^^^^^^^^^^^^^^^^^^^^^^^^^^^^^^^^^^^^^^^^^^^^^^^^^^^^^^^^^^^^
  12 | import { Disclaimer } from "@/components/disclaimer";
  13 |
  14 | export default function Home() {

Import map: aliased to relative './src/components/architecture-view' inside of [project]/

Import traces:
  Client Component Browser:
    ./src/app/page.tsx [Client Component Browser]
    ./src/app/page.tsx [Server Component]

  Client Component SSR:
    ./src/app/page.tsx [Client Component SSR]
    ./src/app/page.tsx [Server Component]

https://nextjs.org/docs/messages/module-not-found @ http://localhost:3000/_next/static/chunks/node_modules_next_dist_1gdrd03._.js:1945
[ 1002165ms] [ERROR] ./src/app/page.tsx:11:1
Module not found: Can't resolve '@/components/architecture-view'
   9 | import { AgentWorkflow } from "@/components/agent-workflow";
  10 | import { AftermathResult } from "@/components/aftermath-result";
> 11 | import { ArchitectureView } from "@/components/architecture-view";
     | ^^^^^^^^^^^^^^^^^^^^^^^^^^^^^^^^^^^^^^^^^^^^^^^^^^^^^^^^^^^^^^^^^^
  12 | import { Disclaimer } from "@/components/disclaimer";
  13 |
  14 | export default function Home() {

Import map: aliased to relative './src/components/architecture-view' inside of [project]/

Import traces:
  Client Component Browser:
    ./src/app/page.tsx [Client Component Browser]
    ./src/app/page.tsx [Server Component]

  Client Component SSR:
    ./src/app/page.tsx [Client Component SSR]
    ./src/app/page.tsx [Server Component]

https://nextjs.org/docs/messages/module-not-found @ http://localhost:3000/_next/static/chunks/node_modules_next_dist_1gdrd03._.js:1945
[ 1002219ms] [ERROR] ./src/app/page.tsx:11:1
Module not found: Can't resolve '@/components/architecture-view'
   9 | import { AgentWorkflow } from "@/components/agent-workflow";
  10 | import { AftermathResult } from "@/components/aftermath-result";
> 11 | import { ArchitectureView } from "@/components/architecture-view";
     | ^^^^^^^^^^^^^^^^^^^^^^^^^^^^^^^^^^^^^^^^^^^^^^^^^^^^^^^^^^^^^^^^^^
  12 | import { Disclaimer } from "@/components/disclaimer";
  13 |
  14 | export default function Home() {

Import map: aliased to relative './src/components/architecture-view' inside of [project]/

Import traces:
  Client Component Browser:
    ./src/app/page.tsx [Client Component Browser]
    ./src/app/page.tsx [Server Component]

  Client Component SSR:
    ./src/app/page.tsx [Client Component SSR]
    ./src/app/page.tsx [Server Component]

https://nextjs.org/docs/messages/module-not-found @ http://localhost:3000/_next/static/chunks/node_modules_next_dist_1gdrd03._.js:1945
[ 1002283ms] [ERROR] ./src/app/page.tsx:11:1
Module not found: Can't resolve '@/components/architecture-view'
   9 | import { AgentWorkflow } from "@/components/agent-workflow";
  10 | import { AftermathResult } from "@/components/aftermath-result";
> 11 | import { ArchitectureView } from "@/components/architecture-view";
     | ^^^^^^^^^^^^^^^^^^^^^^^^^^^^^^^^^^^^^^^^^^^^^^^^^^^^^^^^^^^^^^^^^^
  12 | import { Disclaimer } from "@/components/disclaimer";
  13 |
  14 | export default function Home() {

Import map: aliased to relative './src/components/architecture-view' inside of [project]/

Import traces:
  Client Component Browser:
    ./src/app/page.tsx [Client Component Browser]
    ./src/app/page.tsx [Server Component]

  Client Component SSR:
    ./src/app/page.tsx [Client Component SSR]
    ./src/app/page.tsx [Server Component]

https://nextjs.org/docs/messages/module-not-found @ http://localhost:3000/_next/static/chunks/node_modules_next_dist_1gdrd03._.js:1945
[ 1002347ms] [ERROR] ./src/app/page.tsx:11:1
Module not found: Can't resolve '@/components/architecture-view'
   9 | import { AgentWorkflow } from "@/components/agent-workflow";
  10 | import { AftermathResult } from "@/components/aftermath-result";
> 11 | import { ArchitectureView } from "@/components/architecture-view";
     | ^^^^^^^^^^^^^^^^^^^^^^^^^^^^^^^^^^^^^^^^^^^^^^^^^^^^^^^^^^^^^^^^^^
  12 | import { Disclaimer } from "@/components/disclaimer";
  13 |
  14 | export default function Home() {

Import map: aliased to relative './src/components/architecture-view' inside of [project]/

Import traces:
  Client Component Browser:
    ./src/app/page.tsx [Client Component Browser]
    ./src/app/page.tsx [Server Component]

  Client Component SSR:
    ./src/app/page.tsx [Client Component SSR]
    ./src/app/page.tsx [Server Component]

https://nextjs.org/docs/messages/module-not-found @ http://localhost:3000/_next/static/chunks/node_modules_next_dist_1gdrd03._.js:1945
[ 1002409ms] [ERROR] ./src/app/page.tsx:11:1
Module not found: Can't resolve '@/components/architecture-view'
   9 | import { AgentWorkflow } from "@/components/agent-workflow";
  10 | import { AftermathResult } from "@/components/aftermath-result";
> 11 | import { ArchitectureView } from "@/components/architecture-view";
     | ^^^^^^^^^^^^^^^^^^^^^^^^^^^^^^^^^^^^^^^^^^^^^^^^^^^^^^^^^^^^^^^^^^
  12 | import { Disclaimer } from "@/components/disclaimer";
  13 |
  14 | export default function Home() {

Import map: aliased to relative './src/components/architecture-view' inside of [project]/

Import traces:
  Client Component Browser:
    ./src/app/page.tsx [Client Component Browser]
    ./src/app/page.tsx [Server Component]

  Client Component SSR:
    ./src/app/page.tsx [Client Component SSR]
    ./src/app/page.tsx [Server Component]

https://nextjs.org/docs/messages/module-not-found @ http://localhost:3000/_next/static/chunks/node_modules_next_dist_1gdrd03._.js:1945
[ 1002471ms] [ERROR] ./src/app/page.tsx:11:1
Module not found: Can't resolve '@/components/architecture-view'
   9 | import { AgentWorkflow } from "@/components/agent-workflow";
  10 | import { AftermathResult } from "@/components/aftermath-result";
> 11 | import { ArchitectureView } from "@/components/architecture-view";
     | ^^^^^^^^^^^^^^^^^^^^^^^^^^^^^^^^^^^^^^^^^^^^^^^^^^^^^^^^^^^^^^^^^^
  12 | import { Disclaimer } from "@/components/disclaimer";
  13 |
  14 | export default function Home() {

Import map: aliased to relative './src/components/architecture-view' inside of [project]/

Import traces:
  Client Component Browser:
    ./src/app/page.tsx [Client Component Browser]
    ./src/app/page.tsx [Server Component]

  Client Component SSR:
    ./src/app/page.tsx [Client Component SSR]
    ./src/app/page.tsx [Server Component]

https://nextjs.org/docs/messages/module-not-found @ http://localhost:3000/_next/static/chunks/node_modules_next_dist_1gdrd03._.js:1945
[ 1002533ms] [ERROR] ./src/app/page.tsx:11:1
Module not found: Can't resolve '@/components/architecture-view'
   9 | import { AgentWorkflow } from "@/components/agent-workflow";
  10 | import { AftermathResult } from "@/components/aftermath-result";
> 11 | import { ArchitectureView } from "@/components/architecture-view";
     | ^^^^^^^^^^^^^^^^^^^^^^^^^^^^^^^^^^^^^^^^^^^^^^^^^^^^^^^^^^^^^^^^^^
  12 | import { Disclaimer } from "@/components/disclaimer";
  13 |
  14 | export default function Home() {

Import map: aliased to relative './src/components/architecture-view' inside of [project]/

Import traces:
  Client Component Browser:
    ./src/app/page.tsx [Client Component Browser]
    ./src/app/page.tsx [Server Component]

  Client Component SSR:
    ./src/app/page.tsx [Client Component SSR]
    ./src/app/page.tsx [Server Component]

https://nextjs.org/docs/messages/module-not-found @ http://localhost:3000/_next/static/chunks/node_modules_next_dist_1gdrd03._.js:1945
[ 1002596ms] [ERROR] ./src/app/page.tsx:11:1
Module not found: Can't resolve '@/components/architecture-view'
   9 | import { AgentWorkflow } from "@/components/agent-workflow";
  10 | import { AftermathResult } from "@/components/aftermath-result";
> 11 | import { ArchitectureView } from "@/components/architecture-view";
     | ^^^^^^^^^^^^^^^^^^^^^^^^^^^^^^^^^^^^^^^^^^^^^^^^^^^^^^^^^^^^^^^^^^
  12 | import { Disclaimer } from "@/components/disclaimer";
  13 |
  14 | export default function Home() {

Import map: aliased to relative './src/components/architecture-view' inside of [project]/

Import traces:
  Client Component Browser:
    ./src/app/page.tsx [Client Component Browser]
    ./src/app/page.tsx [Server Component]

  Client Component SSR:
    ./src/app/page.tsx [Client Component SSR]
    ./src/app/page.tsx [Server Component]

https://nextjs.org/docs/messages/module-not-found @ http://localhost:3000/_next/static/chunks/node_modules_next_dist_1gdrd03._.js:1945
[ 1002659ms] [ERROR] ./src/app/page.tsx:11:1
Module not found: Can't resolve '@/components/architecture-view'
   9 | import { AgentWorkflow } from "@/components/agent-workflow";
  10 | import { AftermathResult } from "@/components/aftermath-result";
> 11 | import { ArchitectureView } from "@/components/architecture-view";
     | ^^^^^^^^^^^^^^^^^^^^^^^^^^^^^^^^^^^^^^^^^^^^^^^^^^^^^^^^^^^^^^^^^^
  12 | import { Disclaimer } from "@/components/disclaimer";
  13 |
  14 | export default function Home() {

Import map: aliased to relative './src/components/architecture-view' inside of [project]/

Import traces:
  Client Component Browser:
    ./src/app/page.tsx [Client Component Browser]
    ./src/app/page.tsx [Server Component]

  Client Component SSR:
    ./src/app/page.tsx [Client Component SSR]
    ./src/app/page.tsx [Server Component]

https://nextjs.org/docs/messages/module-not-found @ http://localhost:3000/_next/static/chunks/node_modules_next_dist_1gdrd03._.js:1945
[ 1002721ms] [ERROR] ./src/app/page.tsx:11:1
Module not found: Can't resolve '@/components/architecture-view'
   9 | import { AgentWorkflow } from "@/components/agent-workflow";
  10 | import { AftermathResult } from "@/components/aftermath-result";
> 11 | import { ArchitectureView } from "@/components/architecture-view";
     | ^^^^^^^^^^^^^^^^^^^^^^^^^^^^^^^^^^^^^^^^^^^^^^^^^^^^^^^^^^^^^^^^^^
  12 | import { Disclaimer } from "@/components/disclaimer";
  13 |
  14 | export default function Home() {

Import map: aliased to relative './src/components/architecture-view' inside of [project]/

Import traces:
  Client Component Browser:
    ./src/app/page.tsx [Client Component Browser]
    ./src/app/page.tsx [Server Component]

  Client Component SSR:
    ./src/app/page.tsx [Client Component SSR]
    ./src/app/page.tsx [Server Component]

https://nextjs.org/docs/messages/module-not-found @ http://localhost:3000/_next/static/chunks/node_modules_next_dist_1gdrd03._.js:1945
[ 1002783ms] [ERROR] ./src/app/page.tsx:11:1
Module not found: Can't resolve '@/components/architecture-view'
   9 | import { AgentWorkflow } from "@/components/agent-workflow";
  10 | import { AftermathResult } from "@/components/aftermath-result";
> 11 | import { ArchitectureView } from "@/components/architecture-view";
     | ^^^^^^^^^^^^^^^^^^^^^^^^^^^^^^^^^^^^^^^^^^^^^^^^^^^^^^^^^^^^^^^^^^
  12 | import { Disclaimer } from "@/components/disclaimer";
  13 |
  14 | export default function Home() {

Import map: aliased to relative './src/components/architecture-view' inside of [project]/

Import traces:
  Client Component Browser:
    ./src/app/page.tsx [Client Component Browser]
    ./src/app/page.tsx [Server Component]

  Client Component SSR:
    ./src/app/page.tsx [Client Component SSR]
    ./src/app/page.tsx [Server Component]

https://nextjs.org/docs/messages/module-not-found @ http://localhost:3000/_next/static/chunks/node_modules_next_dist_1gdrd03._.js:1945
[ 1002845ms] [ERROR] ./src/app/page.tsx:11:1
Module not found: Can't resolve '@/components/architecture-view'
   9 | import { AgentWorkflow } from "@/components/agent-workflow";
  10 | import { AftermathResult } from "@/components/aftermath-result";
> 11 | import { ArchitectureView } from "@/components/architecture-view";
     | ^^^^^^^^^^^^^^^^^^^^^^^^^^^^^^^^^^^^^^^^^^^^^^^^^^^^^^^^^^^^^^^^^^
  12 | import { Disclaimer } from "@/components/disclaimer";
  13 |
  14 | export default function Home() {

Import map: aliased to relative './src/components/architecture-view' inside of [project]/

Import traces:
  Client Component Browser:
    ./src/app/page.tsx [Client Component Browser]
    ./src/app/page.tsx [Server Component]

  Client Component SSR:
    ./src/app/page.tsx [Client Component SSR]
    ./src/app/page.tsx [Server Component]

https://nextjs.org/docs/messages/module-not-found @ http://localhost:3000/_next/static/chunks/node_modules_next_dist_1gdrd03._.js:1945
[ 1002908ms] [ERROR] ./src/app/page.tsx:11:1
Module not found: Can't resolve '@/components/architecture-view'
   9 | import { AgentWorkflow } from "@/components/agent-workflow";
  10 | import { AftermathResult } from "@/components/aftermath-result";
> 11 | import { ArchitectureView } from "@/components/architecture-view";
     | ^^^^^^^^^^^^^^^^^^^^^^^^^^^^^^^^^^^^^^^^^^^^^^^^^^^^^^^^^^^^^^^^^^
  12 | import { Disclaimer } from "@/components/disclaimer";
  13 |
  14 | export default function Home() {

Import map: aliased to relative './src/components/architecture-view' inside of [project]/

Import traces:
  Client Component Browser:
    ./src/app/page.tsx [Client Component Browser]
    ./src/app/page.tsx [Server Component]

  Client Component SSR:
    ./src/app/page.tsx [Client Component SSR]
    ./src/app/page.tsx [Server Component]

https://nextjs.org/docs/messages/module-not-found @ http://localhost:3000/_next/static/chunks/node_modules_next_dist_1gdrd03._.js:1945
[ 1002971ms] [ERROR] ./src/app/page.tsx:11:1
Module not found: Can't resolve '@/components/architecture-view'
   9 | import { AgentWorkflow } from "@/components/agent-workflow";
  10 | import { AftermathResult } from "@/components/aftermath-result";
> 11 | import { ArchitectureView } from "@/components/architecture-view";
     | ^^^^^^^^^^^^^^^^^^^^^^^^^^^^^^^^^^^^^^^^^^^^^^^^^^^^^^^^^^^^^^^^^^
  12 | import { Disclaimer } from "@/components/disclaimer";
  13 |
  14 | export default function Home() {

Import map: aliased to relative './src/components/architecture-view' inside of [project]/

Import traces:
  Client Component Browser:
    ./src/app/page.tsx [Client Component Browser]
    ./src/app/page.tsx [Server Component]

  Client Component SSR:
    ./src/app/page.tsx [Client Component SSR]
    ./src/app/page.tsx [Server Component]

https://nextjs.org/docs/messages/module-not-found @ http://localhost:3000/_next/static/chunks/node_modules_next_dist_1gdrd03._.js:1945
[ 1003038ms] [ERROR] ./src/app/page.tsx:11:1
Module not found: Can't resolve '@/components/architecture-view'
   9 | import { AgentWorkflow } from "@/components/agent-workflow";
  10 | import { AftermathResult } from "@/components/aftermath-result";
> 11 | import { ArchitectureView } from "@/components/architecture-view";
     | ^^^^^^^^^^^^^^^^^^^^^^^^^^^^^^^^^^^^^^^^^^^^^^^^^^^^^^^^^^^^^^^^^^
  12 | import { Disclaimer } from "@/components/disclaimer";
  13 |
  14 | export default function Home() {

Import map: aliased to relative './src/components/architecture-view' inside of [project]/

Import traces:
  Client Component Browser:
    ./src/app/page.tsx [Client Component Browser]
    ./src/app/page.tsx [Server Component]

  Client Component SSR:
    ./src/app/page.tsx [Client Component SSR]
    ./src/app/page.tsx [Server Component]

https://nextjs.org/docs/messages/module-not-found @ http://localhost:3000/_next/static/chunks/node_modules_next_dist_1gdrd03._.js:1945
[ 1003103ms] [ERROR] ./src/app/page.tsx:11:1
Module not found: Can't resolve '@/components/architecture-view'
   9 | import { AgentWorkflow } from "@/components/agent-workflow";
  10 | import { AftermathResult } from "@/components/aftermath-result";
> 11 | import { ArchitectureView } from "@/components/architecture-view";
     | ^^^^^^^^^^^^^^^^^^^^^^^^^^^^^^^^^^^^^^^^^^^^^^^^^^^^^^^^^^^^^^^^^^
  12 | import { Disclaimer } from "@/components/disclaimer";
  13 |
  14 | export default function Home() {

Import map: aliased to relative './src/components/architecture-view' inside of [project]/

Import traces:
  Client Component Browser:
    ./src/app/page.tsx [Client Component Browser]
    ./src/app/page.tsx [Server Component]

  Client Component SSR:
    ./src/app/page.tsx [Client Component SSR]
    ./src/app/page.tsx [Server Component]

https://nextjs.org/docs/messages/module-not-found @ http://localhost:3000/_next/static/chunks/node_modules_next_dist_1gdrd03._.js:1945
[ 1003165ms] [ERROR] ./src/app/page.tsx:11:1
Module not found: Can't resolve '@/components/architecture-view'
   9 | import { AgentWorkflow } from "@/components/agent-workflow";
  10 | import { AftermathResult } from "@/components/aftermath-result";
> 11 | import { ArchitectureView } from "@/components/architecture-view";
     | ^^^^^^^^^^^^^^^^^^^^^^^^^^^^^^^^^^^^^^^^^^^^^^^^^^^^^^^^^^^^^^^^^^
  12 | import { Disclaimer } from "@/components/disclaimer";
  13 |
  14 | export default function Home() {

Import map: aliased to relative './src/components/architecture-view' inside of [project]/

Import traces:
  Client Component Browser:
    ./src/app/page.tsx [Client Component Browser]
    ./src/app/page.tsx [Server Component]

  Client Component SSR:
    ./src/app/page.tsx [Client Component SSR]
    ./src/app/page.tsx [Server Component]

https://nextjs.org/docs/messages/module-not-found @ http://localhost:3000/_next/static/chunks/node_modules_next_dist_1gdrd03._.js:1945
[ 1003218ms] [ERROR] ./src/app/page.tsx:11:1
Module not found: Can't resolve '@/components/architecture-view'
   9 | import { AgentWorkflow } from "@/components/agent-workflow";
  10 | import { AftermathResult } from "@/components/aftermath-result";
> 11 | import { ArchitectureView } from "@/components/architecture-view";
     | ^^^^^^^^^^^^^^^^^^^^^^^^^^^^^^^^^^^^^^^^^^^^^^^^^^^^^^^^^^^^^^^^^^
  12 | import { Disclaimer } from "@/components/disclaimer";
  13 |
  14 | export default function Home() {

Import map: aliased to relative './src/components/architecture-view' inside of [project]/

Import traces:
  Client Component Browser:
    ./src/app/page.tsx [Client Component Browser]
    ./src/app/page.tsx [Server Component]

  Client Component SSR:
    ./src/app/page.tsx [Client Component SSR]
    ./src/app/page.tsx [Server Component]

https://nextjs.org/docs/messages/module-not-found @ http://localhost:3000/_next/static/chunks/node_modules_next_dist_1gdrd03._.js:1945
[ 1003270ms] [ERROR] ./src/app/page.tsx:11:1
Module not found: Can't resolve '@/components/architecture-view'
   9 | import { AgentWorkflow } from "@/components/agent-workflow";
  10 | import { AftermathResult } from "@/components/aftermath-result";
> 11 | import { ArchitectureView } from "@/components/architecture-view";
     | ^^^^^^^^^^^^^^^^^^^^^^^^^^^^^^^^^^^^^^^^^^^^^^^^^^^^^^^^^^^^^^^^^^
  12 | import { Disclaimer } from "@/components/disclaimer";
  13 |
  14 | export default function Home() {

Import map: aliased to relative './src/components/architecture-view' inside of [project]/

Import traces:
  Client Component Browser:
    ./src/app/page.tsx [Client Component Browser]
    ./src/app/page.tsx [Server Component]

  Client Component SSR:
    ./src/app/page.tsx [Client Component SSR]
    ./src/app/page.tsx [Server Component]

https://nextjs.org/docs/messages/module-not-found @ http://localhost:3000/_next/static/chunks/node_modules_next_dist_1gdrd03._.js:1945
[ 1003337ms] [ERROR] ./src/app/page.tsx:11:1
Module not found: Can't resolve '@/components/architecture-view'
   9 | import { AgentWorkflow } from "@/components/agent-workflow";
  10 | import { AftermathResult } from "@/components/aftermath-result";
> 11 | import { ArchitectureView } from "@/components/architecture-view";
     | ^^^^^^^^^^^^^^^^^^^^^^^^^^^^^^^^^^^^^^^^^^^^^^^^^^^^^^^^^^^^^^^^^^
  12 | import { Disclaimer } from "@/components/disclaimer";
  13 |
  14 | export default function Home() {

Import map: aliased to relative './src/components/architecture-view' inside of [project]/

Import traces:
  Client Component Browser:
    ./src/app/page.tsx [Client Component Browser]
    ./src/app/page.tsx [Server Component]

  Client Component SSR:
    ./src/app/page.tsx [Client Component SSR]
    ./src/app/page.tsx [Server Component]

https://nextjs.org/docs/messages/module-not-found @ http://localhost:3000/_next/static/chunks/node_modules_next_dist_1gdrd03._.js:1945
[ 1003398ms] [ERROR] ./src/app/page.tsx:11:1
Module not found: Can't resolve '@/components/architecture-view'
   9 | import { AgentWorkflow } from "@/components/agent-workflow";
  10 | import { AftermathResult } from "@/components/aftermath-result";
> 11 | import { ArchitectureView } from "@/components/architecture-view";
     | ^^^^^^^^^^^^^^^^^^^^^^^^^^^^^^^^^^^^^^^^^^^^^^^^^^^^^^^^^^^^^^^^^^
  12 | import { Disclaimer } from "@/components/disclaimer";
  13 |
  14 | export default function Home() {

Import map: aliased to relative './src/components/architecture-view' inside of [project]/

Import traces:
  Client Component Browser:
    ./src/app/page.tsx [Client Component Browser]
    ./src/app/page.tsx [Server Component]

  Client Component SSR:
    ./src/app/page.tsx [Client Component SSR]
    ./src/app/page.tsx [Server Component]

https://nextjs.org/docs/messages/module-not-found @ http://localhost:3000/_next/static/chunks/node_modules_next_dist_1gdrd03._.js:1945
[ 1003461ms] [ERROR] ./src/app/page.tsx:11:1
Module not found: Can't resolve '@/components/architecture-view'
   9 | import { AgentWorkflow } from "@/components/agent-workflow";
  10 | import { AftermathResult } from "@/components/aftermath-result";
> 11 | import { ArchitectureView } from "@/components/architecture-view";
     | ^^^^^^^^^^^^^^^^^^^^^^^^^^^^^^^^^^^^^^^^^^^^^^^^^^^^^^^^^^^^^^^^^^
  12 | import { Disclaimer } from "@/components/disclaimer";
  13 |
  14 | export default function Home() {

Import map: aliased to relative './src/components/architecture-view' inside of [project]/

Import traces:
  Client Component Browser:
    ./src/app/page.tsx [Client Component Browser]
    ./src/app/page.tsx [Server Component]

  Client Component SSR:
    ./src/app/page.tsx [Client Component SSR]
    ./src/app/page.tsx [Server Component]

https://nextjs.org/docs/messages/module-not-found @ http://localhost:3000/_next/static/chunks/node_modules_next_dist_1gdrd03._.js:1945
[ 1003523ms] [ERROR] ./src/app/page.tsx:11:1
Module not found: Can't resolve '@/components/architecture-view'
   9 | import { AgentWorkflow } from "@/components/agent-workflow";
  10 | import { AftermathResult } from "@/components/aftermath-result";
> 11 | import { ArchitectureView } from "@/components/architecture-view";
     | ^^^^^^^^^^^^^^^^^^^^^^^^^^^^^^^^^^^^^^^^^^^^^^^^^^^^^^^^^^^^^^^^^^
  12 | import { Disclaimer } from "@/components/disclaimer";
  13 |
  14 | export default function Home() {

Import map: aliased to relative './src/components/architecture-view' inside of [project]/

Import traces:
  Client Component Browser:
    ./src/app/page.tsx [Client Component Browser]
    ./src/app/page.tsx [Server Component]

  Client Component SSR:
    ./src/app/page.tsx [Client Component SSR]
    ./src/app/page.tsx [Server Component]

https://nextjs.org/docs/messages/module-not-found @ http://localhost:3000/_next/static/chunks/node_modules_next_dist_1gdrd03._.js:1945
[ 1003589ms] [ERROR] ./src/app/page.tsx:11:1
Module not found: Can't resolve '@/components/architecture-view'
   9 | import { AgentWorkflow } from "@/components/agent-workflow";
  10 | import { AftermathResult } from "@/components/aftermath-result";
> 11 | import { ArchitectureView } from "@/components/architecture-view";
     | ^^^^^^^^^^^^^^^^^^^^^^^^^^^^^^^^^^^^^^^^^^^^^^^^^^^^^^^^^^^^^^^^^^
  12 | import { Disclaimer } from "@/components/disclaimer";
  13 |
  14 | export default function Home() {

Import map: aliased to relative './src/components/architecture-view' inside of [project]/

Import traces:
  Client Component Browser:
    ./src/app/page.tsx [Client Component Browser]
    ./src/app/page.tsx [Server Component]

  Client Component SSR:
    ./src/app/page.tsx [Client Component SSR]
    ./src/app/page.tsx [Server Component]

https://nextjs.org/docs/messages/module-not-found @ http://localhost:3000/_next/static/chunks/node_modules_next_dist_1gdrd03._.js:1945
[ 1003642ms] [ERROR] ./src/app/page.tsx:11:1
Module not found: Can't resolve '@/components/architecture-view'
   9 | import { AgentWorkflow } from "@/components/agent-workflow";
  10 | import { AftermathResult } from "@/components/aftermath-result";
> 11 | import { ArchitectureView } from "@/components/architecture-view";
     | ^^^^^^^^^^^^^^^^^^^^^^^^^^^^^^^^^^^^^^^^^^^^^^^^^^^^^^^^^^^^^^^^^^
  12 | import { Disclaimer } from "@/components/disclaimer";
  13 |
  14 | export default function Home() {

Import map: aliased to relative './src/components/architecture-view' inside of [project]/

Import traces:
  Client Component Browser:
    ./src/app/page.tsx [Client Component Browser]
    ./src/app/page.tsx [Server Component]

  Client Component SSR:
    ./src/app/page.tsx [Client Component SSR]
    ./src/app/page.tsx [Server Component]

https://nextjs.org/docs/messages/module-not-found @ http://localhost:3000/_next/static/chunks/node_modules_next_dist_1gdrd03._.js:1945
[ 1003709ms] [ERROR] ./src/app/page.tsx:11:1
Module not found: Can't resolve '@/components/architecture-view'
   9 | import { AgentWorkflow } from "@/components/agent-workflow";
  10 | import { AftermathResult } from "@/components/aftermath-result";
> 11 | import { ArchitectureView } from "@/components/architecture-view";
     | ^^^^^^^^^^^^^^^^^^^^^^^^^^^^^^^^^^^^^^^^^^^^^^^^^^^^^^^^^^^^^^^^^^
  12 | import { Disclaimer } from "@/components/disclaimer";
  13 |
  14 | export default function Home() {

Import map: aliased to relative './src/components/architecture-view' inside of [project]/

Import traces:
  Client Component Browser:
    ./src/app/page.tsx [Client Component Browser]
    ./src/app/page.tsx [Server Component]

  Client Component SSR:
    ./src/app/page.tsx [Client Component SSR]
    ./src/app/page.tsx [Server Component]

https://nextjs.org/docs/messages/module-not-found @ http://localhost:3000/_next/static/chunks/node_modules_next_dist_1gdrd03._.js:1945
[ 1003772ms] [ERROR] ./src/app/page.tsx:11:1
Module not found: Can't resolve '@/components/architecture-view'
   9 | import { AgentWorkflow } from "@/components/agent-workflow";
  10 | import { AftermathResult } from "@/components/aftermath-result";
> 11 | import { ArchitectureView } from "@/components/architecture-view";
     | ^^^^^^^^^^^^^^^^^^^^^^^^^^^^^^^^^^^^^^^^^^^^^^^^^^^^^^^^^^^^^^^^^^
  12 | import { Disclaimer } from "@/components/disclaimer";
  13 |
  14 | export default function Home() {

Import map: aliased to relative './src/components/architecture-view' inside of [project]/

Import traces:
  Client Component Browser:
    ./src/app/page.tsx [Client Component Browser]
    ./src/app/page.tsx [Server Component]

  Client Component SSR:
    ./src/app/page.tsx [Client Component SSR]
    ./src/app/page.tsx [Server Component]

https://nextjs.org/docs/messages/module-not-found @ http://localhost:3000/_next/static/chunks/node_modules_next_dist_1gdrd03._.js:1945
[ 1003831ms] [ERROR] ./src/app/page.tsx:11:1
Module not found: Can't resolve '@/components/architecture-view'
   9 | import { AgentWorkflow } from "@/components/agent-workflow";
  10 | import { AftermathResult } from "@/components/aftermath-result";
> 11 | import { ArchitectureView } from "@/components/architecture-view";
     | ^^^^^^^^^^^^^^^^^^^^^^^^^^^^^^^^^^^^^^^^^^^^^^^^^^^^^^^^^^^^^^^^^^
  12 | import { Disclaimer } from "@/components/disclaimer";
  13 |
  14 | export default function Home() {

Import map: aliased to relative './src/components/architecture-view' inside of [project]/

Import traces:
  Client Component Browser:
    ./src/app/page.tsx [Client Component Browser]
    ./src/app/page.tsx [Server Component]

  Client Component SSR:
    ./src/app/page.tsx [Client Component SSR]
    ./src/app/page.tsx [Server Component]

https://nextjs.org/docs/messages/module-not-found @ http://localhost:3000/_next/static/chunks/node_modules_next_dist_1gdrd03._.js:1945
[ 1003894ms] [ERROR] ./src/app/page.tsx:11:1
Module not found: Can't resolve '@/components/architecture-view'
   9 | import { AgentWorkflow } from "@/components/agent-workflow";
  10 | import { AftermathResult } from "@/components/aftermath-result";
> 11 | import { ArchitectureView } from "@/components/architecture-view";
     | ^^^^^^^^^^^^^^^^^^^^^^^^^^^^^^^^^^^^^^^^^^^^^^^^^^^^^^^^^^^^^^^^^^
  12 | import { Disclaimer } from "@/components/disclaimer";
  13 |
  14 | export default function Home() {

Import map: aliased to relative './src/components/architecture-view' inside of [project]/

Import traces:
  Client Component Browser:
    ./src/app/page.tsx [Client Component Browser]
    ./src/app/page.tsx [Server Component]

  Client Component SSR:
    ./src/app/page.tsx [Client Component SSR]
    ./src/app/page.tsx [Server Component]

https://nextjs.org/docs/messages/module-not-found @ http://localhost:3000/_next/static/chunks/node_modules_next_dist_1gdrd03._.js:1945
[ 1003957ms] [ERROR] ./src/app/page.tsx:11:1
Module not found: Can't resolve '@/components/architecture-view'
   9 | import { AgentWorkflow } from "@/components/agent-workflow";
  10 | import { AftermathResult } from "@/components/aftermath-result";
> 11 | import { ArchitectureView } from "@/components/architecture-view";
     | ^^^^^^^^^^^^^^^^^^^^^^^^^^^^^^^^^^^^^^^^^^^^^^^^^^^^^^^^^^^^^^^^^^
  12 | import { Disclaimer } from "@/components/disclaimer";
  13 |
  14 | export default function Home() {

Import map: aliased to relative './src/components/architecture-view' inside of [project]/

Import traces:
  Client Component Browser:
    ./src/app/page.tsx [Client Component Browser]
    ./src/app/page.tsx [Server Component]

  Client Component SSR:
    ./src/app/page.tsx [Client Component SSR]
    ./src/app/page.tsx [Server Component]

https://nextjs.org/docs/messages/module-not-found @ http://localhost:3000/_next/static/chunks/node_modules_next_dist_1gdrd03._.js:1945
[ 1004020ms] [ERROR] ./src/app/page.tsx:11:1
Module not found: Can't resolve '@/components/architecture-view'
   9 | import { AgentWorkflow } from "@/components/agent-workflow";
  10 | import { AftermathResult } from "@/components/aftermath-result";
> 11 | import { ArchitectureView } from "@/components/architecture-view";
     | ^^^^^^^^^^^^^^^^^^^^^^^^^^^^^^^^^^^^^^^^^^^^^^^^^^^^^^^^^^^^^^^^^^
  12 | import { Disclaimer } from "@/components/disclaimer";
  13 |
  14 | export default function Home() {

Import map: aliased to relative './src/components/architecture-view' inside of [project]/

Import traces:
  Client Component Browser:
    ./src/app/page.tsx [Client Component Browser]
    ./src/app/page.tsx [Server Component]

  Client Component SSR:
    ./src/app/page.tsx [Client Component SSR]
    ./src/app/page.tsx [Server Component]

https://nextjs.org/docs/messages/module-not-found @ http://localhost:3000/_next/static/chunks/node_modules_next_dist_1gdrd03._.js:1945
[ 1004084ms] [ERROR] ./src/app/page.tsx:11:1
Module not found: Can't resolve '@/components/architecture-view'
   9 | import { AgentWorkflow } from "@/components/agent-workflow";
  10 | import { AftermathResult } from "@/components/aftermath-result";
> 11 | import { ArchitectureView } from "@/components/architecture-view";
     | ^^^^^^^^^^^^^^^^^^^^^^^^^^^^^^^^^^^^^^^^^^^^^^^^^^^^^^^^^^^^^^^^^^
  12 | import { Disclaimer } from "@/components/disclaimer";
  13 |
  14 | export default function Home() {

Import map: aliased to relative './src/components/architecture-view' inside of [project]/

Import traces:
  Client Component Browser:
    ./src/app/page.tsx [Client Component Browser]
    ./src/app/page.tsx [Server Component]

  Client Component SSR:
    ./src/app/page.tsx [Client Component SSR]
    ./src/app/page.tsx [Server Component]

https://nextjs.org/docs/messages/module-not-found @ http://localhost:3000/_next/static/chunks/node_modules_next_dist_1gdrd03._.js:1945
[ 1004147ms] [ERROR] ./src/app/page.tsx:11:1
Module not found: Can't resolve '@/components/architecture-view'
   9 | import { AgentWorkflow } from "@/components/agent-workflow";
  10 | import { AftermathResult } from "@/components/aftermath-result";
> 11 | import { ArchitectureView } from "@/components/architecture-view";
     | ^^^^^^^^^^^^^^^^^^^^^^^^^^^^^^^^^^^^^^^^^^^^^^^^^^^^^^^^^^^^^^^^^^
  12 | import { Disclaimer } from "@/components/disclaimer";
  13 |
  14 | export default function Home() {

Import map: aliased to relative './src/components/architecture-view' inside of [project]/

Import traces:
  Client Component Browser:
    ./src/app/page.tsx [Client Component Browser]
    ./src/app/page.tsx [Server Component]

  Client Component SSR:
    ./src/app/page.tsx [Client Component SSR]
    ./src/app/page.tsx [Server Component]

https://nextjs.org/docs/messages/module-not-found @ http://localhost:3000/_next/static/chunks/node_modules_next_dist_1gdrd03._.js:1945
[ 1004210ms] [ERROR] ./src/app/page.tsx:11:1
Module not found: Can't resolve '@/components/architecture-view'
   9 | import { AgentWorkflow } from "@/components/agent-workflow";
  10 | import { AftermathResult } from "@/components/aftermath-result";
> 11 | import { ArchitectureView } from "@/components/architecture-view";
     | ^^^^^^^^^^^^^^^^^^^^^^^^^^^^^^^^^^^^^^^^^^^^^^^^^^^^^^^^^^^^^^^^^^
  12 | import { Disclaimer } from "@/components/disclaimer";
  13 |
  14 | export default function Home() {

Import map: aliased to relative './src/components/architecture-view' inside of [project]/

Import traces:
  Client Component Browser:
    ./src/app/page.tsx [Client Component Browser]
    ./src/app/page.tsx [Server Component]

  Client Component SSR:
    ./src/app/page.tsx [Client Component SSR]
    ./src/app/page.tsx [Server Component]

https://nextjs.org/docs/messages/module-not-found @ http://localhost:3000/_next/static/chunks/node_modules_next_dist_1gdrd03._.js:1945
[ 1004270ms] [ERROR] ./src/app/page.tsx:11:1
Module not found: Can't resolve '@/components/architecture-view'
   9 | import { AgentWorkflow } from "@/components/agent-workflow";
  10 | import { AftermathResult } from "@/components/aftermath-result";
> 11 | import { ArchitectureView } from "@/components/architecture-view";
     | ^^^^^^^^^^^^^^^^^^^^^^^^^^^^^^^^^^^^^^^^^^^^^^^^^^^^^^^^^^^^^^^^^^
  12 | import { Disclaimer } from "@/components/disclaimer";
  13 |
  14 | export default function Home() {

Import map: aliased to relative './src/components/architecture-view' inside of [project]/

Import traces:
  Client Component Browser:
    ./src/app/page.tsx [Client Component Browser]
    ./src/app/page.tsx [Server Component]

  Client Component SSR:
    ./src/app/page.tsx [Client Component SSR]
    ./src/app/page.tsx [Server Component]

https://nextjs.org/docs/messages/module-not-found @ http://localhost:3000/_next/static/chunks/node_modules_next_dist_1gdrd03._.js:1945
[ 1004328ms] [ERROR] ./src/app/page.tsx:11:1
Module not found: Can't resolve '@/components/architecture-view'
   9 | import { AgentWorkflow } from "@/components/agent-workflow";
  10 | import { AftermathResult } from "@/components/aftermath-result";
> 11 | import { ArchitectureView } from "@/components/architecture-view";
     | ^^^^^^^^^^^^^^^^^^^^^^^^^^^^^^^^^^^^^^^^^^^^^^^^^^^^^^^^^^^^^^^^^^
  12 | import { Disclaimer } from "@/components/disclaimer";
  13 |
  14 | export default function Home() {

Import map: aliased to relative './src/components/architecture-view' inside of [project]/

Import traces:
  Client Component Browser:
    ./src/app/page.tsx [Client Component Browser]
    ./src/app/page.tsx [Server Component]

  Client Component SSR:
    ./src/app/page.tsx [Client Component SSR]
    ./src/app/page.tsx [Server Component]

https://nextjs.org/docs/messages/module-not-found @ http://localhost:3000/_next/static/chunks/node_modules_next_dist_1gdrd03._.js:1945
[ 1004387ms] [ERROR] ./src/app/page.tsx:11:1
Module not found: Can't resolve '@/components/architecture-view'
   9 | import { AgentWorkflow } from "@/components/agent-workflow";
  10 | import { AftermathResult } from "@/components/aftermath-result";
> 11 | import { ArchitectureView } from "@/components/architecture-view";
     | ^^^^^^^^^^^^^^^^^^^^^^^^^^^^^^^^^^^^^^^^^^^^^^^^^^^^^^^^^^^^^^^^^^
  12 | import { Disclaimer } from "@/components/disclaimer";
  13 |
  14 | export default function Home() {

Import map: aliased to relative './src/components/architecture-view' inside of [project]/

Import traces:
  Client Component Browser:
    ./src/app/page.tsx [Client Component Browser]
    ./src/app/page.tsx [Server Component]

  Client Component SSR:
    ./src/app/page.tsx [Client Component SSR]
    ./src/app/page.tsx [Server Component]

https://nextjs.org/docs/messages/module-not-found @ http://localhost:3000/_next/static/chunks/node_modules_next_dist_1gdrd03._.js:1945
[ 1004442ms] [ERROR] ./src/app/page.tsx:11:1
Module not found: Can't resolve '@/components/architecture-view'
   9 | import { AgentWorkflow } from "@/components/agent-workflow";
  10 | import { AftermathResult } from "@/components/aftermath-result";
> 11 | import { ArchitectureView } from "@/components/architecture-view";
     | ^^^^^^^^^^^^^^^^^^^^^^^^^^^^^^^^^^^^^^^^^^^^^^^^^^^^^^^^^^^^^^^^^^
  12 | import { Disclaimer } from "@/components/disclaimer";
  13 |
  14 | export default function Home() {

Import map: aliased to relative './src/components/architecture-view' inside of [project]/

Import traces:
  Client Component Browser:
    ./src/app/page.tsx [Client Component Browser]
    ./src/app/page.tsx [Server Component]

  Client Component SSR:
    ./src/app/page.tsx [Client Component SSR]
    ./src/app/page.tsx [Server Component]

https://nextjs.org/docs/messages/module-not-found @ http://localhost:3000/_next/static/chunks/node_modules_next_dist_1gdrd03._.js:1945
[ 1004502ms] [ERROR] ./src/app/page.tsx:11:1
Module not found: Can't resolve '@/components/architecture-view'
   9 | import { AgentWorkflow } from "@/components/agent-workflow";
  10 | import { AftermathResult } from "@/components/aftermath-result";
> 11 | import { ArchitectureView } from "@/components/architecture-view";
     | ^^^^^^^^^^^^^^^^^^^^^^^^^^^^^^^^^^^^^^^^^^^^^^^^^^^^^^^^^^^^^^^^^^
  12 | import { Disclaimer } from "@/components/disclaimer";
  13 |
  14 | export default function Home() {

Import map: aliased to relative './src/components/architecture-view' inside of [project]/

Import traces:
  Client Component Browser:
    ./src/app/page.tsx [Client Component Browser]
    ./src/app/page.tsx [Server Component]

  Client Component SSR:
    ./src/app/page.tsx [Client Component SSR]
    ./src/app/page.tsx [Server Component]

https://nextjs.org/docs/messages/module-not-found @ http://localhost:3000/_next/static/chunks/node_modules_next_dist_1gdrd03._.js:1945
[ 1004554ms] [ERROR] ./src/app/page.tsx:11:1
Module not found: Can't resolve '@/components/architecture-view'
   9 | import { AgentWorkflow } from "@/components/agent-workflow";
  10 | import { AftermathResult } from "@/components/aftermath-result";
> 11 | import { ArchitectureView } from "@/components/architecture-view";
     | ^^^^^^^^^^^^^^^^^^^^^^^^^^^^^^^^^^^^^^^^^^^^^^^^^^^^^^^^^^^^^^^^^^
  12 | import { Disclaimer } from "@/components/disclaimer";
  13 |
  14 | export default function Home() {

Import map: aliased to relative './src/components/architecture-view' inside of [project]/

Import traces:
  Client Component Browser:
    ./src/app/page.tsx [Client Component Browser]
    ./src/app/page.tsx [Server Component]

  Client Component SSR:
    ./src/app/page.tsx [Client Component SSR]
    ./src/app/page.tsx [Server Component]

https://nextjs.org/docs/messages/module-not-found @ http://localhost:3000/_next/static/chunks/node_modules_next_dist_1gdrd03._.js:1945
[ 1004620ms] [ERROR] ./src/app/page.tsx:11:1
Module not found: Can't resolve '@/components/architecture-view'
   9 | import { AgentWorkflow } from "@/components/agent-workflow";
  10 | import { AftermathResult } from "@/components/aftermath-result";
> 11 | import { ArchitectureView } from "@/components/architecture-view";
     | ^^^^^^^^^^^^^^^^^^^^^^^^^^^^^^^^^^^^^^^^^^^^^^^^^^^^^^^^^^^^^^^^^^
  12 | import { Disclaimer } from "@/components/disclaimer";
  13 |
  14 | export default function Home() {

Import map: aliased to relative './src/components/architecture-view' inside of [project]/

Import traces:
  Client Component Browser:
    ./src/app/page.tsx [Client Component Browser]
    ./src/app/page.tsx [Server Component]

  Client Component SSR:
    ./src/app/page.tsx [Client Component SSR]
    ./src/app/page.tsx [Server Component]

https://nextjs.org/docs/messages/module-not-found @ http://localhost:3000/_next/static/chunks/node_modules_next_dist_1gdrd03._.js:1945
[ 1004685ms] [ERROR] ./src/app/page.tsx:11:1
Module not found: Can't resolve '@/components/architecture-view'
   9 | import { AgentWorkflow } from "@/components/agent-workflow";
  10 | import { AftermathResult } from "@/components/aftermath-result";
> 11 | import { ArchitectureView } from "@/components/architecture-view";
     | ^^^^^^^^^^^^^^^^^^^^^^^^^^^^^^^^^^^^^^^^^^^^^^^^^^^^^^^^^^^^^^^^^^
  12 | import { Disclaimer } from "@/components/disclaimer";
  13 |
  14 | export default function Home() {

Import map: aliased to relative './src/components/architecture-view' inside of [project]/

Import traces:
  Client Component Browser:
    ./src/app/page.tsx [Client Component Browser]
    ./src/app/page.tsx [Server Component]

  Client Component SSR:
    ./src/app/page.tsx [Client Component SSR]
    ./src/app/page.tsx [Server Component]

https://nextjs.org/docs/messages/module-not-found @ http://localhost:3000/_next/static/chunks/node_modules_next_dist_1gdrd03._.js:1945
[ 1004736ms] [ERROR] ./src/app/page.tsx:11:1
Module not found: Can't resolve '@/components/architecture-view'
   9 | import { AgentWorkflow } from "@/components/agent-workflow";
  10 | import { AftermathResult } from "@/components/aftermath-result";
> 11 | import { ArchitectureView } from "@/components/architecture-view";
     | ^^^^^^^^^^^^^^^^^^^^^^^^^^^^^^^^^^^^^^^^^^^^^^^^^^^^^^^^^^^^^^^^^^
  12 | import { Disclaimer } from "@/components/disclaimer";
  13 |
  14 | export default function Home() {

Import map: aliased to relative './src/components/architecture-view' inside of [project]/

Import traces:
  Client Component Browser:
    ./src/app/page.tsx [Client Component Browser]
    ./src/app/page.tsx [Server Component]

  Client Component SSR:
    ./src/app/page.tsx [Client Component SSR]
    ./src/app/page.tsx [Server Component]

https://nextjs.org/docs/messages/module-not-found @ http://localhost:3000/_next/static/chunks/node_modules_next_dist_1gdrd03._.js:1945
[ 1004791ms] [ERROR] ./src/app/page.tsx:11:1
Module not found: Can't resolve '@/components/architecture-view'
   9 | import { AgentWorkflow } from "@/components/agent-workflow";
  10 | import { AftermathResult } from "@/components/aftermath-result";
> 11 | import { ArchitectureView } from "@/components/architecture-view";
     | ^^^^^^^^^^^^^^^^^^^^^^^^^^^^^^^^^^^^^^^^^^^^^^^^^^^^^^^^^^^^^^^^^^
  12 | import { Disclaimer } from "@/components/disclaimer";
  13 |
  14 | export default function Home() {

Import map: aliased to relative './src/components/architecture-view' inside of [project]/

Import traces:
  Client Component Browser:
    ./src/app/page.tsx [Client Component Browser]
    ./src/app/page.tsx [Server Component]

  Client Component SSR:
    ./src/app/page.tsx [Client Component SSR]
    ./src/app/page.tsx [Server Component]

https://nextjs.org/docs/messages/module-not-found @ http://localhost:3000/_next/static/chunks/node_modules_next_dist_1gdrd03._.js:1945
[ 1004842ms] [ERROR] ./src/app/page.tsx:11:1
Module not found: Can't resolve '@/components/architecture-view'
   9 | import { AgentWorkflow } from "@/components/agent-workflow";
  10 | import { AftermathResult } from "@/components/aftermath-result";
> 11 | import { ArchitectureView } from "@/components/architecture-view";
     | ^^^^^^^^^^^^^^^^^^^^^^^^^^^^^^^^^^^^^^^^^^^^^^^^^^^^^^^^^^^^^^^^^^
  12 | import { Disclaimer } from "@/components/disclaimer";
  13 |
  14 | export default function Home() {

Import map: aliased to relative './src/components/architecture-view' inside of [project]/

Import traces:
  Client Component Browser:
    ./src/app/page.tsx [Client Component Browser]
    ./src/app/page.tsx [Server Component]

  Client Component SSR:
    ./src/app/page.tsx [Client Component SSR]
    ./src/app/page.tsx [Server Component]

https://nextjs.org/docs/messages/module-not-found @ http://localhost:3000/_next/static/chunks/node_modules_next_dist_1gdrd03._.js:1945
[ 1004903ms] [ERROR] ./src/app/page.tsx:11:1
Module not found: Can't resolve '@/components/architecture-view'
   9 | import { AgentWorkflow } from "@/components/agent-workflow";
  10 | import { AftermathResult } from "@/components/aftermath-result";
> 11 | import { ArchitectureView } from "@/components/architecture-view";
     | ^^^^^^^^^^^^^^^^^^^^^^^^^^^^^^^^^^^^^^^^^^^^^^^^^^^^^^^^^^^^^^^^^^
  12 | import { Disclaimer } from "@/components/disclaimer";
  13 |
  14 | export default function Home() {

Import map: aliased to relative './src/components/architecture-view' inside of [project]/

Import traces:
  Client Component Browser:
    ./src/app/page.tsx [Client Component Browser]
    ./src/app/page.tsx [Server Component]

  Client Component SSR:
    ./src/app/page.tsx [Client Component SSR]
    ./src/app/page.tsx [Server Component]

https://nextjs.org/docs/messages/module-not-found @ http://localhost:3000/_next/static/chunks/node_modules_next_dist_1gdrd03._.js:1945
[ 1004952ms] [ERROR] ./src/app/page.tsx:11:1
Module not found: Can't resolve '@/components/architecture-view'
   9 | import { AgentWorkflow } from "@/components/agent-workflow";
  10 | import { AftermathResult } from "@/components/aftermath-result";
> 11 | import { ArchitectureView } from "@/components/architecture-view";
     | ^^^^^^^^^^^^^^^^^^^^^^^^^^^^^^^^^^^^^^^^^^^^^^^^^^^^^^^^^^^^^^^^^^
  12 | import { Disclaimer } from "@/components/disclaimer";
  13 |
  14 | export default function Home() {

Import map: aliased to relative './src/components/architecture-view' inside of [project]/

Import traces:
  Client Component Browser:
    ./src/app/page.tsx [Client Component Browser]
    ./src/app/page.tsx [Server Component]

  Client Component SSR:
    ./src/app/page.tsx [Client Component SSR]
    ./src/app/page.tsx [Server Component]

https://nextjs.org/docs/messages/module-not-found @ http://localhost:3000/_next/static/chunks/node_modules_next_dist_1gdrd03._.js:1945
[ 1005002ms] [ERROR] ./src/app/page.tsx:11:1
Module not found: Can't resolve '@/components/architecture-view'
   9 | import { AgentWorkflow } from "@/components/agent-workflow";
  10 | import { AftermathResult } from "@/components/aftermath-result";
> 11 | import { ArchitectureView } from "@/components/architecture-view";
     | ^^^^^^^^^^^^^^^^^^^^^^^^^^^^^^^^^^^^^^^^^^^^^^^^^^^^^^^^^^^^^^^^^^
  12 | import { Disclaimer } from "@/components/disclaimer";
  13 |
  14 | export default function Home() {

Import map: aliased to relative './src/components/architecture-view' inside of [project]/

Import traces:
  Client Component Browser:
    ./src/app/page.tsx [Client Component Browser]
    ./src/app/page.tsx [Server Component]

  Client Component SSR:
    ./src/app/page.tsx [Client Component SSR]
    ./src/app/page.tsx [Server Component]

https://nextjs.org/docs/messages/module-not-found @ http://localhost:3000/_next/static/chunks/node_modules_next_dist_1gdrd03._.js:1945
[ 1005068ms] [ERROR] ./src/app/page.tsx:11:1
Module not found: Can't resolve '@/components/architecture-view'
   9 | import { AgentWorkflow } from "@/components/agent-workflow";
  10 | import { AftermathResult } from "@/components/aftermath-result";
> 11 | import { ArchitectureView } from "@/components/architecture-view";
     | ^^^^^^^^^^^^^^^^^^^^^^^^^^^^^^^^^^^^^^^^^^^^^^^^^^^^^^^^^^^^^^^^^^
  12 | import { Disclaimer } from "@/components/disclaimer";
  13 |
  14 | export default function Home() {

Import map: aliased to relative './src/components/architecture-view' inside of [project]/

Import traces:
  Client Component Browser:
    ./src/app/page.tsx [Client Component Browser]
    ./src/app/page.tsx [Server Component]

  Client Component SSR:
    ./src/app/page.tsx [Client Component SSR]
    ./src/app/page.tsx [Server Component]

https://nextjs.org/docs/messages/module-not-found @ http://localhost:3000/_next/static/chunks/node_modules_next_dist_1gdrd03._.js:1945
[ 1005137ms] [ERROR] ./src/app/page.tsx:11:1
Module not found: Can't resolve '@/components/architecture-view'
   9 | import { AgentWorkflow } from "@/components/agent-workflow";
  10 | import { AftermathResult } from "@/components/aftermath-result";
> 11 | import { ArchitectureView } from "@/components/architecture-view";
     | ^^^^^^^^^^^^^^^^^^^^^^^^^^^^^^^^^^^^^^^^^^^^^^^^^^^^^^^^^^^^^^^^^^
  12 | import { Disclaimer } from "@/components/disclaimer";
  13 |
  14 | export default function Home() {

Import map: aliased to relative './src/components/architecture-view' inside of [project]/

Import traces:
  Client Component Browser:
    ./src/app/page.tsx [Client Component Browser]
    ./src/app/page.tsx [Server Component]

  Client Component SSR:
    ./src/app/page.tsx [Client Component SSR]
    ./src/app/page.tsx [Server Component]

https://nextjs.org/docs/messages/module-not-found @ http://localhost:3000/_next/static/chunks/node_modules_next_dist_1gdrd03._.js:1945
[ 1005203ms] [ERROR] ./src/app/page.tsx:11:1
Module not found: Can't resolve '@/components/architecture-view'
   9 | import { AgentWorkflow } from "@/components/agent-workflow";
  10 | import { AftermathResult } from "@/components/aftermath-result";
> 11 | import { ArchitectureView } from "@/components/architecture-view";
     | ^^^^^^^^^^^^^^^^^^^^^^^^^^^^^^^^^^^^^^^^^^^^^^^^^^^^^^^^^^^^^^^^^^
  12 | import { Disclaimer } from "@/components/disclaimer";
  13 |
  14 | export default function Home() {

Import map: aliased to relative './src/components/architecture-view' inside of [project]/

Import traces:
  Client Component Browser:
    ./src/app/page.tsx [Client Component Browser]
    ./src/app/page.tsx [Server Component]

  Client Component SSR:
    ./src/app/page.tsx [Client Component SSR]
    ./src/app/page.tsx [Server Component]

https://nextjs.org/docs/messages/module-not-found @ http://localhost:3000/_next/static/chunks/node_modules_next_dist_1gdrd03._.js:1945
[ 1005270ms] [ERROR] ./src/app/page.tsx:11:1
Module not found: Can't resolve '@/components/architecture-view'
   9 | import { AgentWorkflow } from "@/components/agent-workflow";
  10 | import { AftermathResult } from "@/components/aftermath-result";
> 11 | import { ArchitectureView } from "@/components/architecture-view";
     | ^^^^^^^^^^^^^^^^^^^^^^^^^^^^^^^^^^^^^^^^^^^^^^^^^^^^^^^^^^^^^^^^^^
  12 | import { Disclaimer } from "@/components/disclaimer";
  13 |
  14 | export default function Home() {

Import map: aliased to relative './src/components/architecture-view' inside of [project]/

Import traces:
  Client Component Browser:
    ./src/app/page.tsx [Client Component Browser]
    ./src/app/page.tsx [Server Component]

  Client Component SSR:
    ./src/app/page.tsx [Client Component SSR]
    ./src/app/page.tsx [Server Component]

https://nextjs.org/docs/messages/module-not-found @ http://localhost:3000/_next/static/chunks/node_modules_next_dist_1gdrd03._.js:1945
[ 1005337ms] [ERROR] ./src/app/page.tsx:11:1
Module not found: Can't resolve '@/components/architecture-view'
   9 | import { AgentWorkflow } from "@/components/agent-workflow";
  10 | import { AftermathResult } from "@/components/aftermath-result";
> 11 | import { ArchitectureView } from "@/components/architecture-view";
     | ^^^^^^^^^^^^^^^^^^^^^^^^^^^^^^^^^^^^^^^^^^^^^^^^^^^^^^^^^^^^^^^^^^
  12 | import { Disclaimer } from "@/components/disclaimer";
  13 |
  14 | export default function Home() {

Import map: aliased to relative './src/components/architecture-view' inside of [project]/

Import traces:
  Client Component Browser:
    ./src/app/page.tsx [Client Component Browser]
    ./src/app/page.tsx [Server Component]

  Client Component SSR:
    ./src/app/page.tsx [Client Component SSR]
    ./src/app/page.tsx [Server Component]

https://nextjs.org/docs/messages/module-not-found @ http://localhost:3000/_next/static/chunks/node_modules_next_dist_1gdrd03._.js:1945
[ 1005386ms] [ERROR] ./src/app/page.tsx:11:1
Module not found: Can't resolve '@/components/architecture-view'
   9 | import { AgentWorkflow } from "@/components/agent-workflow";
  10 | import { AftermathResult } from "@/components/aftermath-result";
> 11 | import { ArchitectureView } from "@/components/architecture-view";
     | ^^^^^^^^^^^^^^^^^^^^^^^^^^^^^^^^^^^^^^^^^^^^^^^^^^^^^^^^^^^^^^^^^^
  12 | import { Disclaimer } from "@/components/disclaimer";
  13 |
  14 | export default function Home() {

Import map: aliased to relative './src/components/architecture-view' inside of [project]/

Import traces:
  Client Component Browser:
    ./src/app/page.tsx [Client Component Browser]
    ./src/app/page.tsx [Server Component]

  Client Component SSR:
    ./src/app/page.tsx [Client Component SSR]
    ./src/app/page.tsx [Server Component]

https://nextjs.org/docs/messages/module-not-found @ http://localhost:3000/_next/static/chunks/node_modules_next_dist_1gdrd03._.js:1945
[ 1005453ms] [ERROR] ./src/app/page.tsx:11:1
Module not found: Can't resolve '@/components/architecture-view'
   9 | import { AgentWorkflow } from "@/components/agent-workflow";
  10 | import { AftermathResult } from "@/components/aftermath-result";
> 11 | import { ArchitectureView } from "@/components/architecture-view";
     | ^^^^^^^^^^^^^^^^^^^^^^^^^^^^^^^^^^^^^^^^^^^^^^^^^^^^^^^^^^^^^^^^^^
  12 | import { Disclaimer } from "@/components/disclaimer";
  13 |
  14 | export default function Home() {

Import map: aliased to relative './src/components/architecture-view' inside of [project]/

Import traces:
  Client Component Browser:
    ./src/app/page.tsx [Client Component Browser]
    ./src/app/page.tsx [Server Component]

  Client Component SSR:
    ./src/app/page.tsx [Client Component SSR]
    ./src/app/page.tsx [Server Component]

https://nextjs.org/docs/messages/module-not-found @ http://localhost:3000/_next/static/chunks/node_modules_next_dist_1gdrd03._.js:1945
[ 1005503ms] [ERROR] ./src/app/page.tsx:11:1
Module not found: Can't resolve '@/components/architecture-view'
   9 | import { AgentWorkflow } from "@/components/agent-workflow";
  10 | import { AftermathResult } from "@/components/aftermath-result";
> 11 | import { ArchitectureView } from "@/components/architecture-view";
     | ^^^^^^^^^^^^^^^^^^^^^^^^^^^^^^^^^^^^^^^^^^^^^^^^^^^^^^^^^^^^^^^^^^
  12 | import { Disclaimer } from "@/components/disclaimer";
  13 |
  14 | export default function Home() {

Import map: aliased to relative './src/components/architecture-view' inside of [project]/

Import traces:
  Client Component Browser:
    ./src/app/page.tsx [Client Component Browser]
    ./src/app/page.tsx [Server Component]

  Client Component SSR:
    ./src/app/page.tsx [Client Component SSR]
    ./src/app/page.tsx [Server Component]

https://nextjs.org/docs/messages/module-not-found @ http://localhost:3000/_next/static/chunks/node_modules_next_dist_1gdrd03._.js:1945
[ 1005554ms] [ERROR] ./src/app/page.tsx:11:1
Module not found: Can't resolve '@/components/architecture-view'
   9 | import { AgentWorkflow } from "@/components/agent-workflow";
  10 | import { AftermathResult } from "@/components/aftermath-result";
> 11 | import { ArchitectureView } from "@/components/architecture-view";
     | ^^^^^^^^^^^^^^^^^^^^^^^^^^^^^^^^^^^^^^^^^^^^^^^^^^^^^^^^^^^^^^^^^^
  12 | import { Disclaimer } from "@/components/disclaimer";
  13 |
  14 | export default function Home() {

Import map: aliased to relative './src/components/architecture-view' inside of [project]/

Import traces:
  Client Component Browser:
    ./src/app/page.tsx [Client Component Browser]
    ./src/app/page.tsx [Server Component]

  Client Component SSR:
    ./src/app/page.tsx [Client Component SSR]
    ./src/app/page.tsx [Server Component]

https://nextjs.org/docs/messages/module-not-found @ http://localhost:3000/_next/static/chunks/node_modules_next_dist_1gdrd03._.js:1945
[ 1005603ms] [ERROR] ./src/app/page.tsx:11:1
Module not found: Can't resolve '@/components/architecture-view'
   9 | import { AgentWorkflow } from "@/components/agent-workflow";
  10 | import { AftermathResult } from "@/components/aftermath-result";
> 11 | import { ArchitectureView } from "@/components/architecture-view";
     | ^^^^^^^^^^^^^^^^^^^^^^^^^^^^^^^^^^^^^^^^^^^^^^^^^^^^^^^^^^^^^^^^^^
  12 | import { Disclaimer } from "@/components/disclaimer";
  13 |
  14 | export default function Home() {

Import map: aliased to relative './src/components/architecture-view' inside of [project]/

Import traces:
  Client Component Browser:
    ./src/app/page.tsx [Client Component Browser]
    ./src/app/page.tsx [Server Component]

  Client Component SSR:
    ./src/app/page.tsx [Client Component SSR]
    ./src/app/page.tsx [Server Component]

https://nextjs.org/docs/messages/module-not-found @ http://localhost:3000/_next/static/chunks/node_modules_next_dist_1gdrd03._.js:1945
[ 1005670ms] [ERROR] ./src/app/page.tsx:11:1
Module not found: Can't resolve '@/components/architecture-view'
   9 | import { AgentWorkflow } from "@/components/agent-workflow";
  10 | import { AftermathResult } from "@/components/aftermath-result";
> 11 | import { ArchitectureView } from "@/components/architecture-view";
     | ^^^^^^^^^^^^^^^^^^^^^^^^^^^^^^^^^^^^^^^^^^^^^^^^^^^^^^^^^^^^^^^^^^
  12 | import { Disclaimer } from "@/components/disclaimer";
  13 |
  14 | export default function Home() {

Import map: aliased to relative './src/components/architecture-view' inside of [project]/

Import traces:
  Client Component Browser:
    ./src/app/page.tsx [Client Component Browser]
    ./src/app/page.tsx [Server Component]

  Client Component SSR:
    ./src/app/page.tsx [Client Component SSR]
    ./src/app/page.tsx [Server Component]

https://nextjs.org/docs/messages/module-not-found @ http://localhost:3000/_next/static/chunks/node_modules_next_dist_1gdrd03._.js:1945
[ 1005736ms] [ERROR] ./src/app/page.tsx:11:1
Module not found: Can't resolve '@/components/architecture-view'
   9 | import { AgentWorkflow } from "@/components/agent-workflow";
  10 | import { AftermathResult } from "@/components/aftermath-result";
> 11 | import { ArchitectureView } from "@/components/architecture-view";
     | ^^^^^^^^^^^^^^^^^^^^^^^^^^^^^^^^^^^^^^^^^^^^^^^^^^^^^^^^^^^^^^^^^^
  12 | import { Disclaimer } from "@/components/disclaimer";
  13 |
  14 | export default function Home() {

Import map: aliased to relative './src/components/architecture-view' inside of [project]/

Import traces:
  Client Component Browser:
    ./src/app/page.tsx [Client Component Browser]
    ./src/app/page.tsx [Server Component]

  Client Component SSR:
    ./src/app/page.tsx [Client Component SSR]
    ./src/app/page.tsx [Server Component]

https://nextjs.org/docs/messages/module-not-found @ http://localhost:3000/_next/static/chunks/node_modules_next_dist_1gdrd03._.js:1945
[ 1005791ms] [ERROR] ./src/app/page.tsx:11:1
Module not found: Can't resolve '@/components/architecture-view'
   9 | import { AgentWorkflow } from "@/components/agent-workflow";
  10 | import { AftermathResult } from "@/components/aftermath-result";
> 11 | import { ArchitectureView } from "@/components/architecture-view";
     | ^^^^^^^^^^^^^^^^^^^^^^^^^^^^^^^^^^^^^^^^^^^^^^^^^^^^^^^^^^^^^^^^^^
  12 | import { Disclaimer } from "@/components/disclaimer";
  13 |
  14 | export default function Home() {

Import map: aliased to relative './src/components/architecture-view' inside of [project]/

Import traces:
  Client Component Browser:
    ./src/app/page.tsx [Client Component Browser]
    ./src/app/page.tsx [Server Component]

  Client Component SSR:
    ./src/app/page.tsx [Client Component SSR]
    ./src/app/page.tsx [Server Component]

https://nextjs.org/docs/messages/module-not-found @ http://localhost:3000/_next/static/chunks/node_modules_next_dist_1gdrd03._.js:1945
[ 1005852ms] [ERROR] ./src/app/page.tsx:11:1
Module not found: Can't resolve '@/components/architecture-view'
   9 | import { AgentWorkflow } from "@/components/agent-workflow";
  10 | import { AftermathResult } from "@/components/aftermath-result";
> 11 | import { ArchitectureView } from "@/components/architecture-view";
     | ^^^^^^^^^^^^^^^^^^^^^^^^^^^^^^^^^^^^^^^^^^^^^^^^^^^^^^^^^^^^^^^^^^
  12 | import { Disclaimer } from "@/components/disclaimer";
  13 |
  14 | export default function Home() {

Import map: aliased to relative './src/components/architecture-view' inside of [project]/

Import traces:
  Client Component Browser:
    ./src/app/page.tsx [Client Component Browser]
    ./src/app/page.tsx [Server Component]

  Client Component SSR:
    ./src/app/page.tsx [Client Component SSR]
    ./src/app/page.tsx [Server Component]

https://nextjs.org/docs/messages/module-not-found @ http://localhost:3000/_next/static/chunks/node_modules_next_dist_1gdrd03._.js:1945
[ 1005919ms] [ERROR] ./src/app/page.tsx:11:1
Module not found: Can't resolve '@/components/architecture-view'
   9 | import { AgentWorkflow } from "@/components/agent-workflow";
  10 | import { AftermathResult } from "@/components/aftermath-result";
> 11 | import { ArchitectureView } from "@/components/architecture-view";
     | ^^^^^^^^^^^^^^^^^^^^^^^^^^^^^^^^^^^^^^^^^^^^^^^^^^^^^^^^^^^^^^^^^^
  12 | import { Disclaimer } from "@/components/disclaimer";
  13 |
  14 | export default function Home() {

Import map: aliased to relative './src/components/architecture-view' inside of [project]/

Import traces:
  Client Component Browser:
    ./src/app/page.tsx [Client Component Browser]
    ./src/app/page.tsx [Server Component]

  Client Component SSR:
    ./src/app/page.tsx [Client Component SSR]
    ./src/app/page.tsx [Server Component]

https://nextjs.org/docs/messages/module-not-found @ http://localhost:3000/_next/static/chunks/node_modules_next_dist_1gdrd03._.js:1945
[ 1005987ms] [ERROR] ./src/app/page.tsx:11:1
Module not found: Can't resolve '@/components/architecture-view'
   9 | import { AgentWorkflow } from "@/components/agent-workflow";
  10 | import { AftermathResult } from "@/components/aftermath-result";
> 11 | import { ArchitectureView } from "@/components/architecture-view";
     | ^^^^^^^^^^^^^^^^^^^^^^^^^^^^^^^^^^^^^^^^^^^^^^^^^^^^^^^^^^^^^^^^^^
  12 | import { Disclaimer } from "@/components/disclaimer";
  13 |
  14 | export default function Home() {

Import map: aliased to relative './src/components/architecture-view' inside of [project]/

Import traces:
  Client Component Browser:
    ./src/app/page.tsx [Client Component Browser]
    ./src/app/page.tsx [Server Component]

  Client Component SSR:
    ./src/app/page.tsx [Client Component SSR]
    ./src/app/page.tsx [Server Component]

https://nextjs.org/docs/messages/module-not-found @ http://localhost:3000/_next/static/chunks/node_modules_next_dist_1gdrd03._.js:1945
[ 1006053ms] [ERROR] ./src/app/page.tsx:11:1
Module not found: Can't resolve '@/components/architecture-view'
   9 | import { AgentWorkflow } from "@/components/agent-workflow";
  10 | import { AftermathResult } from "@/components/aftermath-result";
> 11 | import { ArchitectureView } from "@/components/architecture-view";
     | ^^^^^^^^^^^^^^^^^^^^^^^^^^^^^^^^^^^^^^^^^^^^^^^^^^^^^^^^^^^^^^^^^^
  12 | import { Disclaimer } from "@/components/disclaimer";
  13 |
  14 | export default function Home() {

Import map: aliased to relative './src/components/architecture-view' inside of [project]/

Import traces:
  Client Component Browser:
    ./src/app/page.tsx [Client Component Browser]
    ./src/app/page.tsx [Server Component]

  Client Component SSR:
    ./src/app/page.tsx [Client Component SSR]
    ./src/app/page.tsx [Server Component]

https://nextjs.org/docs/messages/module-not-found @ http://localhost:3000/_next/static/chunks/node_modules_next_dist_1gdrd03._.js:1945
[ 1006117ms] [ERROR] ./src/app/page.tsx:11:1
Module not found: Can't resolve '@/components/architecture-view'
   9 | import { AgentWorkflow } from "@/components/agent-workflow";
  10 | import { AftermathResult } from "@/components/aftermath-result";
> 11 | import { ArchitectureView } from "@/components/architecture-view";
     | ^^^^^^^^^^^^^^^^^^^^^^^^^^^^^^^^^^^^^^^^^^^^^^^^^^^^^^^^^^^^^^^^^^
  12 | import { Disclaimer } from "@/components/disclaimer";
  13 |
  14 | export default function Home() {

Import map: aliased to relative './src/components/architecture-view' inside of [project]/

Import traces:
  Client Component Browser:
    ./src/app/page.tsx [Client Component Browser]
    ./src/app/page.tsx [Server Component]

  Client Component SSR:
    ./src/app/page.tsx [Client Component SSR]
    ./src/app/page.tsx [Server Component]

https://nextjs.org/docs/messages/module-not-found @ http://localhost:3000/_next/static/chunks/node_modules_next_dist_1gdrd03._.js:1945
[ 1006170ms] [ERROR] ./src/app/page.tsx:11:1
Module not found: Can't resolve '@/components/architecture-view'
   9 | import { AgentWorkflow } from "@/components/agent-workflow";
  10 | import { AftermathResult } from "@/components/aftermath-result";
> 11 | import { ArchitectureView } from "@/components/architecture-view";
     | ^^^^^^^^^^^^^^^^^^^^^^^^^^^^^^^^^^^^^^^^^^^^^^^^^^^^^^^^^^^^^^^^^^
  12 | import { Disclaimer } from "@/components/disclaimer";
  13 |
  14 | export default function Home() {

Import map: aliased to relative './src/components/architecture-view' inside of [project]/

Import traces:
  Client Component Browser:
    ./src/app/page.tsx [Client Component Browser]
    ./src/app/page.tsx [Server Component]

  Client Component SSR:
    ./src/app/page.tsx [Client Component SSR]
    ./src/app/page.tsx [Server Component]

https://nextjs.org/docs/messages/module-not-found @ http://localhost:3000/_next/static/chunks/node_modules_next_dist_1gdrd03._.js:1945
[ 1006234ms] [ERROR] ./src/app/page.tsx:11:1
Module not found: Can't resolve '@/components/architecture-view'
   9 | import { AgentWorkflow } from "@/components/agent-workflow";
  10 | import { AftermathResult } from "@/components/aftermath-result";
> 11 | import { ArchitectureView } from "@/components/architecture-view";
     | ^^^^^^^^^^^^^^^^^^^^^^^^^^^^^^^^^^^^^^^^^^^^^^^^^^^^^^^^^^^^^^^^^^
  12 | import { Disclaimer } from "@/components/disclaimer";
  13 |
  14 | export default function Home() {

Import map: aliased to relative './src/components/architecture-view' inside of [project]/

Import traces:
  Client Component Browser:
    ./src/app/page.tsx [Client Component Browser]
    ./src/app/page.tsx [Server Component]

  Client Component SSR:
    ./src/app/page.tsx [Client Component SSR]
    ./src/app/page.tsx [Server Component]

https://nextjs.org/docs/messages/module-not-found @ http://localhost:3000/_next/static/chunks/node_modules_next_dist_1gdrd03._.js:1945
[ 1006287ms] [ERROR] ./src/app/page.tsx:11:1
Module not found: Can't resolve '@/components/architecture-view'
   9 | import { AgentWorkflow } from "@/components/agent-workflow";
  10 | import { AftermathResult } from "@/components/aftermath-result";
> 11 | import { ArchitectureView } from "@/components/architecture-view";
     | ^^^^^^^^^^^^^^^^^^^^^^^^^^^^^^^^^^^^^^^^^^^^^^^^^^^^^^^^^^^^^^^^^^
  12 | import { Disclaimer } from "@/components/disclaimer";
  13 |
  14 | export default function Home() {

Import map: aliased to relative './src/components/architecture-view' inside of [project]/

Import traces:
  Client Component Browser:
    ./src/app/page.tsx [Client Component Browser]
    ./src/app/page.tsx [Server Component]

  Client Component SSR:
    ./src/app/page.tsx [Client Component SSR]
    ./src/app/page.tsx [Server Component]

https://nextjs.org/docs/messages/module-not-found @ http://localhost:3000/_next/static/chunks/node_modules_next_dist_1gdrd03._.js:1945
[ 1006350ms] [ERROR] ./src/app/page.tsx:11:1
Module not found: Can't resolve '@/components/architecture-view'
   9 | import { AgentWorkflow } from "@/components/agent-workflow";
  10 | import { AftermathResult } from "@/components/aftermath-result";
> 11 | import { ArchitectureView } from "@/components/architecture-view";
     | ^^^^^^^^^^^^^^^^^^^^^^^^^^^^^^^^^^^^^^^^^^^^^^^^^^^^^^^^^^^^^^^^^^
  12 | import { Disclaimer } from "@/components/disclaimer";
  13 |
  14 | export default function Home() {

Import map: aliased to relative './src/components/architecture-view' inside of [project]/

Import traces:
  Client Component Browser:
    ./src/app/page.tsx [Client Component Browser]
    ./src/app/page.tsx [Server Component]

  Client Component SSR:
    ./src/app/page.tsx [Client Component SSR]
    ./src/app/page.tsx [Server Component]

https://nextjs.org/docs/messages/module-not-found @ http://localhost:3000/_next/static/chunks/node_modules_next_dist_1gdrd03._.js:1945
[ 1006403ms] [ERROR] ./src/app/page.tsx:11:1
Module not found: Can't resolve '@/components/architecture-view'
   9 | import { AgentWorkflow } from "@/components/agent-workflow";
  10 | import { AftermathResult } from "@/components/aftermath-result";
> 11 | import { ArchitectureView } from "@/components/architecture-view";
     | ^^^^^^^^^^^^^^^^^^^^^^^^^^^^^^^^^^^^^^^^^^^^^^^^^^^^^^^^^^^^^^^^^^
  12 | import { Disclaimer } from "@/components/disclaimer";
  13 |
  14 | export default function Home() {

Import map: aliased to relative './src/components/architecture-view' inside of [project]/

Import traces:
  Client Component Browser:
    ./src/app/page.tsx [Client Component Browser]
    ./src/app/page.tsx [Server Component]

  Client Component SSR:
    ./src/app/page.tsx [Client Component SSR]
    ./src/app/page.tsx [Server Component]

https://nextjs.org/docs/messages/module-not-found @ http://localhost:3000/_next/static/chunks/node_modules_next_dist_1gdrd03._.js:1945
[ 1006468ms] [ERROR] ./src/app/page.tsx:11:1
Module not found: Can't resolve '@/components/architecture-view'
   9 | import { AgentWorkflow } from "@/components/agent-workflow";
  10 | import { AftermathResult } from "@/components/aftermath-result";
> 11 | import { ArchitectureView } from "@/components/architecture-view";
     | ^^^^^^^^^^^^^^^^^^^^^^^^^^^^^^^^^^^^^^^^^^^^^^^^^^^^^^^^^^^^^^^^^^
  12 | import { Disclaimer } from "@/components/disclaimer";
  13 |
  14 | export default function Home() {

Import map: aliased to relative './src/components/architecture-view' inside of [project]/

Import traces:
  Client Component Browser:
    ./src/app/page.tsx [Client Component Browser]
    ./src/app/page.tsx [Server Component]

  Client Component SSR:
    ./src/app/page.tsx [Client Component SSR]
    ./src/app/page.tsx [Server Component]

https://nextjs.org/docs/messages/module-not-found @ http://localhost:3000/_next/static/chunks/node_modules_next_dist_1gdrd03._.js:1945
[ 1006534ms] [ERROR] ./src/app/page.tsx:11:1
Module not found: Can't resolve '@/components/architecture-view'
   9 | import { AgentWorkflow } from "@/components/agent-workflow";
  10 | import { AftermathResult } from "@/components/aftermath-result";
> 11 | import { ArchitectureView } from "@/components/architecture-view";
     | ^^^^^^^^^^^^^^^^^^^^^^^^^^^^^^^^^^^^^^^^^^^^^^^^^^^^^^^^^^^^^^^^^^
  12 | import { Disclaimer } from "@/components/disclaimer";
  13 |
  14 | export default function Home() {

Import map: aliased to relative './src/components/architecture-view' inside of [project]/

Import traces:
  Client Component Browser:
    ./src/app/page.tsx [Client Component Browser]
    ./src/app/page.tsx [Server Component]

  Client Component SSR:
    ./src/app/page.tsx [Client Component SSR]
    ./src/app/page.tsx [Server Component]

https://nextjs.org/docs/messages/module-not-found @ http://localhost:3000/_next/static/chunks/node_modules_next_dist_1gdrd03._.js:1945
[ 1006587ms] [ERROR] ./src/app/page.tsx:11:1
Module not found: Can't resolve '@/components/architecture-view'
   9 | import { AgentWorkflow } from "@/components/agent-workflow";
  10 | import { AftermathResult } from "@/components/aftermath-result";
> 11 | import { ArchitectureView } from "@/components/architecture-view";
     | ^^^^^^^^^^^^^^^^^^^^^^^^^^^^^^^^^^^^^^^^^^^^^^^^^^^^^^^^^^^^^^^^^^
  12 | import { Disclaimer } from "@/components/disclaimer";
  13 |
  14 | export default function Home() {

Import map: aliased to relative './src/components/architecture-view' inside of [project]/

Import traces:
  Client Component Browser:
    ./src/app/page.tsx [Client Component Browser]
    ./src/app/page.tsx [Server Component]

  Client Component SSR:
    ./src/app/page.tsx [Client Component SSR]
    ./src/app/page.tsx [Server Component]

https://nextjs.org/docs/messages/module-not-found @ http://localhost:3000/_next/static/chunks/node_modules_next_dist_1gdrd03._.js:1945
[ 1006653ms] [ERROR] ./src/app/page.tsx:11:1
Module not found: Can't resolve '@/components/architecture-view'
   9 | import { AgentWorkflow } from "@/components/agent-workflow";
  10 | import { AftermathResult } from "@/components/aftermath-result";
> 11 | import { ArchitectureView } from "@/components/architecture-view";
     | ^^^^^^^^^^^^^^^^^^^^^^^^^^^^^^^^^^^^^^^^^^^^^^^^^^^^^^^^^^^^^^^^^^
  12 | import { Disclaimer } from "@/components/disclaimer";
  13 |
  14 | export default function Home() {

Import map: aliased to relative './src/components/architecture-view' inside of [project]/

Import traces:
  Client Component Browser:
    ./src/app/page.tsx [Client Component Browser]
    ./src/app/page.tsx [Server Component]

  Client Component SSR:
    ./src/app/page.tsx [Client Component SSR]
    ./src/app/page.tsx [Server Component]

https://nextjs.org/docs/messages/module-not-found @ http://localhost:3000/_next/static/chunks/node_modules_next_dist_1gdrd03._.js:1945
[ 1006716ms] [ERROR] ./src/app/page.tsx:11:1
Module not found: Can't resolve '@/components/architecture-view'
   9 | import { AgentWorkflow } from "@/components/agent-workflow";
  10 | import { AftermathResult } from "@/components/aftermath-result";
> 11 | import { ArchitectureView } from "@/components/architecture-view";
     | ^^^^^^^^^^^^^^^^^^^^^^^^^^^^^^^^^^^^^^^^^^^^^^^^^^^^^^^^^^^^^^^^^^
  12 | import { Disclaimer } from "@/components/disclaimer";
  13 |
  14 | export default function Home() {

Import map: aliased to relative './src/components/architecture-view' inside of [project]/

Import traces:
  Client Component Browser:
    ./src/app/page.tsx [Client Component Browser]
    ./src/app/page.tsx [Server Component]

  Client Component SSR:
    ./src/app/page.tsx [Client Component SSR]
    ./src/app/page.tsx [Server Component]

https://nextjs.org/docs/messages/module-not-found @ http://localhost:3000/_next/static/chunks/node_modules_next_dist_1gdrd03._.js:1945
[ 1006768ms] [ERROR] ./src/app/page.tsx:11:1
Module not found: Can't resolve '@/components/architecture-view'
   9 | import { AgentWorkflow } from "@/components/agent-workflow";
  10 | import { AftermathResult } from "@/components/aftermath-result";
> 11 | import { ArchitectureView } from "@/components/architecture-view";
     | ^^^^^^^^^^^^^^^^^^^^^^^^^^^^^^^^^^^^^^^^^^^^^^^^^^^^^^^^^^^^^^^^^^
  12 | import { Disclaimer } from "@/components/disclaimer";
  13 |
  14 | export default function Home() {

Import map: aliased to relative './src/components/architecture-view' inside of [project]/

Import traces:
  Client Component Browser:
    ./src/app/page.tsx [Client Component Browser]
    ./src/app/page.tsx [Server Component]

  Client Component SSR:
    ./src/app/page.tsx [Client Component SSR]
    ./src/app/page.tsx [Server Component]

https://nextjs.org/docs/messages/module-not-found @ http://localhost:3000/_next/static/chunks/node_modules_next_dist_1gdrd03._.js:1945
[ 1006837ms] [ERROR] ./src/app/page.tsx:11:1
Module not found: Can't resolve '@/components/architecture-view'
   9 | import { AgentWorkflow } from "@/components/agent-workflow";
  10 | import { AftermathResult } from "@/components/aftermath-result";
> 11 | import { ArchitectureView } from "@/components/architecture-view";
     | ^^^^^^^^^^^^^^^^^^^^^^^^^^^^^^^^^^^^^^^^^^^^^^^^^^^^^^^^^^^^^^^^^^
  12 | import { Disclaimer } from "@/components/disclaimer";
  13 |
  14 | export default function Home() {

Import map: aliased to relative './src/components/architecture-view' inside of [project]/

Import traces:
  Client Component Browser:
    ./src/app/page.tsx [Client Component Browser]
    ./src/app/page.tsx [Server Component]

  Client Component SSR:
    ./src/app/page.tsx [Client Component SSR]
    ./src/app/page.tsx [Server Component]

https://nextjs.org/docs/messages/module-not-found @ http://localhost:3000/_next/static/chunks/node_modules_next_dist_1gdrd03._.js:1945
[ 1006904ms] [ERROR] ./src/app/page.tsx:11:1
Module not found: Can't resolve '@/components/architecture-view'
   9 | import { AgentWorkflow } from "@/components/agent-workflow";
  10 | import { AftermathResult } from "@/components/aftermath-result";
> 11 | import { ArchitectureView } from "@/components/architecture-view";
     | ^^^^^^^^^^^^^^^^^^^^^^^^^^^^^^^^^^^^^^^^^^^^^^^^^^^^^^^^^^^^^^^^^^
  12 | import { Disclaimer } from "@/components/disclaimer";
  13 |
  14 | export default function Home() {

Import map: aliased to relative './src/components/architecture-view' inside of [project]/

Import traces:
  Client Component Browser:
    ./src/app/page.tsx [Client Component Browser]
    ./src/app/page.tsx [Server Component]

  Client Component SSR:
    ./src/app/page.tsx [Client Component SSR]
    ./src/app/page.tsx [Server Component]

https://nextjs.org/docs/messages/module-not-found @ http://localhost:3000/_next/static/chunks/node_modules_next_dist_1gdrd03._.js:1945
[ 1006969ms] [ERROR] ./src/app/page.tsx:11:1
Module not found: Can't resolve '@/components/architecture-view'
   9 | import { AgentWorkflow } from "@/components/agent-workflow";
  10 | import { AftermathResult } from "@/components/aftermath-result";
> 11 | import { ArchitectureView } from "@/components/architecture-view";
     | ^^^^^^^^^^^^^^^^^^^^^^^^^^^^^^^^^^^^^^^^^^^^^^^^^^^^^^^^^^^^^^^^^^
  12 | import { Disclaimer } from "@/components/disclaimer";
  13 |
  14 | export default function Home() {

Import map: aliased to relative './src/components/architecture-view' inside of [project]/

Import traces:
  Client Component Browser:
    ./src/app/page.tsx [Client Component Browser]
    ./src/app/page.tsx [Server Component]

  Client Component SSR:
    ./src/app/page.tsx [Client Component SSR]
    ./src/app/page.tsx [Server Component]

https://nextjs.org/docs/messages/module-not-found @ http://localhost:3000/_next/static/chunks/node_modules_next_dist_1gdrd03._.js:1945
[ 1007024ms] [ERROR] ./src/app/page.tsx:11:1
Module not found: Can't resolve '@/components/architecture-view'
   9 | import { AgentWorkflow } from "@/components/agent-workflow";
  10 | import { AftermathResult } from "@/components/aftermath-result";
> 11 | import { ArchitectureView } from "@/components/architecture-view";
     | ^^^^^^^^^^^^^^^^^^^^^^^^^^^^^^^^^^^^^^^^^^^^^^^^^^^^^^^^^^^^^^^^^^
  12 | import { Disclaimer } from "@/components/disclaimer";
  13 |
  14 | export default function Home() {

Import map: aliased to relative './src/components/architecture-view' inside of [project]/

Import traces:
  Client Component Browser:
    ./src/app/page.tsx [Client Component Browser]
    ./src/app/page.tsx [Server Component]

  Client Component SSR:
    ./src/app/page.tsx [Client Component SSR]
    ./src/app/page.tsx [Server Component]

https://nextjs.org/docs/messages/module-not-found @ http://localhost:3000/_next/static/chunks/node_modules_next_dist_1gdrd03._.js:1945
[ 1007086ms] [ERROR] ./src/app/page.tsx:11:1
Module not found: Can't resolve '@/components/architecture-view'
   9 | import { AgentWorkflow } from "@/components/agent-workflow";
  10 | import { AftermathResult } from "@/components/aftermath-result";
> 11 | import { ArchitectureView } from "@/components/architecture-view";
     | ^^^^^^^^^^^^^^^^^^^^^^^^^^^^^^^^^^^^^^^^^^^^^^^^^^^^^^^^^^^^^^^^^^
  12 | import { Disclaimer } from "@/components/disclaimer";
  13 |
  14 | export default function Home() {

Import map: aliased to relative './src/components/architecture-view' inside of [project]/

Import traces:
  Client Component Browser:
    ./src/app/page.tsx [Client Component Browser]
    ./src/app/page.tsx [Server Component]

  Client Component SSR:
    ./src/app/page.tsx [Client Component SSR]
    ./src/app/page.tsx [Server Component]

https://nextjs.org/docs/messages/module-not-found @ http://localhost:3000/_next/static/chunks/node_modules_next_dist_1gdrd03._.js:1945
[ 1007136ms] [ERROR] ./src/app/page.tsx:11:1
Module not found: Can't resolve '@/components/architecture-view'
   9 | import { AgentWorkflow } from "@/components/agent-workflow";
  10 | import { AftermathResult } from "@/components/aftermath-result";
> 11 | import { ArchitectureView } from "@/components/architecture-view";
     | ^^^^^^^^^^^^^^^^^^^^^^^^^^^^^^^^^^^^^^^^^^^^^^^^^^^^^^^^^^^^^^^^^^
  12 | import { Disclaimer } from "@/components/disclaimer";
  13 |
  14 | export default function Home() {

Import map: aliased to relative './src/components/architecture-view' inside of [project]/

Import traces:
  Client Component Browser:
    ./src/app/page.tsx [Client Component Browser]
    ./src/app/page.tsx [Server Component]

  Client Component SSR:
    ./src/app/page.tsx [Client Component SSR]
    ./src/app/page.tsx [Server Component]

https://nextjs.org/docs/messages/module-not-found @ http://localhost:3000/_next/static/chunks/node_modules_next_dist_1gdrd03._.js:1945
[ 1007203ms] [ERROR] ./src/app/page.tsx:11:1
Module not found: Can't resolve '@/components/architecture-view'
   9 | import { AgentWorkflow } from "@/components/agent-workflow";
  10 | import { AftermathResult } from "@/components/aftermath-result";
> 11 | import { ArchitectureView } from "@/components/architecture-view";
     | ^^^^^^^^^^^^^^^^^^^^^^^^^^^^^^^^^^^^^^^^^^^^^^^^^^^^^^^^^^^^^^^^^^
  12 | import { Disclaimer } from "@/components/disclaimer";
  13 |
  14 | export default function Home() {

Import map: aliased to relative './src/components/architecture-view' inside of [project]/

Import traces:
  Client Component Browser:
    ./src/app/page.tsx [Client Component Browser]
    ./src/app/page.tsx [Server Component]

  Client Component SSR:
    ./src/app/page.tsx [Client Component SSR]
    ./src/app/page.tsx [Server Component]

https://nextjs.org/docs/messages/module-not-found @ http://localhost:3000/_next/static/chunks/node_modules_next_dist_1gdrd03._.js:1945
[ 1007270ms] [ERROR] ./src/app/page.tsx:11:1
Module not found: Can't resolve '@/components/architecture-view'
   9 | import { AgentWorkflow } from "@/components/agent-workflow";
  10 | import { AftermathResult } from "@/components/aftermath-result";
> 11 | import { ArchitectureView } from "@/components/architecture-view";
     | ^^^^^^^^^^^^^^^^^^^^^^^^^^^^^^^^^^^^^^^^^^^^^^^^^^^^^^^^^^^^^^^^^^
  12 | import { Disclaimer } from "@/components/disclaimer";
  13 |
  14 | export default function Home() {

Import map: aliased to relative './src/components/architecture-view' inside of [project]/

Import traces:
  Client Component Browser:
    ./src/app/page.tsx [Client Component Browser]
    ./src/app/page.tsx [Server Component]

  Client Component SSR:
    ./src/app/page.tsx [Client Component SSR]
    ./src/app/page.tsx [Server Component]

https://nextjs.org/docs/messages/module-not-found @ http://localhost:3000/_next/static/chunks/node_modules_next_dist_1gdrd03._.js:1945
[ 1007334ms] [ERROR] ./src/app/page.tsx:11:1
Module not found: Can't resolve '@/components/architecture-view'
   9 | import { AgentWorkflow } from "@/components/agent-workflow";
  10 | import { AftermathResult } from "@/components/aftermath-result";
> 11 | import { ArchitectureView } from "@/components/architecture-view";
     | ^^^^^^^^^^^^^^^^^^^^^^^^^^^^^^^^^^^^^^^^^^^^^^^^^^^^^^^^^^^^^^^^^^
  12 | import { Disclaimer } from "@/components/disclaimer";
  13 |
  14 | export default function Home() {

Import map: aliased to relative './src/components/architecture-view' inside of [project]/

Import traces:
  Client Component Browser:
    ./src/app/page.tsx [Client Component Browser]
    ./src/app/page.tsx [Server Component]

  Client Component SSR:
    ./src/app/page.tsx [Client Component SSR]
    ./src/app/page.tsx [Server Component]

https://nextjs.org/docs/messages/module-not-found @ http://localhost:3000/_next/static/chunks/node_modules_next_dist_1gdrd03._.js:1945
[ 1007386ms] [ERROR] ./src/app/page.tsx:11:1
Module not found: Can't resolve '@/components/architecture-view'
   9 | import { AgentWorkflow } from "@/components/agent-workflow";
  10 | import { AftermathResult } from "@/components/aftermath-result";
> 11 | import { ArchitectureView } from "@/components/architecture-view";
     | ^^^^^^^^^^^^^^^^^^^^^^^^^^^^^^^^^^^^^^^^^^^^^^^^^^^^^^^^^^^^^^^^^^
  12 | import { Disclaimer } from "@/components/disclaimer";
  13 |
  14 | export default function Home() {

Import map: aliased to relative './src/components/architecture-view' inside of [project]/

Import traces:
  Client Component Browser:
    ./src/app/page.tsx [Client Component Browser]
    ./src/app/page.tsx [Server Component]

  Client Component SSR:
    ./src/app/page.tsx [Client Component SSR]
    ./src/app/page.tsx [Server Component]

https://nextjs.org/docs/messages/module-not-found @ http://localhost:3000/_next/static/chunks/node_modules_next_dist_1gdrd03._.js:1945
[ 1007454ms] [ERROR] ./src/app/page.tsx:11:1
Module not found: Can't resolve '@/components/architecture-view'
   9 | import { AgentWorkflow } from "@/components/agent-workflow";
  10 | import { AftermathResult } from "@/components/aftermath-result";
> 11 | import { ArchitectureView } from "@/components/architecture-view";
     | ^^^^^^^^^^^^^^^^^^^^^^^^^^^^^^^^^^^^^^^^^^^^^^^^^^^^^^^^^^^^^^^^^^
  12 | import { Disclaimer } from "@/components/disclaimer";
  13 |
  14 | export default function Home() {

Import map: aliased to relative './src/components/architecture-view' inside of [project]/

Import traces:
  Client Component Browser:
    ./src/app/page.tsx [Client Component Browser]
    ./src/app/page.tsx [Server Component]

  Client Component SSR:
    ./src/app/page.tsx [Client Component SSR]
    ./src/app/page.tsx [Server Component]

https://nextjs.org/docs/messages/module-not-found @ http://localhost:3000/_next/static/chunks/node_modules_next_dist_1gdrd03._.js:1945
[ 1007519ms] [ERROR] ./src/app/page.tsx:11:1
Module not found: Can't resolve '@/components/architecture-view'
   9 | import { AgentWorkflow } from "@/components/agent-workflow";
  10 | import { AftermathResult } from "@/components/aftermath-result";
> 11 | import { ArchitectureView } from "@/components/architecture-view";
     | ^^^^^^^^^^^^^^^^^^^^^^^^^^^^^^^^^^^^^^^^^^^^^^^^^^^^^^^^^^^^^^^^^^
  12 | import { Disclaimer } from "@/components/disclaimer";
  13 |
  14 | export default function Home() {

Import map: aliased to relative './src/components/architecture-view' inside of [project]/

Import traces:
  Client Component Browser:
    ./src/app/page.tsx [Client Component Browser]
    ./src/app/page.tsx [Server Component]

  Client Component SSR:
    ./src/app/page.tsx [Client Component SSR]
    ./src/app/page.tsx [Server Component]

https://nextjs.org/docs/messages/module-not-found @ http://localhost:3000/_next/static/chunks/node_modules_next_dist_1gdrd03._.js:1945
[ 1007571ms] [ERROR] ./src/app/page.tsx:11:1
Module not found: Can't resolve '@/components/architecture-view'
   9 | import { AgentWorkflow } from "@/components/agent-workflow";
  10 | import { AftermathResult } from "@/components/aftermath-result";
> 11 | import { ArchitectureView } from "@/components/architecture-view";
     | ^^^^^^^^^^^^^^^^^^^^^^^^^^^^^^^^^^^^^^^^^^^^^^^^^^^^^^^^^^^^^^^^^^
  12 | import { Disclaimer } from "@/components/disclaimer";
  13 |
  14 | export default function Home() {

Import map: aliased to relative './src/components/architecture-view' inside of [project]/

Import traces:
  Client Component Browser:
    ./src/app/page.tsx [Client Component Browser]
    ./src/app/page.tsx [Server Component]

  Client Component SSR:
    ./src/app/page.tsx [Client Component SSR]
    ./src/app/page.tsx [Server Component]

https://nextjs.org/docs/messages/module-not-found @ http://localhost:3000/_next/static/chunks/node_modules_next_dist_1gdrd03._.js:1945
[ 1007636ms] [ERROR] ./src/app/page.tsx:11:1
Module not found: Can't resolve '@/components/architecture-view'
   9 | import { AgentWorkflow } from "@/components/agent-workflow";
  10 | import { AftermathResult } from "@/components/aftermath-result";
> 11 | import { ArchitectureView } from "@/components/architecture-view";
     | ^^^^^^^^^^^^^^^^^^^^^^^^^^^^^^^^^^^^^^^^^^^^^^^^^^^^^^^^^^^^^^^^^^
  12 | import { Disclaimer } from "@/components/disclaimer";
  13 |
  14 | export default function Home() {

Import map: aliased to relative './src/components/architecture-view' inside of [project]/

Import traces:
  Client Component Browser:
    ./src/app/page.tsx [Client Component Browser]
    ./src/app/page.tsx [Server Component]

  Client Component SSR:
    ./src/app/page.tsx [Client Component SSR]
    ./src/app/page.tsx [Server Component]

https://nextjs.org/docs/messages/module-not-found @ http://localhost:3000/_next/static/chunks/node_modules_next_dist_1gdrd03._.js:1945
[ 1007686ms] [ERROR] ./src/app/page.tsx:11:1
Module not found: Can't resolve '@/components/architecture-view'
   9 | import { AgentWorkflow } from "@/components/agent-workflow";
  10 | import { AftermathResult } from "@/components/aftermath-result";
> 11 | import { ArchitectureView } from "@/components/architecture-view";
     | ^^^^^^^^^^^^^^^^^^^^^^^^^^^^^^^^^^^^^^^^^^^^^^^^^^^^^^^^^^^^^^^^^^
  12 | import { Disclaimer } from "@/components/disclaimer";
  13 |
  14 | export default function Home() {

Import map: aliased to relative './src/components/architecture-view' inside of [project]/

Import traces:
  Client Component Browser:
    ./src/app/page.tsx [Client Component Browser]
    ./src/app/page.tsx [Server Component]

  Client Component SSR:
    ./src/app/page.tsx [Client Component SSR]
    ./src/app/page.tsx [Server Component]

https://nextjs.org/docs/messages/module-not-found @ http://localhost:3000/_next/static/chunks/node_modules_next_dist_1gdrd03._.js:1945
[ 1007748ms] [ERROR] ./src/app/page.tsx:11:1
Module not found: Can't resolve '@/components/architecture-view'
   9 | import { AgentWorkflow } from "@/components/agent-workflow";
  10 | import { AftermathResult } from "@/components/aftermath-result";
> 11 | import { ArchitectureView } from "@/components/architecture-view";
     | ^^^^^^^^^^^^^^^^^^^^^^^^^^^^^^^^^^^^^^^^^^^^^^^^^^^^^^^^^^^^^^^^^^
  12 | import { Disclaimer } from "@/components/disclaimer";
  13 |
  14 | export default function Home() {

Import map: aliased to relative './src/components/architecture-view' inside of [project]/

Import traces:
  Client Component Browser:
    ./src/app/page.tsx [Client Component Browser]
    ./src/app/page.tsx [Server Component]

  Client Component SSR:
    ./src/app/page.tsx [Client Component SSR]
    ./src/app/page.tsx [Server Component]

https://nextjs.org/docs/messages/module-not-found @ http://localhost:3000/_next/static/chunks/node_modules_next_dist_1gdrd03._.js:1945
[ 1007803ms] [ERROR] ./src/app/page.tsx:11:1
Module not found: Can't resolve '@/components/architecture-view'
   9 | import { AgentWorkflow } from "@/components/agent-workflow";
  10 | import { AftermathResult } from "@/components/aftermath-result";
> 11 | import { ArchitectureView } from "@/components/architecture-view";
     | ^^^^^^^^^^^^^^^^^^^^^^^^^^^^^^^^^^^^^^^^^^^^^^^^^^^^^^^^^^^^^^^^^^
  12 | import { Disclaimer } from "@/components/disclaimer";
  13 |
  14 | export default function Home() {

Import map: aliased to relative './src/components/architecture-view' inside of [project]/

Import traces:
  Client Component Browser:
    ./src/app/page.tsx [Client Component Browser]
    ./src/app/page.tsx [Server Component]

  Client Component SSR:
    ./src/app/page.tsx [Client Component SSR]
    ./src/app/page.tsx [Server Component]

https://nextjs.org/docs/messages/module-not-found @ http://localhost:3000/_next/static/chunks/node_modules_next_dist_1gdrd03._.js:1945
[ 1007870ms] [ERROR] ./src/app/page.tsx:11:1
Module not found: Can't resolve '@/components/architecture-view'
   9 | import { AgentWorkflow } from "@/components/agent-workflow";
  10 | import { AftermathResult } from "@/components/aftermath-result";
> 11 | import { ArchitectureView } from "@/components/architecture-view";
     | ^^^^^^^^^^^^^^^^^^^^^^^^^^^^^^^^^^^^^^^^^^^^^^^^^^^^^^^^^^^^^^^^^^
  12 | import { Disclaimer } from "@/components/disclaimer";
  13 |
  14 | export default function Home() {

Import map: aliased to relative './src/components/architecture-view' inside of [project]/

Import traces:
  Client Component Browser:
    ./src/app/page.tsx [Client Component Browser]
    ./src/app/page.tsx [Server Component]

  Client Component SSR:
    ./src/app/page.tsx [Client Component SSR]
    ./src/app/page.tsx [Server Component]

https://nextjs.org/docs/messages/module-not-found @ http://localhost:3000/_next/static/chunks/node_modules_next_dist_1gdrd03._.js:1945
[ 1007919ms] [ERROR] ./src/app/page.tsx:11:1
Module not found: Can't resolve '@/components/architecture-view'
   9 | import { AgentWorkflow } from "@/components/agent-workflow";
  10 | import { AftermathResult } from "@/components/aftermath-result";
> 11 | import { ArchitectureView } from "@/components/architecture-view";
     | ^^^^^^^^^^^^^^^^^^^^^^^^^^^^^^^^^^^^^^^^^^^^^^^^^^^^^^^^^^^^^^^^^^
  12 | import { Disclaimer } from "@/components/disclaimer";
  13 |
  14 | export default function Home() {

Import map: aliased to relative './src/components/architecture-view' inside of [project]/

Import traces:
  Client Component Browser:
    ./src/app/page.tsx [Client Component Browser]
    ./src/app/page.tsx [Server Component]

  Client Component SSR:
    ./src/app/page.tsx [Client Component SSR]
    ./src/app/page.tsx [Server Component]

https://nextjs.org/docs/messages/module-not-found @ http://localhost:3000/_next/static/chunks/node_modules_next_dist_1gdrd03._.js:1945
[ 1007986ms] [ERROR] ./src/app/page.tsx:11:1
Module not found: Can't resolve '@/components/architecture-view'
   9 | import { AgentWorkflow } from "@/components/agent-workflow";
  10 | import { AftermathResult } from "@/components/aftermath-result";
> 11 | import { ArchitectureView } from "@/components/architecture-view";
     | ^^^^^^^^^^^^^^^^^^^^^^^^^^^^^^^^^^^^^^^^^^^^^^^^^^^^^^^^^^^^^^^^^^
  12 | import { Disclaimer } from "@/components/disclaimer";
  13 |
  14 | export default function Home() {

Import map: aliased to relative './src/components/architecture-view' inside of [project]/

Import traces:
  Client Component Browser:
    ./src/app/page.tsx [Client Component Browser]
    ./src/app/page.tsx [Server Component]

  Client Component SSR:
    ./src/app/page.tsx [Client Component SSR]
    ./src/app/page.tsx [Server Component]

https://nextjs.org/docs/messages/module-not-found @ http://localhost:3000/_next/static/chunks/node_modules_next_dist_1gdrd03._.js:1945
[ 1008036ms] [ERROR] ./src/app/page.tsx:11:1
Module not found: Can't resolve '@/components/architecture-view'
   9 | import { AgentWorkflow } from "@/components/agent-workflow";
  10 | import { AftermathResult } from "@/components/aftermath-result";
> 11 | import { ArchitectureView } from "@/components/architecture-view";
     | ^^^^^^^^^^^^^^^^^^^^^^^^^^^^^^^^^^^^^^^^^^^^^^^^^^^^^^^^^^^^^^^^^^
  12 | import { Disclaimer } from "@/components/disclaimer";
  13 |
  14 | export default function Home() {

Import map: aliased to relative './src/components/architecture-view' inside of [project]/

Import traces:
  Client Component Browser:
    ./src/app/page.tsx [Client Component Browser]
    ./src/app/page.tsx [Server Component]

  Client Component SSR:
    ./src/app/page.tsx [Client Component SSR]
    ./src/app/page.tsx [Server Component]

https://nextjs.org/docs/messages/module-not-found @ http://localhost:3000/_next/static/chunks/node_modules_next_dist_1gdrd03._.js:1945
[ 1008100ms] [ERROR] ./src/app/page.tsx:11:1
Module not found: Can't resolve '@/components/architecture-view'
   9 | import { AgentWorkflow } from "@/components/agent-workflow";
  10 | import { AftermathResult } from "@/components/aftermath-result";
> 11 | import { ArchitectureView } from "@/components/architecture-view";
     | ^^^^^^^^^^^^^^^^^^^^^^^^^^^^^^^^^^^^^^^^^^^^^^^^^^^^^^^^^^^^^^^^^^
  12 | import { Disclaimer } from "@/components/disclaimer";
  13 |
  14 | export default function Home() {

Import map: aliased to relative './src/components/architecture-view' inside of [project]/

Import traces:
  Client Component Browser:
    ./src/app/page.tsx [Client Component Browser]
    ./src/app/page.tsx [Server Component]

  Client Component SSR:
    ./src/app/page.tsx [Client Component SSR]
    ./src/app/page.tsx [Server Component]

https://nextjs.org/docs/messages/module-not-found @ http://localhost:3000/_next/static/chunks/node_modules_next_dist_1gdrd03._.js:1945
[ 1008153ms] [ERROR] ./src/app/page.tsx:11:1
Module not found: Can't resolve '@/components/architecture-view'
   9 | import { AgentWorkflow } from "@/components/agent-workflow";
  10 | import { AftermathResult } from "@/components/aftermath-result";
> 11 | import { ArchitectureView } from "@/components/architecture-view";
     | ^^^^^^^^^^^^^^^^^^^^^^^^^^^^^^^^^^^^^^^^^^^^^^^^^^^^^^^^^^^^^^^^^^
  12 | import { Disclaimer } from "@/components/disclaimer";
  13 |
  14 | export default function Home() {

Import map: aliased to relative './src/components/architecture-view' inside of [project]/

Import traces:
  Client Component Browser:
    ./src/app/page.tsx [Client Component Browser]
    ./src/app/page.tsx [Server Component]

  Client Component SSR:
    ./src/app/page.tsx [Client Component SSR]
    ./src/app/page.tsx [Server Component]

https://nextjs.org/docs/messages/module-not-found @ http://localhost:3000/_next/static/chunks/node_modules_next_dist_1gdrd03._.js:1945
[ 1008218ms] [ERROR] ./src/app/page.tsx:11:1
Module not found: Can't resolve '@/components/architecture-view'
   9 | import { AgentWorkflow } from "@/components/agent-workflow";
  10 | import { AftermathResult } from "@/components/aftermath-result";
> 11 | import { ArchitectureView } from "@/components/architecture-view";
     | ^^^^^^^^^^^^^^^^^^^^^^^^^^^^^^^^^^^^^^^^^^^^^^^^^^^^^^^^^^^^^^^^^^
  12 | import { Disclaimer } from "@/components/disclaimer";
  13 |
  14 | export default function Home() {

Import map: aliased to relative './src/components/architecture-view' inside of [project]/

Import traces:
  Client Component Browser:
    ./src/app/page.tsx [Client Component Browser]
    ./src/app/page.tsx [Server Component]

  Client Component SSR:
    ./src/app/page.tsx [Client Component SSR]
    ./src/app/page.tsx [Server Component]

https://nextjs.org/docs/messages/module-not-found @ http://localhost:3000/_next/static/chunks/node_modules_next_dist_1gdrd03._.js:1945
[ 1008269ms] [ERROR] ./src/app/page.tsx:11:1
Module not found: Can't resolve '@/components/architecture-view'
   9 | import { AgentWorkflow } from "@/components/agent-workflow";
  10 | import { AftermathResult } from "@/components/aftermath-result";
> 11 | import { ArchitectureView } from "@/components/architecture-view";
     | ^^^^^^^^^^^^^^^^^^^^^^^^^^^^^^^^^^^^^^^^^^^^^^^^^^^^^^^^^^^^^^^^^^
  12 | import { Disclaimer } from "@/components/disclaimer";
  13 |
  14 | export default function Home() {

Import map: aliased to relative './src/components/architecture-view' inside of [project]/

Import traces:
  Client Component Browser:
    ./src/app/page.tsx [Client Component Browser]
    ./src/app/page.tsx [Server Component]

  Client Component SSR:
    ./src/app/page.tsx [Client Component SSR]
    ./src/app/page.tsx [Server Component]

https://nextjs.org/docs/messages/module-not-found @ http://localhost:3000/_next/static/chunks/node_modules_next_dist_1gdrd03._.js:1945
[ 1008337ms] [ERROR] ./src/app/page.tsx:11:1
Module not found: Can't resolve '@/components/architecture-view'
   9 | import { AgentWorkflow } from "@/components/agent-workflow";
  10 | import { AftermathResult } from "@/components/aftermath-result";
> 11 | import { ArchitectureView } from "@/components/architecture-view";
     | ^^^^^^^^^^^^^^^^^^^^^^^^^^^^^^^^^^^^^^^^^^^^^^^^^^^^^^^^^^^^^^^^^^
  12 | import { Disclaimer } from "@/components/disclaimer";
  13 |
  14 | export default function Home() {

Import map: aliased to relative './src/components/architecture-view' inside of [project]/

Import traces:
  Client Component Browser:
    ./src/app/page.tsx [Client Component Browser]
    ./src/app/page.tsx [Server Component]

  Client Component SSR:
    ./src/app/page.tsx [Client Component SSR]
    ./src/app/page.tsx [Server Component]

https://nextjs.org/docs/messages/module-not-found @ http://localhost:3000/_next/static/chunks/node_modules_next_dist_1gdrd03._.js:1945
[ 1008402ms] [ERROR] ./src/app/page.tsx:11:1
Module not found: Can't resolve '@/components/architecture-view'
   9 | import { AgentWorkflow } from "@/components/agent-workflow";
  10 | import { AftermathResult } from "@/components/aftermath-result";
> 11 | import { ArchitectureView } from "@/components/architecture-view";
     | ^^^^^^^^^^^^^^^^^^^^^^^^^^^^^^^^^^^^^^^^^^^^^^^^^^^^^^^^^^^^^^^^^^
  12 | import { Disclaimer } from "@/components/disclaimer";
  13 |
  14 | export default function Home() {

Import map: aliased to relative './src/components/architecture-view' inside of [project]/

Import traces:
  Client Component Browser:
    ./src/app/page.tsx [Client Component Browser]
    ./src/app/page.tsx [Server Component]

  Client Component SSR:
    ./src/app/page.tsx [Client Component SSR]
    ./src/app/page.tsx [Server Component]

https://nextjs.org/docs/messages/module-not-found @ http://localhost:3000/_next/static/chunks/node_modules_next_dist_1gdrd03._.js:1945
[ 1008453ms] [ERROR] ./src/app/page.tsx:11:1
Module not found: Can't resolve '@/components/architecture-view'
   9 | import { AgentWorkflow } from "@/components/agent-workflow";
  10 | import { AftermathResult } from "@/components/aftermath-result";
> 11 | import { ArchitectureView } from "@/components/architecture-view";
     | ^^^^^^^^^^^^^^^^^^^^^^^^^^^^^^^^^^^^^^^^^^^^^^^^^^^^^^^^^^^^^^^^^^
  12 | import { Disclaimer } from "@/components/disclaimer";
  13 |
  14 | export default function Home() {

Import map: aliased to relative './src/components/architecture-view' inside of [project]/

Import traces:
  Client Component Browser:
    ./src/app/page.tsx [Client Component Browser]
    ./src/app/page.tsx [Server Component]

  Client Component SSR:
    ./src/app/page.tsx [Client Component SSR]
    ./src/app/page.tsx [Server Component]

https://nextjs.org/docs/messages/module-not-found @ http://localhost:3000/_next/static/chunks/node_modules_next_dist_1gdrd03._.js:1945
[ 1008519ms] [ERROR] ./src/app/page.tsx:11:1
Module not found: Can't resolve '@/components/architecture-view'
   9 | import { AgentWorkflow } from "@/components/agent-workflow";
  10 | import { AftermathResult } from "@/components/aftermath-result";
> 11 | import { ArchitectureView } from "@/components/architecture-view";
     | ^^^^^^^^^^^^^^^^^^^^^^^^^^^^^^^^^^^^^^^^^^^^^^^^^^^^^^^^^^^^^^^^^^
  12 | import { Disclaimer } from "@/components/disclaimer";
  13 |
  14 | export default function Home() {

Import map: aliased to relative './src/components/architecture-view' inside of [project]/

Import traces:
  Client Component Browser:
    ./src/app/page.tsx [Client Component Browser]
    ./src/app/page.tsx [Server Component]

  Client Component SSR:
    ./src/app/page.tsx [Client Component SSR]
    ./src/app/page.tsx [Server Component]

https://nextjs.org/docs/messages/module-not-found @ http://localhost:3000/_next/static/chunks/node_modules_next_dist_1gdrd03._.js:1945
[ 1008569ms] [ERROR] ./src/app/page.tsx:11:1
Module not found: Can't resolve '@/components/architecture-view'
   9 | import { AgentWorkflow } from "@/components/agent-workflow";
  10 | import { AftermathResult } from "@/components/aftermath-result";
> 11 | import { ArchitectureView } from "@/components/architecture-view";
     | ^^^^^^^^^^^^^^^^^^^^^^^^^^^^^^^^^^^^^^^^^^^^^^^^^^^^^^^^^^^^^^^^^^
  12 | import { Disclaimer } from "@/components/disclaimer";
  13 |
  14 | export default function Home() {

Import map: aliased to relative './src/components/architecture-view' inside of [project]/

Import traces:
  Client Component Browser:
    ./src/app/page.tsx [Client Component Browser]
    ./src/app/page.tsx [Server Component]

  Client Component SSR:
    ./src/app/page.tsx [Client Component SSR]
    ./src/app/page.tsx [Server Component]

https://nextjs.org/docs/messages/module-not-found @ http://localhost:3000/_next/static/chunks/node_modules_next_dist_1gdrd03._.js:1945
[ 1008621ms] [ERROR] ./src/app/page.tsx:11:1
Module not found: Can't resolve '@/components/architecture-view'
   9 | import { AgentWorkflow } from "@/components/agent-workflow";
  10 | import { AftermathResult } from "@/components/aftermath-result";
> 11 | import { ArchitectureView } from "@/components/architecture-view";
     | ^^^^^^^^^^^^^^^^^^^^^^^^^^^^^^^^^^^^^^^^^^^^^^^^^^^^^^^^^^^^^^^^^^
  12 | import { Disclaimer } from "@/components/disclaimer";
  13 |
  14 | export default function Home() {

Import map: aliased to relative './src/components/architecture-view' inside of [project]/

Import traces:
  Client Component Browser:
    ./src/app/page.tsx [Client Component Browser]
    ./src/app/page.tsx [Server Component]

  Client Component SSR:
    ./src/app/page.tsx [Client Component SSR]
    ./src/app/page.tsx [Server Component]

https://nextjs.org/docs/messages/module-not-found @ http://localhost:3000/_next/static/chunks/node_modules_next_dist_1gdrd03._.js:1945
[ 1008684ms] [ERROR] ./src/app/page.tsx:11:1
Module not found: Can't resolve '@/components/architecture-view'
   9 | import { AgentWorkflow } from "@/components/agent-workflow";
  10 | import { AftermathResult } from "@/components/aftermath-result";
> 11 | import { ArchitectureView } from "@/components/architecture-view";
     | ^^^^^^^^^^^^^^^^^^^^^^^^^^^^^^^^^^^^^^^^^^^^^^^^^^^^^^^^^^^^^^^^^^
  12 | import { Disclaimer } from "@/components/disclaimer";
  13 |
  14 | export default function Home() {

Import map: aliased to relative './src/components/architecture-view' inside of [project]/

Import traces:
  Client Component Browser:
    ./src/app/page.tsx [Client Component Browser]
    ./src/app/page.tsx [Server Component]

  Client Component SSR:
    ./src/app/page.tsx [Client Component SSR]
    ./src/app/page.tsx [Server Component]

https://nextjs.org/docs/messages/module-not-found @ http://localhost:3000/_next/static/chunks/node_modules_next_dist_1gdrd03._.js:1945
[ 1008753ms] [ERROR] ./src/app/page.tsx:11:1
Module not found: Can't resolve '@/components/architecture-view'
   9 | import { AgentWorkflow } from "@/components/agent-workflow";
  10 | import { AftermathResult } from "@/components/aftermath-result";
> 11 | import { ArchitectureView } from "@/components/architecture-view";
     | ^^^^^^^^^^^^^^^^^^^^^^^^^^^^^^^^^^^^^^^^^^^^^^^^^^^^^^^^^^^^^^^^^^
  12 | import { Disclaimer } from "@/components/disclaimer";
  13 |
  14 | export default function Home() {

Import map: aliased to relative './src/components/architecture-view' inside of [project]/

Import traces:
  Client Component Browser:
    ./src/app/page.tsx [Client Component Browser]
    ./src/app/page.tsx [Server Component]

  Client Component SSR:
    ./src/app/page.tsx [Client Component SSR]
    ./src/app/page.tsx [Server Component]

https://nextjs.org/docs/messages/module-not-found @ http://localhost:3000/_next/static/chunks/node_modules_next_dist_1gdrd03._.js:1945
[ 1008804ms] [ERROR] ./src/app/page.tsx:11:1
Module not found: Can't resolve '@/components/architecture-view'
   9 | import { AgentWorkflow } from "@/components/agent-workflow";
  10 | import { AftermathResult } from "@/components/aftermath-result";
> 11 | import { ArchitectureView } from "@/components/architecture-view";
     | ^^^^^^^^^^^^^^^^^^^^^^^^^^^^^^^^^^^^^^^^^^^^^^^^^^^^^^^^^^^^^^^^^^
  12 | import { Disclaimer } from "@/components/disclaimer";
  13 |
  14 | export default function Home() {

Import map: aliased to relative './src/components/architecture-view' inside of [project]/

Import traces:
  Client Component Browser:
    ./src/app/page.tsx [Client Component Browser]
    ./src/app/page.tsx [Server Component]

  Client Component SSR:
    ./src/app/page.tsx [Client Component SSR]
    ./src/app/page.tsx [Server Component]

https://nextjs.org/docs/messages/module-not-found @ http://localhost:3000/_next/static/chunks/node_modules_next_dist_1gdrd03._.js:1945
[ 1008854ms] [ERROR] ./src/app/page.tsx:11:1
Module not found: Can't resolve '@/components/architecture-view'
   9 | import { AgentWorkflow } from "@/components/agent-workflow";
  10 | import { AftermathResult } from "@/components/aftermath-result";
> 11 | import { ArchitectureView } from "@/components/architecture-view";
     | ^^^^^^^^^^^^^^^^^^^^^^^^^^^^^^^^^^^^^^^^^^^^^^^^^^^^^^^^^^^^^^^^^^
  12 | import { Disclaimer } from "@/components/disclaimer";
  13 |
  14 | export default function Home() {

Import map: aliased to relative './src/components/architecture-view' inside of [project]/

Import traces:
  Client Component Browser:
    ./src/app/page.tsx [Client Component Browser]
    ./src/app/page.tsx [Server Component]

  Client Component SSR:
    ./src/app/page.tsx [Client Component SSR]
    ./src/app/page.tsx [Server Component]

https://nextjs.org/docs/messages/module-not-found @ http://localhost:3000/_next/static/chunks/node_modules_next_dist_1gdrd03._.js:1945
[ 1008918ms] [ERROR] ./src/app/page.tsx:11:1
Module not found: Can't resolve '@/components/architecture-view'
   9 | import { AgentWorkflow } from "@/components/agent-workflow";
  10 | import { AftermathResult } from "@/components/aftermath-result";
> 11 | import { ArchitectureView } from "@/components/architecture-view";
     | ^^^^^^^^^^^^^^^^^^^^^^^^^^^^^^^^^^^^^^^^^^^^^^^^^^^^^^^^^^^^^^^^^^
  12 | import { Disclaimer } from "@/components/disclaimer";
  13 |
  14 | export default function Home() {

Import map: aliased to relative './src/components/architecture-view' inside of [project]/

Import traces:
  Client Component Browser:
    ./src/app/page.tsx [Client Component Browser]
    ./src/app/page.tsx [Server Component]

  Client Component SSR:
    ./src/app/page.tsx [Client Component SSR]
    ./src/app/page.tsx [Server Component]

https://nextjs.org/docs/messages/module-not-found @ http://localhost:3000/_next/static/chunks/node_modules_next_dist_1gdrd03._.js:1945
[ 1008987ms] [ERROR] ./src/app/page.tsx:11:1
Module not found: Can't resolve '@/components/architecture-view'
   9 | import { AgentWorkflow } from "@/components/agent-workflow";
  10 | import { AftermathResult } from "@/components/aftermath-result";
> 11 | import { ArchitectureView } from "@/components/architecture-view";
     | ^^^^^^^^^^^^^^^^^^^^^^^^^^^^^^^^^^^^^^^^^^^^^^^^^^^^^^^^^^^^^^^^^^
  12 | import { Disclaimer } from "@/components/disclaimer";
  13 |
  14 | export default function Home() {

Import map: aliased to relative './src/components/architecture-view' inside of [project]/

Import traces:
  Client Component Browser:
    ./src/app/page.tsx [Client Component Browser]
    ./src/app/page.tsx [Server Component]

  Client Component SSR:
    ./src/app/page.tsx [Client Component SSR]
    ./src/app/page.tsx [Server Component]

https://nextjs.org/docs/messages/module-not-found @ http://localhost:3000/_next/static/chunks/node_modules_next_dist_1gdrd03._.js:1945
[ 1009052ms] [ERROR] ./src/app/page.tsx:11:1
Module not found: Can't resolve '@/components/architecture-view'
   9 | import { AgentWorkflow } from "@/components/agent-workflow";
  10 | import { AftermathResult } from "@/components/aftermath-result";
> 11 | import { ArchitectureView } from "@/components/architecture-view";
     | ^^^^^^^^^^^^^^^^^^^^^^^^^^^^^^^^^^^^^^^^^^^^^^^^^^^^^^^^^^^^^^^^^^
  12 | import { Disclaimer } from "@/components/disclaimer";
  13 |
  14 | export default function Home() {

Import map: aliased to relative './src/components/architecture-view' inside of [project]/

Import traces:
  Client Component Browser:
    ./src/app/page.tsx [Client Component Browser]
    ./src/app/page.tsx [Server Component]

  Client Component SSR:
    ./src/app/page.tsx [Client Component SSR]
    ./src/app/page.tsx [Server Component]

https://nextjs.org/docs/messages/module-not-found @ http://localhost:3000/_next/static/chunks/node_modules_next_dist_1gdrd03._.js:1945
[ 1009120ms] [ERROR] ./src/app/page.tsx:11:1
Module not found: Can't resolve '@/components/architecture-view'
   9 | import { AgentWorkflow } from "@/components/agent-workflow";
  10 | import { AftermathResult } from "@/components/aftermath-result";
> 11 | import { ArchitectureView } from "@/components/architecture-view";
     | ^^^^^^^^^^^^^^^^^^^^^^^^^^^^^^^^^^^^^^^^^^^^^^^^^^^^^^^^^^^^^^^^^^
  12 | import { Disclaimer } from "@/components/disclaimer";
  13 |
  14 | export default function Home() {

Import map: aliased to relative './src/components/architecture-view' inside of [project]/

Import traces:
  Client Component Browser:
    ./src/app/page.tsx [Client Component Browser]
    ./src/app/page.tsx [Server Component]

  Client Component SSR:
    ./src/app/page.tsx [Client Component SSR]
    ./src/app/page.tsx [Server Component]

https://nextjs.org/docs/messages/module-not-found @ http://localhost:3000/_next/static/chunks/node_modules_next_dist_1gdrd03._.js:1945
[ 1009186ms] [ERROR] ./src/app/page.tsx:11:1
Module not found: Can't resolve '@/components/architecture-view'
   9 | import { AgentWorkflow } from "@/components/agent-workflow";
  10 | import { AftermathResult } from "@/components/aftermath-result";
> 11 | import { ArchitectureView } from "@/components/architecture-view";
     | ^^^^^^^^^^^^^^^^^^^^^^^^^^^^^^^^^^^^^^^^^^^^^^^^^^^^^^^^^^^^^^^^^^
  12 | import { Disclaimer } from "@/components/disclaimer";
  13 |
  14 | export default function Home() {

Import map: aliased to relative './src/components/architecture-view' inside of [project]/

Import traces:
  Client Component Browser:
    ./src/app/page.tsx [Client Component Browser]
    ./src/app/page.tsx [Server Component]

  Client Component SSR:
    ./src/app/page.tsx [Client Component SSR]
    ./src/app/page.tsx [Server Component]

https://nextjs.org/docs/messages/module-not-found @ http://localhost:3000/_next/static/chunks/node_modules_next_dist_1gdrd03._.js:1945
[ 1009251ms] [ERROR] ./src/app/page.tsx:11:1
Module not found: Can't resolve '@/components/architecture-view'
   9 | import { AgentWorkflow } from "@/components/agent-workflow";
  10 | import { AftermathResult } from "@/components/aftermath-result";
> 11 | import { ArchitectureView } from "@/components/architecture-view";
     | ^^^^^^^^^^^^^^^^^^^^^^^^^^^^^^^^^^^^^^^^^^^^^^^^^^^^^^^^^^^^^^^^^^
  12 | import { Disclaimer } from "@/components/disclaimer";
  13 |
  14 | export default function Home() {

Import map: aliased to relative './src/components/architecture-view' inside of [project]/

Import traces:
  Client Component Browser:
    ./src/app/page.tsx [Client Component Browser]
    ./src/app/page.tsx [Server Component]

  Client Component SSR:
    ./src/app/page.tsx [Client Component SSR]
    ./src/app/page.tsx [Server Component]

https://nextjs.org/docs/messages/module-not-found @ http://localhost:3000/_next/static/chunks/node_modules_next_dist_1gdrd03._.js:1945
[ 1009303ms] [ERROR] ./src/app/page.tsx:11:1
Module not found: Can't resolve '@/components/architecture-view'
   9 | import { AgentWorkflow } from "@/components/agent-workflow";
  10 | import { AftermathResult } from "@/components/aftermath-result";
> 11 | import { ArchitectureView } from "@/components/architecture-view";
     | ^^^^^^^^^^^^^^^^^^^^^^^^^^^^^^^^^^^^^^^^^^^^^^^^^^^^^^^^^^^^^^^^^^
  12 | import { Disclaimer } from "@/components/disclaimer";
  13 |
  14 | export default function Home() {

Import map: aliased to relative './src/components/architecture-view' inside of [project]/

Import traces:
  Client Component Browser:
    ./src/app/page.tsx [Client Component Browser]
    ./src/app/page.tsx [Server Component]

  Client Component SSR:
    ./src/app/page.tsx [Client Component SSR]
    ./src/app/page.tsx [Server Component]

https://nextjs.org/docs/messages/module-not-found @ http://localhost:3000/_next/static/chunks/node_modules_next_dist_1gdrd03._.js:1945
[ 1009370ms] [ERROR] ./src/app/page.tsx:11:1
Module not found: Can't resolve '@/components/architecture-view'
   9 | import { AgentWorkflow } from "@/components/agent-workflow";
  10 | import { AftermathResult } from "@/components/aftermath-result";
> 11 | import { ArchitectureView } from "@/components/architecture-view";
     | ^^^^^^^^^^^^^^^^^^^^^^^^^^^^^^^^^^^^^^^^^^^^^^^^^^^^^^^^^^^^^^^^^^
  12 | import { Disclaimer } from "@/components/disclaimer";
  13 |
  14 | export default function Home() {

Import map: aliased to relative './src/components/architecture-view' inside of [project]/

Import traces:
  Client Component Browser:
    ./src/app/page.tsx [Client Component Browser]
    ./src/app/page.tsx [Server Component]

  Client Component SSR:
    ./src/app/page.tsx [Client Component SSR]
    ./src/app/page.tsx [Server Component]

https://nextjs.org/docs/messages/module-not-found @ http://localhost:3000/_next/static/chunks/node_modules_next_dist_1gdrd03._.js:1945
[ 1009431ms] [ERROR] ./src/app/page.tsx:11:1
Module not found: Can't resolve '@/components/architecture-view'
   9 | import { AgentWorkflow } from "@/components/agent-workflow";
  10 | import { AftermathResult } from "@/components/aftermath-result";
> 11 | import { ArchitectureView } from "@/components/architecture-view";
     | ^^^^^^^^^^^^^^^^^^^^^^^^^^^^^^^^^^^^^^^^^^^^^^^^^^^^^^^^^^^^^^^^^^
  12 | import { Disclaimer } from "@/components/disclaimer";
  13 |
  14 | export default function Home() {

Import map: aliased to relative './src/components/architecture-view' inside of [project]/

Import traces:
  Client Component Browser:
    ./src/app/page.tsx [Client Component Browser]
    ./src/app/page.tsx [Server Component]

  Client Component SSR:
    ./src/app/page.tsx [Client Component SSR]
    ./src/app/page.tsx [Server Component]

https://nextjs.org/docs/messages/module-not-found @ http://localhost:3000/_next/static/chunks/node_modules_next_dist_1gdrd03._.js:1945
[ 1009485ms] [ERROR] ./src/app/page.tsx:11:1
Module not found: Can't resolve '@/components/architecture-view'
   9 | import { AgentWorkflow } from "@/components/agent-workflow";
  10 | import { AftermathResult } from "@/components/aftermath-result";
> 11 | import { ArchitectureView } from "@/components/architecture-view";
     | ^^^^^^^^^^^^^^^^^^^^^^^^^^^^^^^^^^^^^^^^^^^^^^^^^^^^^^^^^^^^^^^^^^
  12 | import { Disclaimer } from "@/components/disclaimer";
  13 |
  14 | export default function Home() {

Import map: aliased to relative './src/components/architecture-view' inside of [project]/

Import traces:
  Client Component Browser:
    ./src/app/page.tsx [Client Component Browser]
    ./src/app/page.tsx [Server Component]

  Client Component SSR:
    ./src/app/page.tsx [Client Component SSR]
    ./src/app/page.tsx [Server Component]

https://nextjs.org/docs/messages/module-not-found @ http://localhost:3000/_next/static/chunks/node_modules_next_dist_1gdrd03._.js:1945
[ 1009536ms] [ERROR] ./src/app/page.tsx:11:1
Module not found: Can't resolve '@/components/architecture-view'
   9 | import { AgentWorkflow } from "@/components/agent-workflow";
  10 | import { AftermathResult } from "@/components/aftermath-result";
> 11 | import { ArchitectureView } from "@/components/architecture-view";
     | ^^^^^^^^^^^^^^^^^^^^^^^^^^^^^^^^^^^^^^^^^^^^^^^^^^^^^^^^^^^^^^^^^^
  12 | import { Disclaimer } from "@/components/disclaimer";
  13 |
  14 | export default function Home() {

Import map: aliased to relative './src/components/architecture-view' inside of [project]/

Import traces:
  Client Component Browser:
    ./src/app/page.tsx [Client Component Browser]
    ./src/app/page.tsx [Server Component]

  Client Component SSR:
    ./src/app/page.tsx [Client Component SSR]
    ./src/app/page.tsx [Server Component]

https://nextjs.org/docs/messages/module-not-found @ http://localhost:3000/_next/static/chunks/node_modules_next_dist_1gdrd03._.js:1945
[ 1009601ms] [ERROR] ./src/app/page.tsx:11:1
Module not found: Can't resolve '@/components/architecture-view'
   9 | import { AgentWorkflow } from "@/components/agent-workflow";
  10 | import { AftermathResult } from "@/components/aftermath-result";
> 11 | import { ArchitectureView } from "@/components/architecture-view";
     | ^^^^^^^^^^^^^^^^^^^^^^^^^^^^^^^^^^^^^^^^^^^^^^^^^^^^^^^^^^^^^^^^^^
  12 | import { Disclaimer } from "@/components/disclaimer";
  13 |
  14 | export default function Home() {

Import map: aliased to relative './src/components/architecture-view' inside of [project]/

Import traces:
  Client Component Browser:
    ./src/app/page.tsx [Client Component Browser]
    ./src/app/page.tsx [Server Component]

  Client Component SSR:
    ./src/app/page.tsx [Client Component SSR]
    ./src/app/page.tsx [Server Component]

https://nextjs.org/docs/messages/module-not-found @ http://localhost:3000/_next/static/chunks/node_modules_next_dist_1gdrd03._.js:1945
[ 1009669ms] [ERROR] ./src/app/page.tsx:11:1
Module not found: Can't resolve '@/components/architecture-view'
   9 | import { AgentWorkflow } from "@/components/agent-workflow";
  10 | import { AftermathResult } from "@/components/aftermath-result";
> 11 | import { ArchitectureView } from "@/components/architecture-view";
     | ^^^^^^^^^^^^^^^^^^^^^^^^^^^^^^^^^^^^^^^^^^^^^^^^^^^^^^^^^^^^^^^^^^
  12 | import { Disclaimer } from "@/components/disclaimer";
  13 |
  14 | export default function Home() {

Import map: aliased to relative './src/components/architecture-view' inside of [project]/

Import traces:
  Client Component Browser:
    ./src/app/page.tsx [Client Component Browser]
    ./src/app/page.tsx [Server Component]

  Client Component SSR:
    ./src/app/page.tsx [Client Component SSR]
    ./src/app/page.tsx [Server Component]

https://nextjs.org/docs/messages/module-not-found @ http://localhost:3000/_next/static/chunks/node_modules_next_dist_1gdrd03._.js:1945
[ 1009724ms] [ERROR] ./src/app/page.tsx:11:1
Module not found: Can't resolve '@/components/architecture-view'
   9 | import { AgentWorkflow } from "@/components/agent-workflow";
  10 | import { AftermathResult } from "@/components/aftermath-result";
> 11 | import { ArchitectureView } from "@/components/architecture-view";
     | ^^^^^^^^^^^^^^^^^^^^^^^^^^^^^^^^^^^^^^^^^^^^^^^^^^^^^^^^^^^^^^^^^^
  12 | import { Disclaimer } from "@/components/disclaimer";
  13 |
  14 | export default function Home() {

Import map: aliased to relative './src/components/architecture-view' inside of [project]/

Import traces:
  Client Component Browser:
    ./src/app/page.tsx [Client Component Browser]
    ./src/app/page.tsx [Server Component]

  Client Component SSR:
    ./src/app/page.tsx [Client Component SSR]
    ./src/app/page.tsx [Server Component]

https://nextjs.org/docs/messages/module-not-found @ http://localhost:3000/_next/static/chunks/node_modules_next_dist_1gdrd03._.js:1945
[ 1009786ms] [ERROR] ./src/app/page.tsx:11:1
Module not found: Can't resolve '@/components/architecture-view'
   9 | import { AgentWorkflow } from "@/components/agent-workflow";
  10 | import { AftermathResult } from "@/components/aftermath-result";
> 11 | import { ArchitectureView } from "@/components/architecture-view";
     | ^^^^^^^^^^^^^^^^^^^^^^^^^^^^^^^^^^^^^^^^^^^^^^^^^^^^^^^^^^^^^^^^^^
  12 | import { Disclaimer } from "@/components/disclaimer";
  13 |
  14 | export default function Home() {

Import map: aliased to relative './src/components/architecture-view' inside of [project]/

Import traces:
  Client Component Browser:
    ./src/app/page.tsx [Client Component Browser]
    ./src/app/page.tsx [Server Component]

  Client Component SSR:
    ./src/app/page.tsx [Client Component SSR]
    ./src/app/page.tsx [Server Component]

https://nextjs.org/docs/messages/module-not-found @ http://localhost:3000/_next/static/chunks/node_modules_next_dist_1gdrd03._.js:1945
[ 1009853ms] [ERROR] ./src/app/page.tsx:11:1
Module not found: Can't resolve '@/components/architecture-view'
   9 | import { AgentWorkflow } from "@/components/agent-workflow";
  10 | import { AftermathResult } from "@/components/aftermath-result";
> 11 | import { ArchitectureView } from "@/components/architecture-view";
     | ^^^^^^^^^^^^^^^^^^^^^^^^^^^^^^^^^^^^^^^^^^^^^^^^^^^^^^^^^^^^^^^^^^
  12 | import { Disclaimer } from "@/components/disclaimer";
  13 |
  14 | export default function Home() {

Import map: aliased to relative './src/components/architecture-view' inside of [project]/

Import traces:
  Client Component Browser:
    ./src/app/page.tsx [Client Component Browser]
    ./src/app/page.tsx [Server Component]

  Client Component SSR:
    ./src/app/page.tsx [Client Component SSR]
    ./src/app/page.tsx [Server Component]

https://nextjs.org/docs/messages/module-not-found @ http://localhost:3000/_next/static/chunks/node_modules_next_dist_1gdrd03._.js:1945
[ 1009917ms] [ERROR] ./src/app/page.tsx:11:1
Module not found: Can't resolve '@/components/architecture-view'
   9 | import { AgentWorkflow } from "@/components/agent-workflow";
  10 | import { AftermathResult } from "@/components/aftermath-result";
> 11 | import { ArchitectureView } from "@/components/architecture-view";
     | ^^^^^^^^^^^^^^^^^^^^^^^^^^^^^^^^^^^^^^^^^^^^^^^^^^^^^^^^^^^^^^^^^^
  12 | import { Disclaimer } from "@/components/disclaimer";
  13 |
  14 | export default function Home() {

Import map: aliased to relative './src/components/architecture-view' inside of [project]/

Import traces:
  Client Component Browser:
    ./src/app/page.tsx [Client Component Browser]
    ./src/app/page.tsx [Server Component]

  Client Component SSR:
    ./src/app/page.tsx [Client Component SSR]
    ./src/app/page.tsx [Server Component]

https://nextjs.org/docs/messages/module-not-found @ http://localhost:3000/_next/static/chunks/node_modules_next_dist_1gdrd03._.js:1945
[ 1009969ms] [ERROR] ./src/app/page.tsx:11:1
Module not found: Can't resolve '@/components/architecture-view'
   9 | import { AgentWorkflow } from "@/components/agent-workflow";
  10 | import { AftermathResult } from "@/components/aftermath-result";
> 11 | import { ArchitectureView } from "@/components/architecture-view";
     | ^^^^^^^^^^^^^^^^^^^^^^^^^^^^^^^^^^^^^^^^^^^^^^^^^^^^^^^^^^^^^^^^^^
  12 | import { Disclaimer } from "@/components/disclaimer";
  13 |
  14 | export default function Home() {

Import map: aliased to relative './src/components/architecture-view' inside of [project]/

Import traces:
  Client Component Browser:
    ./src/app/page.tsx [Client Component Browser]
    ./src/app/page.tsx [Server Component]

  Client Component SSR:
    ./src/app/page.tsx [Client Component SSR]
    ./src/app/page.tsx [Server Component]

https://nextjs.org/docs/messages/module-not-found @ http://localhost:3000/_next/static/chunks/node_modules_next_dist_1gdrd03._.js:1945
[ 1010037ms] [ERROR] ./src/app/page.tsx:11:1
Module not found: Can't resolve '@/components/architecture-view'
   9 | import { AgentWorkflow } from "@/components/agent-workflow";
  10 | import { AftermathResult } from "@/components/aftermath-result";
> 11 | import { ArchitectureView } from "@/components/architecture-view";
     | ^^^^^^^^^^^^^^^^^^^^^^^^^^^^^^^^^^^^^^^^^^^^^^^^^^^^^^^^^^^^^^^^^^
  12 | import { Disclaimer } from "@/components/disclaimer";
  13 |
  14 | export default function Home() {

Import map: aliased to relative './src/components/architecture-view' inside of [project]/

Import traces:
  Client Component Browser:
    ./src/app/page.tsx [Client Component Browser]
    ./src/app/page.tsx [Server Component]

  Client Component SSR:
    ./src/app/page.tsx [Client Component SSR]
    ./src/app/page.tsx [Server Component]

https://nextjs.org/docs/messages/module-not-found @ http://localhost:3000/_next/static/chunks/node_modules_next_dist_1gdrd03._.js:1945
[ 1010103ms] [ERROR] ./src/app/page.tsx:11:1
Module not found: Can't resolve '@/components/architecture-view'
   9 | import { AgentWorkflow } from "@/components/agent-workflow";
  10 | import { AftermathResult } from "@/components/aftermath-result";
> 11 | import { ArchitectureView } from "@/components/architecture-view";
     | ^^^^^^^^^^^^^^^^^^^^^^^^^^^^^^^^^^^^^^^^^^^^^^^^^^^^^^^^^^^^^^^^^^
  12 | import { Disclaimer } from "@/components/disclaimer";
  13 |
  14 | export default function Home() {

Import map: aliased to relative './src/components/architecture-view' inside of [project]/

Import traces:
  Client Component Browser:
    ./src/app/page.tsx [Client Component Browser]
    ./src/app/page.tsx [Server Component]

  Client Component SSR:
    ./src/app/page.tsx [Client Component SSR]
    ./src/app/page.tsx [Server Component]

https://nextjs.org/docs/messages/module-not-found @ http://localhost:3000/_next/static/chunks/node_modules_next_dist_1gdrd03._.js:1945
[ 1010170ms] [ERROR] ./src/app/page.tsx:11:1
Module not found: Can't resolve '@/components/architecture-view'
   9 | import { AgentWorkflow } from "@/components/agent-workflow";
  10 | import { AftermathResult } from "@/components/aftermath-result";
> 11 | import { ArchitectureView } from "@/components/architecture-view";
     | ^^^^^^^^^^^^^^^^^^^^^^^^^^^^^^^^^^^^^^^^^^^^^^^^^^^^^^^^^^^^^^^^^^
  12 | import { Disclaimer } from "@/components/disclaimer";
  13 |
  14 | export default function Home() {

Import map: aliased to relative './src/components/architecture-view' inside of [project]/

Import traces:
  Client Component Browser:
    ./src/app/page.tsx [Client Component Browser]
    ./src/app/page.tsx [Server Component]

  Client Component SSR:
    ./src/app/page.tsx [Client Component SSR]
    ./src/app/page.tsx [Server Component]

https://nextjs.org/docs/messages/module-not-found @ http://localhost:3000/_next/static/chunks/node_modules_next_dist_1gdrd03._.js:1945
[ 1010236ms] [ERROR] ./src/app/page.tsx:11:1
Module not found: Can't resolve '@/components/architecture-view'
   9 | import { AgentWorkflow } from "@/components/agent-workflow";
  10 | import { AftermathResult } from "@/components/aftermath-result";
> 11 | import { ArchitectureView } from "@/components/architecture-view";
     | ^^^^^^^^^^^^^^^^^^^^^^^^^^^^^^^^^^^^^^^^^^^^^^^^^^^^^^^^^^^^^^^^^^
  12 | import { Disclaimer } from "@/components/disclaimer";
  13 |
  14 | export default function Home() {

Import map: aliased to relative './src/components/architecture-view' inside of [project]/

Import traces:
  Client Component Browser:
    ./src/app/page.tsx [Client Component Browser]
    ./src/app/page.tsx [Server Component]

  Client Component SSR:
    ./src/app/page.tsx [Client Component SSR]
    ./src/app/page.tsx [Server Component]

https://nextjs.org/docs/messages/module-not-found @ http://localhost:3000/_next/static/chunks/node_modules_next_dist_1gdrd03._.js:1945
[ 1010286ms] [ERROR] ./src/app/page.tsx:11:1
Module not found: Can't resolve '@/components/architecture-view'
   9 | import { AgentWorkflow } from "@/components/agent-workflow";
  10 | import { AftermathResult } from "@/components/aftermath-result";
> 11 | import { ArchitectureView } from "@/components/architecture-view";
     | ^^^^^^^^^^^^^^^^^^^^^^^^^^^^^^^^^^^^^^^^^^^^^^^^^^^^^^^^^^^^^^^^^^
  12 | import { Disclaimer } from "@/components/disclaimer";
  13 |
  14 | export default function Home() {

Import map: aliased to relative './src/components/architecture-view' inside of [project]/

Import traces:
  Client Component Browser:
    ./src/app/page.tsx [Client Component Browser]
    ./src/app/page.tsx [Server Component]

  Client Component SSR:
    ./src/app/page.tsx [Client Component SSR]
    ./src/app/page.tsx [Server Component]

https://nextjs.org/docs/messages/module-not-found @ http://localhost:3000/_next/static/chunks/node_modules_next_dist_1gdrd03._.js:1945
[ 1010352ms] [ERROR] ./src/app/page.tsx:11:1
Module not found: Can't resolve '@/components/architecture-view'
   9 | import { AgentWorkflow } from "@/components/agent-workflow";
  10 | import { AftermathResult } from "@/components/aftermath-result";
> 11 | import { ArchitectureView } from "@/components/architecture-view";
     | ^^^^^^^^^^^^^^^^^^^^^^^^^^^^^^^^^^^^^^^^^^^^^^^^^^^^^^^^^^^^^^^^^^
  12 | import { Disclaimer } from "@/components/disclaimer";
  13 |
  14 | export default function Home() {

Import map: aliased to relative './src/components/architecture-view' inside of [project]/

Import traces:
  Client Component Browser:
    ./src/app/page.tsx [Client Component Browser]
    ./src/app/page.tsx [Server Component]

  Client Component SSR:
    ./src/app/page.tsx [Client Component SSR]
    ./src/app/page.tsx [Server Component]

https://nextjs.org/docs/messages/module-not-found @ http://localhost:3000/_next/static/chunks/node_modules_next_dist_1gdrd03._.js:1945
[ 1010420ms] [ERROR] ./src/app/page.tsx:11:1
Module not found: Can't resolve '@/components/architecture-view'
   9 | import { AgentWorkflow } from "@/components/agent-workflow";
  10 | import { AftermathResult } from "@/components/aftermath-result";
> 11 | import { ArchitectureView } from "@/components/architecture-view";
     | ^^^^^^^^^^^^^^^^^^^^^^^^^^^^^^^^^^^^^^^^^^^^^^^^^^^^^^^^^^^^^^^^^^
  12 | import { Disclaimer } from "@/components/disclaimer";
  13 |
  14 | export default function Home() {

Import map: aliased to relative './src/components/architecture-view' inside of [project]/

Import traces:
  Client Component Browser:
    ./src/app/page.tsx [Client Component Browser]
    ./src/app/page.tsx [Server Component]

  Client Component SSR:
    ./src/app/page.tsx [Client Component SSR]
    ./src/app/page.tsx [Server Component]

https://nextjs.org/docs/messages/module-not-found @ http://localhost:3000/_next/static/chunks/node_modules_next_dist_1gdrd03._.js:1945
[ 1010485ms] [ERROR] ./src/app/page.tsx:11:1
Module not found: Can't resolve '@/components/architecture-view'
   9 | import { AgentWorkflow } from "@/components/agent-workflow";
  10 | import { AftermathResult } from "@/components/aftermath-result";
> 11 | import { ArchitectureView } from "@/components/architecture-view";
     | ^^^^^^^^^^^^^^^^^^^^^^^^^^^^^^^^^^^^^^^^^^^^^^^^^^^^^^^^^^^^^^^^^^
  12 | import { Disclaimer } from "@/components/disclaimer";
  13 |
  14 | export default function Home() {

Import map: aliased to relative './src/components/architecture-view' inside of [project]/

Import traces:
  Client Component Browser:
    ./src/app/page.tsx [Client Component Browser]
    ./src/app/page.tsx [Server Component]

  Client Component SSR:
    ./src/app/page.tsx [Client Component SSR]
    ./src/app/page.tsx [Server Component]

https://nextjs.org/docs/messages/module-not-found @ http://localhost:3000/_next/static/chunks/node_modules_next_dist_1gdrd03._.js:1945
[ 1010536ms] [ERROR] ./src/app/page.tsx:11:1
Module not found: Can't resolve '@/components/architecture-view'
   9 | import { AgentWorkflow } from "@/components/agent-workflow";
  10 | import { AftermathResult } from "@/components/aftermath-result";
> 11 | import { ArchitectureView } from "@/components/architecture-view";
     | ^^^^^^^^^^^^^^^^^^^^^^^^^^^^^^^^^^^^^^^^^^^^^^^^^^^^^^^^^^^^^^^^^^
  12 | import { Disclaimer } from "@/components/disclaimer";
  13 |
  14 | export default function Home() {

Import map: aliased to relative './src/components/architecture-view' inside of [project]/

Import traces:
  Client Component Browser:
    ./src/app/page.tsx [Client Component Browser]
    ./src/app/page.tsx [Server Component]

  Client Component SSR:
    ./src/app/page.tsx [Client Component SSR]
    ./src/app/page.tsx [Server Component]

https://nextjs.org/docs/messages/module-not-found @ http://localhost:3000/_next/static/chunks/node_modules_next_dist_1gdrd03._.js:1945
[ 1010603ms] [ERROR] ./src/app/page.tsx:11:1
Module not found: Can't resolve '@/components/architecture-view'
   9 | import { AgentWorkflow } from "@/components/agent-workflow";
  10 | import { AftermathResult } from "@/components/aftermath-result";
> 11 | import { ArchitectureView } from "@/components/architecture-view";
     | ^^^^^^^^^^^^^^^^^^^^^^^^^^^^^^^^^^^^^^^^^^^^^^^^^^^^^^^^^^^^^^^^^^
  12 | import { Disclaimer } from "@/components/disclaimer";
  13 |
  14 | export default function Home() {

Import map: aliased to relative './src/components/architecture-view' inside of [project]/

Import traces:
  Client Component Browser:
    ./src/app/page.tsx [Client Component Browser]
    ./src/app/page.tsx [Server Component]

  Client Component SSR:
    ./src/app/page.tsx [Client Component SSR]
    ./src/app/page.tsx [Server Component]

https://nextjs.org/docs/messages/module-not-found @ http://localhost:3000/_next/static/chunks/node_modules_next_dist_1gdrd03._.js:1945
[ 1010669ms] [ERROR] ./src/app/page.tsx:11:1
Module not found: Can't resolve '@/components/architecture-view'
   9 | import { AgentWorkflow } from "@/components/agent-workflow";
  10 | import { AftermathResult } from "@/components/aftermath-result";
> 11 | import { ArchitectureView } from "@/components/architecture-view";
     | ^^^^^^^^^^^^^^^^^^^^^^^^^^^^^^^^^^^^^^^^^^^^^^^^^^^^^^^^^^^^^^^^^^
  12 | import { Disclaimer } from "@/components/disclaimer";
  13 |
  14 | export default function Home() {

Import map: aliased to relative './src/components/architecture-view' inside of [project]/

Import traces:
  Client Component Browser:
    ./src/app/page.tsx [Client Component Browser]
    ./src/app/page.tsx [Server Component]

  Client Component SSR:
    ./src/app/page.tsx [Client Component SSR]
    ./src/app/page.tsx [Server Component]

https://nextjs.org/docs/messages/module-not-found @ http://localhost:3000/_next/static/chunks/node_modules_next_dist_1gdrd03._.js:1945
[ 1010736ms] [ERROR] ./src/app/page.tsx:11:1
Module not found: Can't resolve '@/components/architecture-view'
   9 | import { AgentWorkflow } from "@/components/agent-workflow";
  10 | import { AftermathResult } from "@/components/aftermath-result";
> 11 | import { ArchitectureView } from "@/components/architecture-view";
     | ^^^^^^^^^^^^^^^^^^^^^^^^^^^^^^^^^^^^^^^^^^^^^^^^^^^^^^^^^^^^^^^^^^
  12 | import { Disclaimer } from "@/components/disclaimer";
  13 |
  14 | export default function Home() {

Import map: aliased to relative './src/components/architecture-view' inside of [project]/

Import traces:
  Client Component Browser:
    ./src/app/page.tsx [Client Component Browser]
    ./src/app/page.tsx [Server Component]

  Client Component SSR:
    ./src/app/page.tsx [Client Component SSR]
    ./src/app/page.tsx [Server Component]

https://nextjs.org/docs/messages/module-not-found @ http://localhost:3000/_next/static/chunks/node_modules_next_dist_1gdrd03._.js:1945
[ 1010787ms] [ERROR] ./src/app/page.tsx:11:1
Module not found: Can't resolve '@/components/architecture-view'
   9 | import { AgentWorkflow } from "@/components/agent-workflow";
  10 | import { AftermathResult } from "@/components/aftermath-result";
> 11 | import { ArchitectureView } from "@/components/architecture-view";
     | ^^^^^^^^^^^^^^^^^^^^^^^^^^^^^^^^^^^^^^^^^^^^^^^^^^^^^^^^^^^^^^^^^^
  12 | import { Disclaimer } from "@/components/disclaimer";
  13 |
  14 | export default function Home() {

Import map: aliased to relative './src/components/architecture-view' inside of [project]/

Import traces:
  Client Component Browser:
    ./src/app/page.tsx [Client Component Browser]
    ./src/app/page.tsx [Server Component]

  Client Component SSR:
    ./src/app/page.tsx [Client Component SSR]
    ./src/app/page.tsx [Server Component]

https://nextjs.org/docs/messages/module-not-found @ http://localhost:3000/_next/static/chunks/node_modules_next_dist_1gdrd03._.js:1945
[ 1010853ms] [ERROR] ./src/app/page.tsx:11:1
Module not found: Can't resolve '@/components/architecture-view'
   9 | import { AgentWorkflow } from "@/components/agent-workflow";
  10 | import { AftermathResult } from "@/components/aftermath-result";
> 11 | import { ArchitectureView } from "@/components/architecture-view";
     | ^^^^^^^^^^^^^^^^^^^^^^^^^^^^^^^^^^^^^^^^^^^^^^^^^^^^^^^^^^^^^^^^^^
  12 | import { Disclaimer } from "@/components/disclaimer";
  13 |
  14 | export default function Home() {

Import map: aliased to relative './src/components/architecture-view' inside of [project]/

Import traces:
  Client Component Browser:
    ./src/app/page.tsx [Client Component Browser]
    ./src/app/page.tsx [Server Component]

  Client Component SSR:
    ./src/app/page.tsx [Client Component SSR]
    ./src/app/page.tsx [Server Component]

https://nextjs.org/docs/messages/module-not-found @ http://localhost:3000/_next/static/chunks/node_modules_next_dist_1gdrd03._.js:1945
[ 1010918ms] [ERROR] ./src/app/page.tsx:11:1
Module not found: Can't resolve '@/components/architecture-view'
   9 | import { AgentWorkflow } from "@/components/agent-workflow";
  10 | import { AftermathResult } from "@/components/aftermath-result";
> 11 | import { ArchitectureView } from "@/components/architecture-view";
     | ^^^^^^^^^^^^^^^^^^^^^^^^^^^^^^^^^^^^^^^^^^^^^^^^^^^^^^^^^^^^^^^^^^
  12 | import { Disclaimer } from "@/components/disclaimer";
  13 |
  14 | export default function Home() {

Import map: aliased to relative './src/components/architecture-view' inside of [project]/

Import traces:
  Client Component Browser:
    ./src/app/page.tsx [Client Component Browser]
    ./src/app/page.tsx [Server Component]

  Client Component SSR:
    ./src/app/page.tsx [Client Component SSR]
    ./src/app/page.tsx [Server Component]

https://nextjs.org/docs/messages/module-not-found @ http://localhost:3000/_next/static/chunks/node_modules_next_dist_1gdrd03._.js:1945
[ 1010969ms] [ERROR] ./src/app/page.tsx:11:1
Module not found: Can't resolve '@/components/architecture-view'
   9 | import { AgentWorkflow } from "@/components/agent-workflow";
  10 | import { AftermathResult } from "@/components/aftermath-result";
> 11 | import { ArchitectureView } from "@/components/architecture-view";
     | ^^^^^^^^^^^^^^^^^^^^^^^^^^^^^^^^^^^^^^^^^^^^^^^^^^^^^^^^^^^^^^^^^^
  12 | import { Disclaimer } from "@/components/disclaimer";
  13 |
  14 | export default function Home() {

Import map: aliased to relative './src/components/architecture-view' inside of [project]/

Import traces:
  Client Component Browser:
    ./src/app/page.tsx [Client Component Browser]
    ./src/app/page.tsx [Server Component]

  Client Component SSR:
    ./src/app/page.tsx [Client Component SSR]
    ./src/app/page.tsx [Server Component]

https://nextjs.org/docs/messages/module-not-found @ http://localhost:3000/_next/static/chunks/node_modules_next_dist_1gdrd03._.js:1945
[ 1011036ms] [ERROR] ./src/app/page.tsx:11:1
Module not found: Can't resolve '@/components/architecture-view'
   9 | import { AgentWorkflow } from "@/components/agent-workflow";
  10 | import { AftermathResult } from "@/components/aftermath-result";
> 11 | import { ArchitectureView } from "@/components/architecture-view";
     | ^^^^^^^^^^^^^^^^^^^^^^^^^^^^^^^^^^^^^^^^^^^^^^^^^^^^^^^^^^^^^^^^^^
  12 | import { Disclaimer } from "@/components/disclaimer";
  13 |
  14 | export default function Home() {

Import map: aliased to relative './src/components/architecture-view' inside of [project]/

Import traces:
  Client Component Browser:
    ./src/app/page.tsx [Client Component Browser]
    ./src/app/page.tsx [Server Component]

  Client Component SSR:
    ./src/app/page.tsx [Client Component SSR]
    ./src/app/page.tsx [Server Component]

https://nextjs.org/docs/messages/module-not-found @ http://localhost:3000/_next/static/chunks/node_modules_next_dist_1gdrd03._.js:1945
[ 1011101ms] [ERROR] ./src/app/page.tsx:11:1
Module not found: Can't resolve '@/components/architecture-view'
   9 | import { AgentWorkflow } from "@/components/agent-workflow";
  10 | import { AftermathResult } from "@/components/aftermath-result";
> 11 | import { ArchitectureView } from "@/components/architecture-view";
     | ^^^^^^^^^^^^^^^^^^^^^^^^^^^^^^^^^^^^^^^^^^^^^^^^^^^^^^^^^^^^^^^^^^
  12 | import { Disclaimer } from "@/components/disclaimer";
  13 |
  14 | export default function Home() {

Import map: aliased to relative './src/components/architecture-view' inside of [project]/

Import traces:
  Client Component Browser:
    ./src/app/page.tsx [Client Component Browser]
    ./src/app/page.tsx [Server Component]

  Client Component SSR:
    ./src/app/page.tsx [Client Component SSR]
    ./src/app/page.tsx [Server Component]

https://nextjs.org/docs/messages/module-not-found @ http://localhost:3000/_next/static/chunks/node_modules_next_dist_1gdrd03._.js:1945
[ 1011152ms] [ERROR] ./src/app/page.tsx:11:1
Module not found: Can't resolve '@/components/architecture-view'
   9 | import { AgentWorkflow } from "@/components/agent-workflow";
  10 | import { AftermathResult } from "@/components/aftermath-result";
> 11 | import { ArchitectureView } from "@/components/architecture-view";
     | ^^^^^^^^^^^^^^^^^^^^^^^^^^^^^^^^^^^^^^^^^^^^^^^^^^^^^^^^^^^^^^^^^^
  12 | import { Disclaimer } from "@/components/disclaimer";
  13 |
  14 | export default function Home() {

Import map: aliased to relative './src/components/architecture-view' inside of [project]/

Import traces:
  Client Component Browser:
    ./src/app/page.tsx [Client Component Browser]
    ./src/app/page.tsx [Server Component]

  Client Component SSR:
    ./src/app/page.tsx [Client Component SSR]
    ./src/app/page.tsx [Server Component]

https://nextjs.org/docs/messages/module-not-found @ http://localhost:3000/_next/static/chunks/node_modules_next_dist_1gdrd03._.js:1945
[ 1011203ms] [ERROR] ./src/app/page.tsx:11:1
Module not found: Can't resolve '@/components/architecture-view'
   9 | import { AgentWorkflow } from "@/components/agent-workflow";
  10 | import { AftermathResult } from "@/components/aftermath-result";
> 11 | import { ArchitectureView } from "@/components/architecture-view";
     | ^^^^^^^^^^^^^^^^^^^^^^^^^^^^^^^^^^^^^^^^^^^^^^^^^^^^^^^^^^^^^^^^^^
  12 | import { Disclaimer } from "@/components/disclaimer";
  13 |
  14 | export default function Home() {

Import map: aliased to relative './src/components/architecture-view' inside of [project]/

Import traces:
  Client Component Browser:
    ./src/app/page.tsx [Client Component Browser]
    ./src/app/page.tsx [Server Component]

  Client Component SSR:
    ./src/app/page.tsx [Client Component SSR]
    ./src/app/page.tsx [Server Component]

https://nextjs.org/docs/messages/module-not-found @ http://localhost:3000/_next/static/chunks/node_modules_next_dist_1gdrd03._.js:1945
[ 1011270ms] [ERROR] ./src/app/page.tsx:11:1
Module not found: Can't resolve '@/components/architecture-view'
   9 | import { AgentWorkflow } from "@/components/agent-workflow";
  10 | import { AftermathResult } from "@/components/aftermath-result";
> 11 | import { ArchitectureView } from "@/components/architecture-view";
     | ^^^^^^^^^^^^^^^^^^^^^^^^^^^^^^^^^^^^^^^^^^^^^^^^^^^^^^^^^^^^^^^^^^
  12 | import { Disclaimer } from "@/components/disclaimer";
  13 |
  14 | export default function Home() {

Import map: aliased to relative './src/components/architecture-view' inside of [project]/

Import traces:
  Client Component Browser:
    ./src/app/page.tsx [Client Component Browser]
    ./src/app/page.tsx [Server Component]

  Client Component SSR:
    ./src/app/page.tsx [Client Component SSR]
    ./src/app/page.tsx [Server Component]

https://nextjs.org/docs/messages/module-not-found @ http://localhost:3000/_next/static/chunks/node_modules_next_dist_1gdrd03._.js:1945
[ 1011337ms] [ERROR] ./src/app/page.tsx:11:1
Module not found: Can't resolve '@/components/architecture-view'
   9 | import { AgentWorkflow } from "@/components/agent-workflow";
  10 | import { AftermathResult } from "@/components/aftermath-result";
> 11 | import { ArchitectureView } from "@/components/architecture-view";
     | ^^^^^^^^^^^^^^^^^^^^^^^^^^^^^^^^^^^^^^^^^^^^^^^^^^^^^^^^^^^^^^^^^^
  12 | import { Disclaimer } from "@/components/disclaimer";
  13 |
  14 | export default function Home() {

Import map: aliased to relative './src/components/architecture-view' inside of [project]/

Import traces:
  Client Component Browser:
    ./src/app/page.tsx [Client Component Browser]
    ./src/app/page.tsx [Server Component]

  Client Component SSR:
    ./src/app/page.tsx [Client Component SSR]
    ./src/app/page.tsx [Server Component]

https://nextjs.org/docs/messages/module-not-found @ http://localhost:3000/_next/static/chunks/node_modules_next_dist_1gdrd03._.js:1945
[ 1011401ms] [ERROR] ./src/app/page.tsx:11:1
Module not found: Can't resolve '@/components/architecture-view'
   9 | import { AgentWorkflow } from "@/components/agent-workflow";
  10 | import { AftermathResult } from "@/components/aftermath-result";
> 11 | import { ArchitectureView } from "@/components/architecture-view";
     | ^^^^^^^^^^^^^^^^^^^^^^^^^^^^^^^^^^^^^^^^^^^^^^^^^^^^^^^^^^^^^^^^^^
  12 | import { Disclaimer } from "@/components/disclaimer";
  13 |
  14 | export default function Home() {

Import map: aliased to relative './src/components/architecture-view' inside of [project]/

Import traces:
  Client Component Browser:
    ./src/app/page.tsx [Client Component Browser]
    ./src/app/page.tsx [Server Component]

  Client Component SSR:
    ./src/app/page.tsx [Client Component SSR]
    ./src/app/page.tsx [Server Component]

https://nextjs.org/docs/messages/module-not-found @ http://localhost:3000/_next/static/chunks/node_modules_next_dist_1gdrd03._.js:1945
[ 1011465ms] [ERROR] ./src/app/page.tsx:11:1
Module not found: Can't resolve '@/components/architecture-view'
   9 | import { AgentWorkflow } from "@/components/agent-workflow";
  10 | import { AftermathResult } from "@/components/aftermath-result";
> 11 | import { ArchitectureView } from "@/components/architecture-view";
     | ^^^^^^^^^^^^^^^^^^^^^^^^^^^^^^^^^^^^^^^^^^^^^^^^^^^^^^^^^^^^^^^^^^
  12 | import { Disclaimer } from "@/components/disclaimer";
  13 |
  14 | export default function Home() {

Import map: aliased to relative './src/components/architecture-view' inside of [project]/

Import traces:
  Client Component Browser:
    ./src/app/page.tsx [Client Component Browser]
    ./src/app/page.tsx [Server Component]

  Client Component SSR:
    ./src/app/page.tsx [Client Component SSR]
    ./src/app/page.tsx [Server Component]

https://nextjs.org/docs/messages/module-not-found @ http://localhost:3000/_next/static/chunks/node_modules_next_dist_1gdrd03._.js:1945
[ 1011520ms] [ERROR] ./src/app/page.tsx:11:1
Module not found: Can't resolve '@/components/architecture-view'
   9 | import { AgentWorkflow } from "@/components/agent-workflow";
  10 | import { AftermathResult } from "@/components/aftermath-result";
> 11 | import { ArchitectureView } from "@/components/architecture-view";
     | ^^^^^^^^^^^^^^^^^^^^^^^^^^^^^^^^^^^^^^^^^^^^^^^^^^^^^^^^^^^^^^^^^^
  12 | import { Disclaimer } from "@/components/disclaimer";
  13 |
  14 | export default function Home() {

Import map: aliased to relative './src/components/architecture-view' inside of [project]/

Import traces:
  Client Component Browser:
    ./src/app/page.tsx [Client Component Browser]
    ./src/app/page.tsx [Server Component]

  Client Component SSR:
    ./src/app/page.tsx [Client Component SSR]
    ./src/app/page.tsx [Server Component]

https://nextjs.org/docs/messages/module-not-found @ http://localhost:3000/_next/static/chunks/node_modules_next_dist_1gdrd03._.js:1945
[ 1011585ms] [ERROR] ./src/app/page.tsx:11:1
Module not found: Can't resolve '@/components/architecture-view'
   9 | import { AgentWorkflow } from "@/components/agent-workflow";
  10 | import { AftermathResult } from "@/components/aftermath-result";
> 11 | import { ArchitectureView } from "@/components/architecture-view";
     | ^^^^^^^^^^^^^^^^^^^^^^^^^^^^^^^^^^^^^^^^^^^^^^^^^^^^^^^^^^^^^^^^^^
  12 | import { Disclaimer } from "@/components/disclaimer";
  13 |
  14 | export default function Home() {

Import map: aliased to relative './src/components/architecture-view' inside of [project]/

Import traces:
  Client Component Browser:
    ./src/app/page.tsx [Client Component Browser]
    ./src/app/page.tsx [Server Component]

  Client Component SSR:
    ./src/app/page.tsx [Client Component SSR]
    ./src/app/page.tsx [Server Component]

https://nextjs.org/docs/messages/module-not-found @ http://localhost:3000/_next/static/chunks/node_modules_next_dist_1gdrd03._.js:1945
[ 1011653ms] [ERROR] ./src/app/page.tsx:11:1
Module not found: Can't resolve '@/components/architecture-view'
   9 | import { AgentWorkflow } from "@/components/agent-workflow";
  10 | import { AftermathResult } from "@/components/aftermath-result";
> 11 | import { ArchitectureView } from "@/components/architecture-view";
     | ^^^^^^^^^^^^^^^^^^^^^^^^^^^^^^^^^^^^^^^^^^^^^^^^^^^^^^^^^^^^^^^^^^
  12 | import { Disclaimer } from "@/components/disclaimer";
  13 |
  14 | export default function Home() {

Import map: aliased to relative './src/components/architecture-view' inside of [project]/

Import traces:
  Client Component Browser:
    ./src/app/page.tsx [Client Component Browser]
    ./src/app/page.tsx [Server Component]

  Client Component SSR:
    ./src/app/page.tsx [Client Component SSR]
    ./src/app/page.tsx [Server Component]

https://nextjs.org/docs/messages/module-not-found @ http://localhost:3000/_next/static/chunks/node_modules_next_dist_1gdrd03._.js:1945
[ 1011718ms] [ERROR] ./src/app/page.tsx:11:1
Module not found: Can't resolve '@/components/architecture-view'
   9 | import { AgentWorkflow } from "@/components/agent-workflow";
  10 | import { AftermathResult } from "@/components/aftermath-result";
> 11 | import { ArchitectureView } from "@/components/architecture-view";
     | ^^^^^^^^^^^^^^^^^^^^^^^^^^^^^^^^^^^^^^^^^^^^^^^^^^^^^^^^^^^^^^^^^^
  12 | import { Disclaimer } from "@/components/disclaimer";
  13 |
  14 | export default function Home() {

Import map: aliased to relative './src/components/architecture-view' inside of [project]/

Import traces:
  Client Component Browser:
    ./src/app/page.tsx [Client Component Browser]
    ./src/app/page.tsx [Server Component]

  Client Component SSR:
    ./src/app/page.tsx [Client Component SSR]
    ./src/app/page.tsx [Server Component]

https://nextjs.org/docs/messages/module-not-found @ http://localhost:3000/_next/static/chunks/node_modules_next_dist_1gdrd03._.js:1945
[ 1011787ms] [ERROR] ./src/app/page.tsx:11:1
Module not found: Can't resolve '@/components/architecture-view'
   9 | import { AgentWorkflow } from "@/components/agent-workflow";
  10 | import { AftermathResult } from "@/components/aftermath-result";
> 11 | import { ArchitectureView } from "@/components/architecture-view";
     | ^^^^^^^^^^^^^^^^^^^^^^^^^^^^^^^^^^^^^^^^^^^^^^^^^^^^^^^^^^^^^^^^^^
  12 | import { Disclaimer } from "@/components/disclaimer";
  13 |
  14 | export default function Home() {

Import map: aliased to relative './src/components/architecture-view' inside of [project]/

Import traces:
  Client Component Browser:
    ./src/app/page.tsx [Client Component Browser]
    ./src/app/page.tsx [Server Component]

  Client Component SSR:
    ./src/app/page.tsx [Client Component SSR]
    ./src/app/page.tsx [Server Component]

https://nextjs.org/docs/messages/module-not-found @ http://localhost:3000/_next/static/chunks/node_modules_next_dist_1gdrd03._.js:1945
[ 1011852ms] [ERROR] ./src/app/page.tsx:11:1
Module not found: Can't resolve '@/components/architecture-view'
   9 | import { AgentWorkflow } from "@/components/agent-workflow";
  10 | import { AftermathResult } from "@/components/aftermath-result";
> 11 | import { ArchitectureView } from "@/components/architecture-view";
     | ^^^^^^^^^^^^^^^^^^^^^^^^^^^^^^^^^^^^^^^^^^^^^^^^^^^^^^^^^^^^^^^^^^
  12 | import { Disclaimer } from "@/components/disclaimer";
  13 |
  14 | export default function Home() {

Import map: aliased to relative './src/components/architecture-view' inside of [project]/

Import traces:
  Client Component Browser:
    ./src/app/page.tsx [Client Component Browser]
    ./src/app/page.tsx [Server Component]

  Client Component SSR:
    ./src/app/page.tsx [Client Component SSR]
    ./src/app/page.tsx [Server Component]

https://nextjs.org/docs/messages/module-not-found @ http://localhost:3000/_next/static/chunks/node_modules_next_dist_1gdrd03._.js:1945
[ 1011904ms] [ERROR] ./src/app/page.tsx:11:1
Module not found: Can't resolve '@/components/architecture-view'
   9 | import { AgentWorkflow } from "@/components/agent-workflow";
  10 | import { AftermathResult } from "@/components/aftermath-result";
> 11 | import { ArchitectureView } from "@/components/architecture-view";
     | ^^^^^^^^^^^^^^^^^^^^^^^^^^^^^^^^^^^^^^^^^^^^^^^^^^^^^^^^^^^^^^^^^^
  12 | import { Disclaimer } from "@/components/disclaimer";
  13 |
  14 | export default function Home() {

Import map: aliased to relative './src/components/architecture-view' inside of [project]/

Import traces:
  Client Component Browser:
    ./src/app/page.tsx [Client Component Browser]
    ./src/app/page.tsx [Server Component]

  Client Component SSR:
    ./src/app/page.tsx [Client Component SSR]
    ./src/app/page.tsx [Server Component]

https://nextjs.org/docs/messages/module-not-found @ http://localhost:3000/_next/static/chunks/node_modules_next_dist_1gdrd03._.js:1945
[ 1011968ms] [ERROR] ./src/app/page.tsx:11:1
Module not found: Can't resolve '@/components/architecture-view'
   9 | import { AgentWorkflow } from "@/components/agent-workflow";
  10 | import { AftermathResult } from "@/components/aftermath-result";
> 11 | import { ArchitectureView } from "@/components/architecture-view";
     | ^^^^^^^^^^^^^^^^^^^^^^^^^^^^^^^^^^^^^^^^^^^^^^^^^^^^^^^^^^^^^^^^^^
  12 | import { Disclaimer } from "@/components/disclaimer";
  13 |
  14 | export default function Home() {

Import map: aliased to relative './src/components/architecture-view' inside of [project]/

Import traces:
  Client Component Browser:
    ./src/app/page.tsx [Client Component Browser]
    ./src/app/page.tsx [Server Component]

  Client Component SSR:
    ./src/app/page.tsx [Client Component SSR]
    ./src/app/page.tsx [Server Component]

https://nextjs.org/docs/messages/module-not-found @ http://localhost:3000/_next/static/chunks/node_modules_next_dist_1gdrd03._.js:1945
[ 1012019ms] [ERROR] ./src/app/page.tsx:11:1
Module not found: Can't resolve '@/components/architecture-view'
   9 | import { AgentWorkflow } from "@/components/agent-workflow";
  10 | import { AftermathResult } from "@/components/aftermath-result";
> 11 | import { ArchitectureView } from "@/components/architecture-view";
     | ^^^^^^^^^^^^^^^^^^^^^^^^^^^^^^^^^^^^^^^^^^^^^^^^^^^^^^^^^^^^^^^^^^
  12 | import { Disclaimer } from "@/components/disclaimer";
  13 |
  14 | export default function Home() {

Import map: aliased to relative './src/components/architecture-view' inside of [project]/

Import traces:
  Client Component Browser:
    ./src/app/page.tsx [Client Component Browser]
    ./src/app/page.tsx [Server Component]

  Client Component SSR:
    ./src/app/page.tsx [Client Component SSR]
    ./src/app/page.tsx [Server Component]

https://nextjs.org/docs/messages/module-not-found @ http://localhost:3000/_next/static/chunks/node_modules_next_dist_1gdrd03._.js:1945
[ 1012087ms] [ERROR] ./src/app/page.tsx:11:1
Module not found: Can't resolve '@/components/architecture-view'
   9 | import { AgentWorkflow } from "@/components/agent-workflow";
  10 | import { AftermathResult } from "@/components/aftermath-result";
> 11 | import { ArchitectureView } from "@/components/architecture-view";
     | ^^^^^^^^^^^^^^^^^^^^^^^^^^^^^^^^^^^^^^^^^^^^^^^^^^^^^^^^^^^^^^^^^^
  12 | import { Disclaimer } from "@/components/disclaimer";
  13 |
  14 | export default function Home() {

Import map: aliased to relative './src/components/architecture-view' inside of [project]/

Import traces:
  Client Component Browser:
    ./src/app/page.tsx [Client Component Browser]
    ./src/app/page.tsx [Server Component]

  Client Component SSR:
    ./src/app/page.tsx [Client Component SSR]
    ./src/app/page.tsx [Server Component]

https://nextjs.org/docs/messages/module-not-found @ http://localhost:3000/_next/static/chunks/node_modules_next_dist_1gdrd03._.js:1945
[ 1012156ms] [ERROR] ./src/app/page.tsx:11:1
Module not found: Can't resolve '@/components/architecture-view'
   9 | import { AgentWorkflow } from "@/components/agent-workflow";
  10 | import { AftermathResult } from "@/components/aftermath-result";
> 11 | import { ArchitectureView } from "@/components/architecture-view";
     | ^^^^^^^^^^^^^^^^^^^^^^^^^^^^^^^^^^^^^^^^^^^^^^^^^^^^^^^^^^^^^^^^^^
  12 | import { Disclaimer } from "@/components/disclaimer";
  13 |
  14 | export default function Home() {

Import map: aliased to relative './src/components/architecture-view' inside of [project]/

Import traces:
  Client Component Browser:
    ./src/app/page.tsx [Client Component Browser]
    ./src/app/page.tsx [Server Component]

  Client Component SSR:
    ./src/app/page.tsx [Client Component SSR]
    ./src/app/page.tsx [Server Component]

https://nextjs.org/docs/messages/module-not-found @ http://localhost:3000/_next/static/chunks/node_modules_next_dist_1gdrd03._.js:1945
[ 1012219ms] [ERROR] ./src/app/page.tsx:11:1
Module not found: Can't resolve '@/components/architecture-view'
   9 | import { AgentWorkflow } from "@/components/agent-workflow";
  10 | import { AftermathResult } from "@/components/aftermath-result";
> 11 | import { ArchitectureView } from "@/components/architecture-view";
     | ^^^^^^^^^^^^^^^^^^^^^^^^^^^^^^^^^^^^^^^^^^^^^^^^^^^^^^^^^^^^^^^^^^
  12 | import { Disclaimer } from "@/components/disclaimer";
  13 |
  14 | export default function Home() {

Import map: aliased to relative './src/components/architecture-view' inside of [project]/

Import traces:
  Client Component Browser:
    ./src/app/page.tsx [Client Component Browser]
    ./src/app/page.tsx [Server Component]

  Client Component SSR:
    ./src/app/page.tsx [Client Component SSR]
    ./src/app/page.tsx [Server Component]

https://nextjs.org/docs/messages/module-not-found @ http://localhost:3000/_next/static/chunks/node_modules_next_dist_1gdrd03._.js:1945
[ 1012284ms] [ERROR] ./src/app/page.tsx:11:1
Module not found: Can't resolve '@/components/architecture-view'
   9 | import { AgentWorkflow } from "@/components/agent-workflow";
  10 | import { AftermathResult } from "@/components/aftermath-result";
> 11 | import { ArchitectureView } from "@/components/architecture-view";
     | ^^^^^^^^^^^^^^^^^^^^^^^^^^^^^^^^^^^^^^^^^^^^^^^^^^^^^^^^^^^^^^^^^^
  12 | import { Disclaimer } from "@/components/disclaimer";
  13 |
  14 | export default function Home() {

Import map: aliased to relative './src/components/architecture-view' inside of [project]/

Import traces:
  Client Component Browser:
    ./src/app/page.tsx [Client Component Browser]
    ./src/app/page.tsx [Server Component]

  Client Component SSR:
    ./src/app/page.tsx [Client Component SSR]
    ./src/app/page.tsx [Server Component]

https://nextjs.org/docs/messages/module-not-found @ http://localhost:3000/_next/static/chunks/node_modules_next_dist_1gdrd03._.js:1945
[ 1012336ms] [ERROR] ./src/app/page.tsx:11:1
Module not found: Can't resolve '@/components/architecture-view'
   9 | import { AgentWorkflow } from "@/components/agent-workflow";
  10 | import { AftermathResult } from "@/components/aftermath-result";
> 11 | import { ArchitectureView } from "@/components/architecture-view";
     | ^^^^^^^^^^^^^^^^^^^^^^^^^^^^^^^^^^^^^^^^^^^^^^^^^^^^^^^^^^^^^^^^^^
  12 | import { Disclaimer } from "@/components/disclaimer";
  13 |
  14 | export default function Home() {

Import map: aliased to relative './src/components/architecture-view' inside of [project]/

Import traces:
  Client Component Browser:
    ./src/app/page.tsx [Client Component Browser]
    ./src/app/page.tsx [Server Component]

  Client Component SSR:
    ./src/app/page.tsx [Client Component SSR]
    ./src/app/page.tsx [Server Component]

https://nextjs.org/docs/messages/module-not-found @ http://localhost:3000/_next/static/chunks/node_modules_next_dist_1gdrd03._.js:1945
[ 1012400ms] [ERROR] ./src/app/page.tsx:11:1
Module not found: Can't resolve '@/components/architecture-view'
   9 | import { AgentWorkflow } from "@/components/agent-workflow";
  10 | import { AftermathResult } from "@/components/aftermath-result";
> 11 | import { ArchitectureView } from "@/components/architecture-view";
     | ^^^^^^^^^^^^^^^^^^^^^^^^^^^^^^^^^^^^^^^^^^^^^^^^^^^^^^^^^^^^^^^^^^
  12 | import { Disclaimer } from "@/components/disclaimer";
  13 |
  14 | export default function Home() {

Import map: aliased to relative './src/components/architecture-view' inside of [project]/

Import traces:
  Client Component Browser:
    ./src/app/page.tsx [Client Component Browser]
    ./src/app/page.tsx [Server Component]

  Client Component SSR:
    ./src/app/page.tsx [Client Component SSR]
    ./src/app/page.tsx [Server Component]

https://nextjs.org/docs/messages/module-not-found @ http://localhost:3000/_next/static/chunks/node_modules_next_dist_1gdrd03._.js:1945
[ 1012452ms] [ERROR] ./src/app/page.tsx:11:1
Module not found: Can't resolve '@/components/architecture-view'
   9 | import { AgentWorkflow } from "@/components/agent-workflow";
  10 | import { AftermathResult } from "@/components/aftermath-result";
> 11 | import { ArchitectureView } from "@/components/architecture-view";
     | ^^^^^^^^^^^^^^^^^^^^^^^^^^^^^^^^^^^^^^^^^^^^^^^^^^^^^^^^^^^^^^^^^^
  12 | import { Disclaimer } from "@/components/disclaimer";
  13 |
  14 | export default function Home() {

Import map: aliased to relative './src/components/architecture-view' inside of [project]/

Import traces:
  Client Component Browser:
    ./src/app/page.tsx [Client Component Browser]
    ./src/app/page.tsx [Server Component]

  Client Component SSR:
    ./src/app/page.tsx [Client Component SSR]
    ./src/app/page.tsx [Server Component]

https://nextjs.org/docs/messages/module-not-found @ http://localhost:3000/_next/static/chunks/node_modules_next_dist_1gdrd03._.js:1945
[ 1012517ms] [ERROR] ./src/app/page.tsx:11:1
Module not found: Can't resolve '@/components/architecture-view'
   9 | import { AgentWorkflow } from "@/components/agent-workflow";
  10 | import { AftermathResult } from "@/components/aftermath-result";
> 11 | import { ArchitectureView } from "@/components/architecture-view";
     | ^^^^^^^^^^^^^^^^^^^^^^^^^^^^^^^^^^^^^^^^^^^^^^^^^^^^^^^^^^^^^^^^^^
  12 | import { Disclaimer } from "@/components/disclaimer";
  13 |
  14 | export default function Home() {

Import map: aliased to relative './src/components/architecture-view' inside of [project]/

Import traces:
  Client Component Browser:
    ./src/app/page.tsx [Client Component Browser]
    ./src/app/page.tsx [Server Component]

  Client Component SSR:
    ./src/app/page.tsx [Client Component SSR]
    ./src/app/page.tsx [Server Component]

https://nextjs.org/docs/messages/module-not-found @ http://localhost:3000/_next/static/chunks/node_modules_next_dist_1gdrd03._.js:1945
[ 1012569ms] [ERROR] ./src/app/page.tsx:11:1
Module not found: Can't resolve '@/components/architecture-view'
   9 | import { AgentWorkflow } from "@/components/agent-workflow";
  10 | import { AftermathResult } from "@/components/aftermath-result";
> 11 | import { ArchitectureView } from "@/components/architecture-view";
     | ^^^^^^^^^^^^^^^^^^^^^^^^^^^^^^^^^^^^^^^^^^^^^^^^^^^^^^^^^^^^^^^^^^
  12 | import { Disclaimer } from "@/components/disclaimer";
  13 |
  14 | export default function Home() {

Import map: aliased to relative './src/components/architecture-view' inside of [project]/

Import traces:
  Client Component Browser:
    ./src/app/page.tsx [Client Component Browser]
    ./src/app/page.tsx [Server Component]

  Client Component SSR:
    ./src/app/page.tsx [Client Component SSR]
    ./src/app/page.tsx [Server Component]

https://nextjs.org/docs/messages/module-not-found @ http://localhost:3000/_next/static/chunks/node_modules_next_dist_1gdrd03._.js:1945
[ 1012635ms] [ERROR] ./src/app/page.tsx:11:1
Module not found: Can't resolve '@/components/architecture-view'
   9 | import { AgentWorkflow } from "@/components/agent-workflow";
  10 | import { AftermathResult } from "@/components/aftermath-result";
> 11 | import { ArchitectureView } from "@/components/architecture-view";
     | ^^^^^^^^^^^^^^^^^^^^^^^^^^^^^^^^^^^^^^^^^^^^^^^^^^^^^^^^^^^^^^^^^^
  12 | import { Disclaimer } from "@/components/disclaimer";
  13 |
  14 | export default function Home() {

Import map: aliased to relative './src/components/architecture-view' inside of [project]/

Import traces:
  Client Component Browser:
    ./src/app/page.tsx [Client Component Browser]
    ./src/app/page.tsx [Server Component]

  Client Component SSR:
    ./src/app/page.tsx [Client Component SSR]
    ./src/app/page.tsx [Server Component]

https://nextjs.org/docs/messages/module-not-found @ http://localhost:3000/_next/static/chunks/node_modules_next_dist_1gdrd03._.js:1945
[ 1012687ms] [ERROR] ./src/app/page.tsx:11:1
Module not found: Can't resolve '@/components/architecture-view'
   9 | import { AgentWorkflow } from "@/components/agent-workflow";
  10 | import { AftermathResult } from "@/components/aftermath-result";
> 11 | import { ArchitectureView } from "@/components/architecture-view";
     | ^^^^^^^^^^^^^^^^^^^^^^^^^^^^^^^^^^^^^^^^^^^^^^^^^^^^^^^^^^^^^^^^^^
  12 | import { Disclaimer } from "@/components/disclaimer";
  13 |
  14 | export default function Home() {

Import map: aliased to relative './src/components/architecture-view' inside of [project]/

Import traces:
  Client Component Browser:
    ./src/app/page.tsx [Client Component Browser]
    ./src/app/page.tsx [Server Component]

  Client Component SSR:
    ./src/app/page.tsx [Client Component SSR]
    ./src/app/page.tsx [Server Component]

https://nextjs.org/docs/messages/module-not-found @ http://localhost:3000/_next/static/chunks/node_modules_next_dist_1gdrd03._.js:1945
[ 1012751ms] [ERROR] ./src/app/page.tsx:11:1
Module not found: Can't resolve '@/components/architecture-view'
   9 | import { AgentWorkflow } from "@/components/agent-workflow";
  10 | import { AftermathResult } from "@/components/aftermath-result";
> 11 | import { ArchitectureView } from "@/components/architecture-view";
     | ^^^^^^^^^^^^^^^^^^^^^^^^^^^^^^^^^^^^^^^^^^^^^^^^^^^^^^^^^^^^^^^^^^
  12 | import { Disclaimer } from "@/components/disclaimer";
  13 |
  14 | export default function Home() {

Import map: aliased to relative './src/components/architecture-view' inside of [project]/

Import traces:
  Client Component Browser:
    ./src/app/page.tsx [Client Component Browser]
    ./src/app/page.tsx [Server Component]

  Client Component SSR:
    ./src/app/page.tsx [Client Component SSR]
    ./src/app/page.tsx [Server Component]

https://nextjs.org/docs/messages/module-not-found @ http://localhost:3000/_next/static/chunks/node_modules_next_dist_1gdrd03._.js:1945
[ 1012812ms] [ERROR] ./src/app/page.tsx:11:1
Module not found: Can't resolve '@/components/architecture-view'
   9 | import { AgentWorkflow } from "@/components/agent-workflow";
  10 | import { AftermathResult } from "@/components/aftermath-result";
> 11 | import { ArchitectureView } from "@/components/architecture-view";
     | ^^^^^^^^^^^^^^^^^^^^^^^^^^^^^^^^^^^^^^^^^^^^^^^^^^^^^^^^^^^^^^^^^^
  12 | import { Disclaimer } from "@/components/disclaimer";
  13 |
  14 | export default function Home() {

Import map: aliased to relative './src/components/architecture-view' inside of [project]/

Import traces:
  Client Component Browser:
    ./src/app/page.tsx [Client Component Browser]
    ./src/app/page.tsx [Server Component]

  Client Component SSR:
    ./src/app/page.tsx [Client Component SSR]
    ./src/app/page.tsx [Server Component]

https://nextjs.org/docs/messages/module-not-found @ http://localhost:3000/_next/static/chunks/node_modules_next_dist_1gdrd03._.js:1945
[ 1012869ms] [ERROR] ./src/app/page.tsx:11:1
Module not found: Can't resolve '@/components/architecture-view'
   9 | import { AgentWorkflow } from "@/components/agent-workflow";
  10 | import { AftermathResult } from "@/components/aftermath-result";
> 11 | import { ArchitectureView } from "@/components/architecture-view";
     | ^^^^^^^^^^^^^^^^^^^^^^^^^^^^^^^^^^^^^^^^^^^^^^^^^^^^^^^^^^^^^^^^^^
  12 | import { Disclaimer } from "@/components/disclaimer";
  13 |
  14 | export default function Home() {

Import map: aliased to relative './src/components/architecture-view' inside of [project]/

Import traces:
  Client Component Browser:
    ./src/app/page.tsx [Client Component Browser]
    ./src/app/page.tsx [Server Component]

  Client Component SSR:
    ./src/app/page.tsx [Client Component SSR]
    ./src/app/page.tsx [Server Component]

https://nextjs.org/docs/messages/module-not-found @ http://localhost:3000/_next/static/chunks/node_modules_next_dist_1gdrd03._.js:1945
[ 1012936ms] [ERROR] ./src/app/page.tsx:11:1
Module not found: Can't resolve '@/components/architecture-view'
   9 | import { AgentWorkflow } from "@/components/agent-workflow";
  10 | import { AftermathResult } from "@/components/aftermath-result";
> 11 | import { ArchitectureView } from "@/components/architecture-view";
     | ^^^^^^^^^^^^^^^^^^^^^^^^^^^^^^^^^^^^^^^^^^^^^^^^^^^^^^^^^^^^^^^^^^
  12 | import { Disclaimer } from "@/components/disclaimer";
  13 |
  14 | export default function Home() {

Import map: aliased to relative './src/components/architecture-view' inside of [project]/

Import traces:
  Client Component Browser:
    ./src/app/page.tsx [Client Component Browser]
    ./src/app/page.tsx [Server Component]

  Client Component SSR:
    ./src/app/page.tsx [Client Component SSR]
    ./src/app/page.tsx [Server Component]

https://nextjs.org/docs/messages/module-not-found @ http://localhost:3000/_next/static/chunks/node_modules_next_dist_1gdrd03._.js:1945
[ 1013002ms] [ERROR] ./src/app/page.tsx:11:1
Module not found: Can't resolve '@/components/architecture-view'
   9 | import { AgentWorkflow } from "@/components/agent-workflow";
  10 | import { AftermathResult } from "@/components/aftermath-result";
> 11 | import { ArchitectureView } from "@/components/architecture-view";
     | ^^^^^^^^^^^^^^^^^^^^^^^^^^^^^^^^^^^^^^^^^^^^^^^^^^^^^^^^^^^^^^^^^^
  12 | import { Disclaimer } from "@/components/disclaimer";
  13 |
  14 | export default function Home() {

Import map: aliased to relative './src/components/architecture-view' inside of [project]/

Import traces:
  Client Component Browser:
    ./src/app/page.tsx [Client Component Browser]
    ./src/app/page.tsx [Server Component]

  Client Component SSR:
    ./src/app/page.tsx [Client Component SSR]
    ./src/app/page.tsx [Server Component]

https://nextjs.org/docs/messages/module-not-found @ http://localhost:3000/_next/static/chunks/node_modules_next_dist_1gdrd03._.js:1945
[ 1013066ms] [ERROR] ./src/app/page.tsx:11:1
Module not found: Can't resolve '@/components/architecture-view'
   9 | import { AgentWorkflow } from "@/components/agent-workflow";
  10 | import { AftermathResult } from "@/components/aftermath-result";
> 11 | import { ArchitectureView } from "@/components/architecture-view";
     | ^^^^^^^^^^^^^^^^^^^^^^^^^^^^^^^^^^^^^^^^^^^^^^^^^^^^^^^^^^^^^^^^^^
  12 | import { Disclaimer } from "@/components/disclaimer";
  13 |
  14 | export default function Home() {

Import map: aliased to relative './src/components/architecture-view' inside of [project]/

Import traces:
  Client Component Browser:
    ./src/app/page.tsx [Client Component Browser]
    ./src/app/page.tsx [Server Component]

  Client Component SSR:
    ./src/app/page.tsx [Client Component SSR]
    ./src/app/page.tsx [Server Component]

https://nextjs.org/docs/messages/module-not-found @ http://localhost:3000/_next/static/chunks/node_modules_next_dist_1gdrd03._.js:1945
[ 1013120ms] [ERROR] ./src/app/page.tsx:11:1
Module not found: Can't resolve '@/components/architecture-view'
   9 | import { AgentWorkflow } from "@/components/agent-workflow";
  10 | import { AftermathResult } from "@/components/aftermath-result";
> 11 | import { ArchitectureView } from "@/components/architecture-view";
     | ^^^^^^^^^^^^^^^^^^^^^^^^^^^^^^^^^^^^^^^^^^^^^^^^^^^^^^^^^^^^^^^^^^
  12 | import { Disclaimer } from "@/components/disclaimer";
  13 |
  14 | export default function Home() {

Import map: aliased to relative './src/components/architecture-view' inside of [project]/

Import traces:
  Client Component Browser:
    ./src/app/page.tsx [Client Component Browser]
    ./src/app/page.tsx [Server Component]

  Client Component SSR:
    ./src/app/page.tsx [Client Component SSR]
    ./src/app/page.tsx [Server Component]

https://nextjs.org/docs/messages/module-not-found @ http://localhost:3000/_next/static/chunks/node_modules_next_dist_1gdrd03._.js:1945
[ 1013187ms] [ERROR] ./src/app/page.tsx:11:1
Module not found: Can't resolve '@/components/architecture-view'
   9 | import { AgentWorkflow } from "@/components/agent-workflow";
  10 | import { AftermathResult } from "@/components/aftermath-result";
> 11 | import { ArchitectureView } from "@/components/architecture-view";
     | ^^^^^^^^^^^^^^^^^^^^^^^^^^^^^^^^^^^^^^^^^^^^^^^^^^^^^^^^^^^^^^^^^^
  12 | import { Disclaimer } from "@/components/disclaimer";
  13 |
  14 | export default function Home() {

Import map: aliased to relative './src/components/architecture-view' inside of [project]/

Import traces:
  Client Component Browser:
    ./src/app/page.tsx [Client Component Browser]
    ./src/app/page.tsx [Server Component]

  Client Component SSR:
    ./src/app/page.tsx [Client Component SSR]
    ./src/app/page.tsx [Server Component]

https://nextjs.org/docs/messages/module-not-found @ http://localhost:3000/_next/static/chunks/node_modules_next_dist_1gdrd03._.js:1945
[ 1013253ms] [ERROR] ./src/app/page.tsx:11:1
Module not found: Can't resolve '@/components/architecture-view'
   9 | import { AgentWorkflow } from "@/components/agent-workflow";
  10 | import { AftermathResult } from "@/components/aftermath-result";
> 11 | import { ArchitectureView } from "@/components/architecture-view";
     | ^^^^^^^^^^^^^^^^^^^^^^^^^^^^^^^^^^^^^^^^^^^^^^^^^^^^^^^^^^^^^^^^^^
  12 | import { Disclaimer } from "@/components/disclaimer";
  13 |
  14 | export default function Home() {

Import map: aliased to relative './src/components/architecture-view' inside of [project]/

Import traces:
  Client Component Browser:
    ./src/app/page.tsx [Client Component Browser]
    ./src/app/page.tsx [Server Component]

  Client Component SSR:
    ./src/app/page.tsx [Client Component SSR]
    ./src/app/page.tsx [Server Component]

https://nextjs.org/docs/messages/module-not-found @ http://localhost:3000/_next/static/chunks/node_modules_next_dist_1gdrd03._.js:1945
[ 1013320ms] [ERROR] ./src/app/page.tsx:11:1
Module not found: Can't resolve '@/components/architecture-view'
   9 | import { AgentWorkflow } from "@/components/agent-workflow";
  10 | import { AftermathResult } from "@/components/aftermath-result";
> 11 | import { ArchitectureView } from "@/components/architecture-view";
     | ^^^^^^^^^^^^^^^^^^^^^^^^^^^^^^^^^^^^^^^^^^^^^^^^^^^^^^^^^^^^^^^^^^
  12 | import { Disclaimer } from "@/components/disclaimer";
  13 |
  14 | export default function Home() {

Import map: aliased to relative './src/components/architecture-view' inside of [project]/

Import traces:
  Client Component Browser:
    ./src/app/page.tsx [Client Component Browser]
    ./src/app/page.tsx [Server Component]

  Client Component SSR:
    ./src/app/page.tsx [Client Component SSR]
    ./src/app/page.tsx [Server Component]

https://nextjs.org/docs/messages/module-not-found @ http://localhost:3000/_next/static/chunks/node_modules_next_dist_1gdrd03._.js:1945
[ 1013386ms] [ERROR] ./src/app/page.tsx:11:1
Module not found: Can't resolve '@/components/architecture-view'
   9 | import { AgentWorkflow } from "@/components/agent-workflow";
  10 | import { AftermathResult } from "@/components/aftermath-result";
> 11 | import { ArchitectureView } from "@/components/architecture-view";
     | ^^^^^^^^^^^^^^^^^^^^^^^^^^^^^^^^^^^^^^^^^^^^^^^^^^^^^^^^^^^^^^^^^^
  12 | import { Disclaimer } from "@/components/disclaimer";
  13 |
  14 | export default function Home() {

Import map: aliased to relative './src/components/architecture-view' inside of [project]/

Import traces:
  Client Component Browser:
    ./src/app/page.tsx [Client Component Browser]
    ./src/app/page.tsx [Server Component]

  Client Component SSR:
    ./src/app/page.tsx [Client Component SSR]
    ./src/app/page.tsx [Server Component]

https://nextjs.org/docs/messages/module-not-found @ http://localhost:3000/_next/static/chunks/node_modules_next_dist_1gdrd03._.js:1945
[ 1013448ms] [ERROR] ./src/app/page.tsx:11:1
Module not found: Can't resolve '@/components/architecture-view'
   9 | import { AgentWorkflow } from "@/components/agent-workflow";
  10 | import { AftermathResult } from "@/components/aftermath-result";
> 11 | import { ArchitectureView } from "@/components/architecture-view";
     | ^^^^^^^^^^^^^^^^^^^^^^^^^^^^^^^^^^^^^^^^^^^^^^^^^^^^^^^^^^^^^^^^^^
  12 | import { Disclaimer } from "@/components/disclaimer";
  13 |
  14 | export default function Home() {

Import map: aliased to relative './src/components/architecture-view' inside of [project]/

Import traces:
  Client Component Browser:
    ./src/app/page.tsx [Client Component Browser]
    ./src/app/page.tsx [Server Component]

  Client Component SSR:
    ./src/app/page.tsx [Client Component SSR]
    ./src/app/page.tsx [Server Component]

https://nextjs.org/docs/messages/module-not-found @ http://localhost:3000/_next/static/chunks/node_modules_next_dist_1gdrd03._.js:1945
[ 1013503ms] [ERROR] ./src/app/page.tsx:11:1
Module not found: Can't resolve '@/components/architecture-view'
   9 | import { AgentWorkflow } from "@/components/agent-workflow";
  10 | import { AftermathResult } from "@/components/aftermath-result";
> 11 | import { ArchitectureView } from "@/components/architecture-view";
     | ^^^^^^^^^^^^^^^^^^^^^^^^^^^^^^^^^^^^^^^^^^^^^^^^^^^^^^^^^^^^^^^^^^
  12 | import { Disclaimer } from "@/components/disclaimer";
  13 |
  14 | export default function Home() {

Import map: aliased to relative './src/components/architecture-view' inside of [project]/

Import traces:
  Client Component Browser:
    ./src/app/page.tsx [Client Component Browser]
    ./src/app/page.tsx [Server Component]

  Client Component SSR:
    ./src/app/page.tsx [Client Component SSR]
    ./src/app/page.tsx [Server Component]

https://nextjs.org/docs/messages/module-not-found @ http://localhost:3000/_next/static/chunks/node_modules_next_dist_1gdrd03._.js:1945
[ 1013568ms] [ERROR] ./src/app/page.tsx:11:1
Module not found: Can't resolve '@/components/architecture-view'
   9 | import { AgentWorkflow } from "@/components/agent-workflow";
  10 | import { AftermathResult } from "@/components/aftermath-result";
> 11 | import { ArchitectureView } from "@/components/architecture-view";
     | ^^^^^^^^^^^^^^^^^^^^^^^^^^^^^^^^^^^^^^^^^^^^^^^^^^^^^^^^^^^^^^^^^^
  12 | import { Disclaimer } from "@/components/disclaimer";
  13 |
  14 | export default function Home() {

Import map: aliased to relative './src/components/architecture-view' inside of [project]/

Import traces:
  Client Component Browser:
    ./src/app/page.tsx [Client Component Browser]
    ./src/app/page.tsx [Server Component]

  Client Component SSR:
    ./src/app/page.tsx [Client Component SSR]
    ./src/app/page.tsx [Server Component]

https://nextjs.org/docs/messages/module-not-found @ http://localhost:3000/_next/static/chunks/node_modules_next_dist_1gdrd03._.js:1945
[ 1013620ms] [ERROR] ./src/app/page.tsx:11:1
Module not found: Can't resolve '@/components/architecture-view'
   9 | import { AgentWorkflow } from "@/components/agent-workflow";
  10 | import { AftermathResult } from "@/components/aftermath-result";
> 11 | import { ArchitectureView } from "@/components/architecture-view";
     | ^^^^^^^^^^^^^^^^^^^^^^^^^^^^^^^^^^^^^^^^^^^^^^^^^^^^^^^^^^^^^^^^^^
  12 | import { Disclaimer } from "@/components/disclaimer";
  13 |
  14 | export default function Home() {

Import map: aliased to relative './src/components/architecture-view' inside of [project]/

Import traces:
  Client Component Browser:
    ./src/app/page.tsx [Client Component Browser]
    ./src/app/page.tsx [Server Component]

  Client Component SSR:
    ./src/app/page.tsx [Client Component SSR]
    ./src/app/page.tsx [Server Component]

https://nextjs.org/docs/messages/module-not-found @ http://localhost:3000/_next/static/chunks/node_modules_next_dist_1gdrd03._.js:1945
[ 1013687ms] [ERROR] ./src/app/page.tsx:11:1
Module not found: Can't resolve '@/components/architecture-view'
   9 | import { AgentWorkflow } from "@/components/agent-workflow";
  10 | import { AftermathResult } from "@/components/aftermath-result";
> 11 | import { ArchitectureView } from "@/components/architecture-view";
     | ^^^^^^^^^^^^^^^^^^^^^^^^^^^^^^^^^^^^^^^^^^^^^^^^^^^^^^^^^^^^^^^^^^
  12 | import { Disclaimer } from "@/components/disclaimer";
  13 |
  14 | export default function Home() {

Import map: aliased to relative './src/components/architecture-view' inside of [project]/

Import traces:
  Client Component Browser:
    ./src/app/page.tsx [Client Component Browser]
    ./src/app/page.tsx [Server Component]

  Client Component SSR:
    ./src/app/page.tsx [Client Component SSR]
    ./src/app/page.tsx [Server Component]

https://nextjs.org/docs/messages/module-not-found @ http://localhost:3000/_next/static/chunks/node_modules_next_dist_1gdrd03._.js:1945
[ 1013753ms] [ERROR] ./src/app/page.tsx:11:1
Module not found: Can't resolve '@/components/architecture-view'
   9 | import { AgentWorkflow } from "@/components/agent-workflow";
  10 | import { AftermathResult } from "@/components/aftermath-result";
> 11 | import { ArchitectureView } from "@/components/architecture-view";
     | ^^^^^^^^^^^^^^^^^^^^^^^^^^^^^^^^^^^^^^^^^^^^^^^^^^^^^^^^^^^^^^^^^^
  12 | import { Disclaimer } from "@/components/disclaimer";
  13 |
  14 | export default function Home() {

Import map: aliased to relative './src/components/architecture-view' inside of [project]/

Import traces:
  Client Component Browser:
    ./src/app/page.tsx [Client Component Browser]
    ./src/app/page.tsx [Server Component]

  Client Component SSR:
    ./src/app/page.tsx [Client Component SSR]
    ./src/app/page.tsx [Server Component]

https://nextjs.org/docs/messages/module-not-found @ http://localhost:3000/_next/static/chunks/node_modules_next_dist_1gdrd03._.js:1945
[ 1013819ms] [ERROR] ./src/app/page.tsx:11:1
Module not found: Can't resolve '@/components/architecture-view'
   9 | import { AgentWorkflow } from "@/components/agent-workflow";
  10 | import { AftermathResult } from "@/components/aftermath-result";
> 11 | import { ArchitectureView } from "@/components/architecture-view";
     | ^^^^^^^^^^^^^^^^^^^^^^^^^^^^^^^^^^^^^^^^^^^^^^^^^^^^^^^^^^^^^^^^^^
  12 | import { Disclaimer } from "@/components/disclaimer";
  13 |
  14 | export default function Home() {

Import map: aliased to relative './src/components/architecture-view' inside of [project]/

Import traces:
  Client Component Browser:
    ./src/app/page.tsx [Client Component Browser]
    ./src/app/page.tsx [Server Component]

  Client Component SSR:
    ./src/app/page.tsx [Client Component SSR]
    ./src/app/page.tsx [Server Component]

https://nextjs.org/docs/messages/module-not-found @ http://localhost:3000/_next/static/chunks/node_modules_next_dist_1gdrd03._.js:1945
[ 1013869ms] [ERROR] ./src/app/page.tsx:11:1
Module not found: Can't resolve '@/components/architecture-view'
   9 | import { AgentWorkflow } from "@/components/agent-workflow";
  10 | import { AftermathResult } from "@/components/aftermath-result";
> 11 | import { ArchitectureView } from "@/components/architecture-view";
     | ^^^^^^^^^^^^^^^^^^^^^^^^^^^^^^^^^^^^^^^^^^^^^^^^^^^^^^^^^^^^^^^^^^
  12 | import { Disclaimer } from "@/components/disclaimer";
  13 |
  14 | export default function Home() {

Import map: aliased to relative './src/components/architecture-view' inside of [project]/

Import traces:
  Client Component Browser:
    ./src/app/page.tsx [Client Component Browser]
    ./src/app/page.tsx [Server Component]

  Client Component SSR:
    ./src/app/page.tsx [Client Component SSR]
    ./src/app/page.tsx [Server Component]

https://nextjs.org/docs/messages/module-not-found @ http://localhost:3000/_next/static/chunks/node_modules_next_dist_1gdrd03._.js:1945
[ 1013934ms] [ERROR] ./src/app/page.tsx:11:1
Module not found: Can't resolve '@/components/architecture-view'
   9 | import { AgentWorkflow } from "@/components/agent-workflow";
  10 | import { AftermathResult } from "@/components/aftermath-result";
> 11 | import { ArchitectureView } from "@/components/architecture-view";
     | ^^^^^^^^^^^^^^^^^^^^^^^^^^^^^^^^^^^^^^^^^^^^^^^^^^^^^^^^^^^^^^^^^^
  12 | import { Disclaimer } from "@/components/disclaimer";
  13 |
  14 | export default function Home() {

Import map: aliased to relative './src/components/architecture-view' inside of [project]/

Import traces:
  Client Component Browser:
    ./src/app/page.tsx [Client Component Browser]
    ./src/app/page.tsx [Server Component]

  Client Component SSR:
    ./src/app/page.tsx [Client Component SSR]
    ./src/app/page.tsx [Server Component]

https://nextjs.org/docs/messages/module-not-found @ http://localhost:3000/_next/static/chunks/node_modules_next_dist_1gdrd03._.js:1945
[ 1013983ms] [ERROR] ./src/app/page.tsx:11:1
Module not found: Can't resolve '@/components/architecture-view'
   9 | import { AgentWorkflow } from "@/components/agent-workflow";
  10 | import { AftermathResult } from "@/components/aftermath-result";
> 11 | import { ArchitectureView } from "@/components/architecture-view";
     | ^^^^^^^^^^^^^^^^^^^^^^^^^^^^^^^^^^^^^^^^^^^^^^^^^^^^^^^^^^^^^^^^^^
  12 | import { Disclaimer } from "@/components/disclaimer";
  13 |
  14 | export default function Home() {

Import map: aliased to relative './src/components/architecture-view' inside of [project]/

Import traces:
  Client Component Browser:
    ./src/app/page.tsx [Client Component Browser]
    ./src/app/page.tsx [Server Component]

  Client Component SSR:
    ./src/app/page.tsx [Client Component SSR]
    ./src/app/page.tsx [Server Component]

https://nextjs.org/docs/messages/module-not-found @ http://localhost:3000/_next/static/chunks/node_modules_next_dist_1gdrd03._.js:1945
[ 1014036ms] [ERROR] ./src/app/page.tsx:11:1
Module not found: Can't resolve '@/components/architecture-view'
   9 | import { AgentWorkflow } from "@/components/agent-workflow";
  10 | import { AftermathResult } from "@/components/aftermath-result";
> 11 | import { ArchitectureView } from "@/components/architecture-view";
     | ^^^^^^^^^^^^^^^^^^^^^^^^^^^^^^^^^^^^^^^^^^^^^^^^^^^^^^^^^^^^^^^^^^
  12 | import { Disclaimer } from "@/components/disclaimer";
  13 |
  14 | export default function Home() {

Import map: aliased to relative './src/components/architecture-view' inside of [project]/

Import traces:
  Client Component Browser:
    ./src/app/page.tsx [Client Component Browser]
    ./src/app/page.tsx [Server Component]

  Client Component SSR:
    ./src/app/page.tsx [Client Component SSR]
    ./src/app/page.tsx [Server Component]

https://nextjs.org/docs/messages/module-not-found @ http://localhost:3000/_next/static/chunks/node_modules_next_dist_1gdrd03._.js:1945
[ 1014103ms] [ERROR] ./src/app/page.tsx:11:1
Module not found: Can't resolve '@/components/architecture-view'
   9 | import { AgentWorkflow } from "@/components/agent-workflow";
  10 | import { AftermathResult } from "@/components/aftermath-result";
> 11 | import { ArchitectureView } from "@/components/architecture-view";
     | ^^^^^^^^^^^^^^^^^^^^^^^^^^^^^^^^^^^^^^^^^^^^^^^^^^^^^^^^^^^^^^^^^^
  12 | import { Disclaimer } from "@/components/disclaimer";
  13 |
  14 | export default function Home() {

Import map: aliased to relative './src/components/architecture-view' inside of [project]/

Import traces:
  Client Component Browser:
    ./src/app/page.tsx [Client Component Browser]
    ./src/app/page.tsx [Server Component]

  Client Component SSR:
    ./src/app/page.tsx [Client Component SSR]
    ./src/app/page.tsx [Server Component]

https://nextjs.org/docs/messages/module-not-found @ http://localhost:3000/_next/static/chunks/node_modules_next_dist_1gdrd03._.js:1945
[ 1014169ms] [ERROR] ./src/app/page.tsx:11:1
Module not found: Can't resolve '@/components/architecture-view'
   9 | import { AgentWorkflow } from "@/components/agent-workflow";
  10 | import { AftermathResult } from "@/components/aftermath-result";
> 11 | import { ArchitectureView } from "@/components/architecture-view";
     | ^^^^^^^^^^^^^^^^^^^^^^^^^^^^^^^^^^^^^^^^^^^^^^^^^^^^^^^^^^^^^^^^^^
  12 | import { Disclaimer } from "@/components/disclaimer";
  13 |
  14 | export default function Home() {

Import map: aliased to relative './src/components/architecture-view' inside of [project]/

Import traces:
  Client Component Browser:
    ./src/app/page.tsx [Client Component Browser]
    ./src/app/page.tsx [Server Component]

  Client Component SSR:
    ./src/app/page.tsx [Client Component SSR]
    ./src/app/page.tsx [Server Component]

https://nextjs.org/docs/messages/module-not-found @ http://localhost:3000/_next/static/chunks/node_modules_next_dist_1gdrd03._.js:1945
[ 1014236ms] [ERROR] ./src/app/page.tsx:11:1
Module not found: Can't resolve '@/components/architecture-view'
   9 | import { AgentWorkflow } from "@/components/agent-workflow";
  10 | import { AftermathResult } from "@/components/aftermath-result";
> 11 | import { ArchitectureView } from "@/components/architecture-view";
     | ^^^^^^^^^^^^^^^^^^^^^^^^^^^^^^^^^^^^^^^^^^^^^^^^^^^^^^^^^^^^^^^^^^
  12 | import { Disclaimer } from "@/components/disclaimer";
  13 |
  14 | export default function Home() {

Import map: aliased to relative './src/components/architecture-view' inside of [project]/

Import traces:
  Client Component Browser:
    ./src/app/page.tsx [Client Component Browser]
    ./src/app/page.tsx [Server Component]

  Client Component SSR:
    ./src/app/page.tsx [Client Component SSR]
    ./src/app/page.tsx [Server Component]

https://nextjs.org/docs/messages/module-not-found @ http://localhost:3000/_next/static/chunks/node_modules_next_dist_1gdrd03._.js:1945
[ 1014300ms] [ERROR] ./src/app/page.tsx:11:1
Module not found: Can't resolve '@/components/architecture-view'
   9 | import { AgentWorkflow } from "@/components/agent-workflow";
  10 | import { AftermathResult } from "@/components/aftermath-result";
> 11 | import { ArchitectureView } from "@/components/architecture-view";
     | ^^^^^^^^^^^^^^^^^^^^^^^^^^^^^^^^^^^^^^^^^^^^^^^^^^^^^^^^^^^^^^^^^^
  12 | import { Disclaimer } from "@/components/disclaimer";
  13 |
  14 | export default function Home() {

Import map: aliased to relative './src/components/architecture-view' inside of [project]/

Import traces:
  Client Component Browser:
    ./src/app/page.tsx [Client Component Browser]
    ./src/app/page.tsx [Server Component]

  Client Component SSR:
    ./src/app/page.tsx [Client Component SSR]
    ./src/app/page.tsx [Server Component]

https://nextjs.org/docs/messages/module-not-found @ http://localhost:3000/_next/static/chunks/node_modules_next_dist_1gdrd03._.js:1945
[ 1014355ms] [ERROR] ./src/app/page.tsx:11:1
Module not found: Can't resolve '@/components/architecture-view'
   9 | import { AgentWorkflow } from "@/components/agent-workflow";
  10 | import { AftermathResult } from "@/components/aftermath-result";
> 11 | import { ArchitectureView } from "@/components/architecture-view";
     | ^^^^^^^^^^^^^^^^^^^^^^^^^^^^^^^^^^^^^^^^^^^^^^^^^^^^^^^^^^^^^^^^^^
  12 | import { Disclaimer } from "@/components/disclaimer";
  13 |
  14 | export default function Home() {

Import map: aliased to relative './src/components/architecture-view' inside of [project]/

Import traces:
  Client Component Browser:
    ./src/app/page.tsx [Client Component Browser]
    ./src/app/page.tsx [Server Component]

  Client Component SSR:
    ./src/app/page.tsx [Client Component SSR]
    ./src/app/page.tsx [Server Component]

https://nextjs.org/docs/messages/module-not-found @ http://localhost:3000/_next/static/chunks/node_modules_next_dist_1gdrd03._.js:1945
[ 1014419ms] [ERROR] ./src/app/page.tsx:11:1
Module not found: Can't resolve '@/components/architecture-view'
   9 | import { AgentWorkflow } from "@/components/agent-workflow";
  10 | import { AftermathResult } from "@/components/aftermath-result";
> 11 | import { ArchitectureView } from "@/components/architecture-view";
     | ^^^^^^^^^^^^^^^^^^^^^^^^^^^^^^^^^^^^^^^^^^^^^^^^^^^^^^^^^^^^^^^^^^
  12 | import { Disclaimer } from "@/components/disclaimer";
  13 |
  14 | export default function Home() {

Import map: aliased to relative './src/components/architecture-view' inside of [project]/

Import traces:
  Client Component Browser:
    ./src/app/page.tsx [Client Component Browser]
    ./src/app/page.tsx [Server Component]

  Client Component SSR:
    ./src/app/page.tsx [Client Component SSR]
    ./src/app/page.tsx [Server Component]

https://nextjs.org/docs/messages/module-not-found @ http://localhost:3000/_next/static/chunks/node_modules_next_dist_1gdrd03._.js:1945
[ 1014486ms] [ERROR] ./src/app/page.tsx:11:1
Module not found: Can't resolve '@/components/architecture-view'
   9 | import { AgentWorkflow } from "@/components/agent-workflow";
  10 | import { AftermathResult } from "@/components/aftermath-result";
> 11 | import { ArchitectureView } from "@/components/architecture-view";
     | ^^^^^^^^^^^^^^^^^^^^^^^^^^^^^^^^^^^^^^^^^^^^^^^^^^^^^^^^^^^^^^^^^^
  12 | import { Disclaimer } from "@/components/disclaimer";
  13 |
  14 | export default function Home() {

Import map: aliased to relative './src/components/architecture-view' inside of [project]/

Import traces:
  Client Component Browser:
    ./src/app/page.tsx [Client Component Browser]
    ./src/app/page.tsx [Server Component]

  Client Component SSR:
    ./src/app/page.tsx [Client Component SSR]
    ./src/app/page.tsx [Server Component]

https://nextjs.org/docs/messages/module-not-found @ http://localhost:3000/_next/static/chunks/node_modules_next_dist_1gdrd03._.js:1945
[ 1014542ms] [ERROR] ./src/app/page.tsx:11:1
Module not found: Can't resolve '@/components/architecture-view'
   9 | import { AgentWorkflow } from "@/components/agent-workflow";
  10 | import { AftermathResult } from "@/components/aftermath-result";
> 11 | import { ArchitectureView } from "@/components/architecture-view";
     | ^^^^^^^^^^^^^^^^^^^^^^^^^^^^^^^^^^^^^^^^^^^^^^^^^^^^^^^^^^^^^^^^^^
  12 | import { Disclaimer } from "@/components/disclaimer";
  13 |
  14 | export default function Home() {

Import map: aliased to relative './src/components/architecture-view' inside of [project]/

Import traces:
  Client Component Browser:
    ./src/app/page.tsx [Client Component Browser]
    ./src/app/page.tsx [Server Component]

  Client Component SSR:
    ./src/app/page.tsx [Client Component SSR]
    ./src/app/page.tsx [Server Component]

https://nextjs.org/docs/messages/module-not-found @ http://localhost:3000/_next/static/chunks/node_modules_next_dist_1gdrd03._.js:1945
[ 1014600ms] [ERROR] ./src/app/page.tsx:11:1
Module not found: Can't resolve '@/components/architecture-view'
   9 | import { AgentWorkflow } from "@/components/agent-workflow";
  10 | import { AftermathResult } from "@/components/aftermath-result";
> 11 | import { ArchitectureView } from "@/components/architecture-view";
     | ^^^^^^^^^^^^^^^^^^^^^^^^^^^^^^^^^^^^^^^^^^^^^^^^^^^^^^^^^^^^^^^^^^
  12 | import { Disclaimer } from "@/components/disclaimer";
  13 |
  14 | export default function Home() {

Import map: aliased to relative './src/components/architecture-view' inside of [project]/

Import traces:
  Client Component Browser:
    ./src/app/page.tsx [Client Component Browser]
    ./src/app/page.tsx [Server Component]

  Client Component SSR:
    ./src/app/page.tsx [Client Component SSR]
    ./src/app/page.tsx [Server Component]

https://nextjs.org/docs/messages/module-not-found @ http://localhost:3000/_next/static/chunks/node_modules_next_dist_1gdrd03._.js:1945
[ 1014652ms] [ERROR] ./src/app/page.tsx:11:1
Module not found: Can't resolve '@/components/architecture-view'
   9 | import { AgentWorkflow } from "@/components/agent-workflow";
  10 | import { AftermathResult } from "@/components/aftermath-result";
> 11 | import { ArchitectureView } from "@/components/architecture-view";
     | ^^^^^^^^^^^^^^^^^^^^^^^^^^^^^^^^^^^^^^^^^^^^^^^^^^^^^^^^^^^^^^^^^^
  12 | import { Disclaimer } from "@/components/disclaimer";
  13 |
  14 | export default function Home() {

Import map: aliased to relative './src/components/architecture-view' inside of [project]/

Import traces:
  Client Component Browser:
    ./src/app/page.tsx [Client Component Browser]
    ./src/app/page.tsx [Server Component]

  Client Component SSR:
    ./src/app/page.tsx [Client Component SSR]
    ./src/app/page.tsx [Server Component]

https://nextjs.org/docs/messages/module-not-found @ http://localhost:3000/_next/static/chunks/node_modules_next_dist_1gdrd03._.js:1945
[ 1014703ms] [ERROR] ./src/app/page.tsx:11:1
Module not found: Can't resolve '@/components/architecture-view'
   9 | import { AgentWorkflow } from "@/components/agent-workflow";
  10 | import { AftermathResult } from "@/components/aftermath-result";
> 11 | import { ArchitectureView } from "@/components/architecture-view";
     | ^^^^^^^^^^^^^^^^^^^^^^^^^^^^^^^^^^^^^^^^^^^^^^^^^^^^^^^^^^^^^^^^^^
  12 | import { Disclaimer } from "@/components/disclaimer";
  13 |
  14 | export default function Home() {

Import map: aliased to relative './src/components/architecture-view' inside of [project]/

Import traces:
  Client Component Browser:
    ./src/app/page.tsx [Client Component Browser]
    ./src/app/page.tsx [Server Component]

  Client Component SSR:
    ./src/app/page.tsx [Client Component SSR]
    ./src/app/page.tsx [Server Component]

https://nextjs.org/docs/messages/module-not-found @ http://localhost:3000/_next/static/chunks/node_modules_next_dist_1gdrd03._.js:1945
[ 1014769ms] [ERROR] ./src/app/page.tsx:11:1
Module not found: Can't resolve '@/components/architecture-view'
   9 | import { AgentWorkflow } from "@/components/agent-workflow";
  10 | import { AftermathResult } from "@/components/aftermath-result";
> 11 | import { ArchitectureView } from "@/components/architecture-view";
     | ^^^^^^^^^^^^^^^^^^^^^^^^^^^^^^^^^^^^^^^^^^^^^^^^^^^^^^^^^^^^^^^^^^
  12 | import { Disclaimer } from "@/components/disclaimer";
  13 |
  14 | export default function Home() {

Import map: aliased to relative './src/components/architecture-view' inside of [project]/

Import traces:
  Client Component Browser:
    ./src/app/page.tsx [Client Component Browser]
    ./src/app/page.tsx [Server Component]

  Client Component SSR:
    ./src/app/page.tsx [Client Component SSR]
    ./src/app/page.tsx [Server Component]

https://nextjs.org/docs/messages/module-not-found @ http://localhost:3000/_next/static/chunks/node_modules_next_dist_1gdrd03._.js:1945
[ 1014820ms] [ERROR] ./src/app/page.tsx:11:1
Module not found: Can't resolve '@/components/architecture-view'
   9 | import { AgentWorkflow } from "@/components/agent-workflow";
  10 | import { AftermathResult } from "@/components/aftermath-result";
> 11 | import { ArchitectureView } from "@/components/architecture-view";
     | ^^^^^^^^^^^^^^^^^^^^^^^^^^^^^^^^^^^^^^^^^^^^^^^^^^^^^^^^^^^^^^^^^^
  12 | import { Disclaimer } from "@/components/disclaimer";
  13 |
  14 | export default function Home() {

Import map: aliased to relative './src/components/architecture-view' inside of [project]/

Import traces:
  Client Component Browser:
    ./src/app/page.tsx [Client Component Browser]
    ./src/app/page.tsx [Server Component]

  Client Component SSR:
    ./src/app/page.tsx [Client Component SSR]
    ./src/app/page.tsx [Server Component]

https://nextjs.org/docs/messages/module-not-found @ http://localhost:3000/_next/static/chunks/node_modules_next_dist_1gdrd03._.js:1945
[ 1014868ms] [ERROR] ./src/app/page.tsx:11:1
Module not found: Can't resolve '@/components/architecture-view'
   9 | import { AgentWorkflow } from "@/components/agent-workflow";
  10 | import { AftermathResult } from "@/components/aftermath-result";
> 11 | import { ArchitectureView } from "@/components/architecture-view";
     | ^^^^^^^^^^^^^^^^^^^^^^^^^^^^^^^^^^^^^^^^^^^^^^^^^^^^^^^^^^^^^^^^^^
  12 | import { Disclaimer } from "@/components/disclaimer";
  13 |
  14 | export default function Home() {

Import map: aliased to relative './src/components/architecture-view' inside of [project]/

Import traces:
  Client Component Browser:
    ./src/app/page.tsx [Client Component Browser]
    ./src/app/page.tsx [Server Component]

  Client Component SSR:
    ./src/app/page.tsx [Client Component SSR]
    ./src/app/page.tsx [Server Component]

https://nextjs.org/docs/messages/module-not-found @ http://localhost:3000/_next/static/chunks/node_modules_next_dist_1gdrd03._.js:1945
[ 1014920ms] [ERROR] ./src/app/page.tsx:11:1
Module not found: Can't resolve '@/components/architecture-view'
   9 | import { AgentWorkflow } from "@/components/agent-workflow";
  10 | import { AftermathResult } from "@/components/aftermath-result";
> 11 | import { ArchitectureView } from "@/components/architecture-view";
     | ^^^^^^^^^^^^^^^^^^^^^^^^^^^^^^^^^^^^^^^^^^^^^^^^^^^^^^^^^^^^^^^^^^
  12 | import { Disclaimer } from "@/components/disclaimer";
  13 |
  14 | export default function Home() {

Import map: aliased to relative './src/components/architecture-view' inside of [project]/

Import traces:
  Client Component Browser:
    ./src/app/page.tsx [Client Component Browser]
    ./src/app/page.tsx [Server Component]

  Client Component SSR:
    ./src/app/page.tsx [Client Component SSR]
    ./src/app/page.tsx [Server Component]

https://nextjs.org/docs/messages/module-not-found @ http://localhost:3000/_next/static/chunks/node_modules_next_dist_1gdrd03._.js:1945
[ 1014986ms] [ERROR] ./src/app/page.tsx:11:1
Module not found: Can't resolve '@/components/architecture-view'
   9 | import { AgentWorkflow } from "@/components/agent-workflow";
  10 | import { AftermathResult } from "@/components/aftermath-result";
> 11 | import { ArchitectureView } from "@/components/architecture-view";
     | ^^^^^^^^^^^^^^^^^^^^^^^^^^^^^^^^^^^^^^^^^^^^^^^^^^^^^^^^^^^^^^^^^^
  12 | import { Disclaimer } from "@/components/disclaimer";
  13 |
  14 | export default function Home() {

Import map: aliased to relative './src/components/architecture-view' inside of [project]/

Import traces:
  Client Component Browser:
    ./src/app/page.tsx [Client Component Browser]
    ./src/app/page.tsx [Server Component]

  Client Component SSR:
    ./src/app/page.tsx [Client Component SSR]
    ./src/app/page.tsx [Server Component]

https://nextjs.org/docs/messages/module-not-found @ http://localhost:3000/_next/static/chunks/node_modules_next_dist_1gdrd03._.js:1945
[ 1015053ms] [ERROR] ./src/app/page.tsx:11:1
Module not found: Can't resolve '@/components/architecture-view'
   9 | import { AgentWorkflow } from "@/components/agent-workflow";
  10 | import { AftermathResult } from "@/components/aftermath-result";
> 11 | import { ArchitectureView } from "@/components/architecture-view";
     | ^^^^^^^^^^^^^^^^^^^^^^^^^^^^^^^^^^^^^^^^^^^^^^^^^^^^^^^^^^^^^^^^^^
  12 | import { Disclaimer } from "@/components/disclaimer";
  13 |
  14 | export default function Home() {

Import map: aliased to relative './src/components/architecture-view' inside of [project]/

Import traces:
  Client Component Browser:
    ./src/app/page.tsx [Client Component Browser]
    ./src/app/page.tsx [Server Component]

  Client Component SSR:
    ./src/app/page.tsx [Client Component SSR]
    ./src/app/page.tsx [Server Component]

https://nextjs.org/docs/messages/module-not-found @ http://localhost:3000/_next/static/chunks/node_modules_next_dist_1gdrd03._.js:1945
[ 1015118ms] [ERROR] ./src/app/page.tsx:11:1
Module not found: Can't resolve '@/components/architecture-view'
   9 | import { AgentWorkflow } from "@/components/agent-workflow";
  10 | import { AftermathResult } from "@/components/aftermath-result";
> 11 | import { ArchitectureView } from "@/components/architecture-view";
     | ^^^^^^^^^^^^^^^^^^^^^^^^^^^^^^^^^^^^^^^^^^^^^^^^^^^^^^^^^^^^^^^^^^
  12 | import { Disclaimer } from "@/components/disclaimer";
  13 |
  14 | export default function Home() {

Import map: aliased to relative './src/components/architecture-view' inside of [project]/

Import traces:
  Client Component Browser:
    ./src/app/page.tsx [Client Component Browser]
    ./src/app/page.tsx [Server Component]

  Client Component SSR:
    ./src/app/page.tsx [Client Component SSR]
    ./src/app/page.tsx [Server Component]

https://nextjs.org/docs/messages/module-not-found @ http://localhost:3000/_next/static/chunks/node_modules_next_dist_1gdrd03._.js:1945
[ 1015186ms] [ERROR] ./src/app/page.tsx:11:1
Module not found: Can't resolve '@/components/architecture-view'
   9 | import { AgentWorkflow } from "@/components/agent-workflow";
  10 | import { AftermathResult } from "@/components/aftermath-result";
> 11 | import { ArchitectureView } from "@/components/architecture-view";
     | ^^^^^^^^^^^^^^^^^^^^^^^^^^^^^^^^^^^^^^^^^^^^^^^^^^^^^^^^^^^^^^^^^^
  12 | import { Disclaimer } from "@/components/disclaimer";
  13 |
  14 | export default function Home() {

Import map: aliased to relative './src/components/architecture-view' inside of [project]/

Import traces:
  Client Component Browser:
    ./src/app/page.tsx [Client Component Browser]
    ./src/app/page.tsx [Server Component]

  Client Component SSR:
    ./src/app/page.tsx [Client Component SSR]
    ./src/app/page.tsx [Server Component]

https://nextjs.org/docs/messages/module-not-found @ http://localhost:3000/_next/static/chunks/node_modules_next_dist_1gdrd03._.js:1945
[ 1015236ms] [ERROR] ./src/app/page.tsx:11:1
Module not found: Can't resolve '@/components/architecture-view'
   9 | import { AgentWorkflow } from "@/components/agent-workflow";
  10 | import { AftermathResult } from "@/components/aftermath-result";
> 11 | import { ArchitectureView } from "@/components/architecture-view";
     | ^^^^^^^^^^^^^^^^^^^^^^^^^^^^^^^^^^^^^^^^^^^^^^^^^^^^^^^^^^^^^^^^^^
  12 | import { Disclaimer } from "@/components/disclaimer";
  13 |
  14 | export default function Home() {

Import map: aliased to relative './src/components/architecture-view' inside of [project]/

Import traces:
  Client Component Browser:
    ./src/app/page.tsx [Client Component Browser]
    ./src/app/page.tsx [Server Component]

  Client Component SSR:
    ./src/app/page.tsx [Client Component SSR]
    ./src/app/page.tsx [Server Component]

https://nextjs.org/docs/messages/module-not-found @ http://localhost:3000/_next/static/chunks/node_modules_next_dist_1gdrd03._.js:1945
[ 1015286ms] [ERROR] ./src/app/page.tsx:11:1
Module not found: Can't resolve '@/components/architecture-view'
   9 | import { AgentWorkflow } from "@/components/agent-workflow";
  10 | import { AftermathResult } from "@/components/aftermath-result";
> 11 | import { ArchitectureView } from "@/components/architecture-view";
     | ^^^^^^^^^^^^^^^^^^^^^^^^^^^^^^^^^^^^^^^^^^^^^^^^^^^^^^^^^^^^^^^^^^
  12 | import { Disclaimer } from "@/components/disclaimer";
  13 |
  14 | export default function Home() {

Import map: aliased to relative './src/components/architecture-view' inside of [project]/

Import traces:
  Client Component Browser:
    ./src/app/page.tsx [Client Component Browser]
    ./src/app/page.tsx [Server Component]

  Client Component SSR:
    ./src/app/page.tsx [Client Component SSR]
    ./src/app/page.tsx [Server Component]

https://nextjs.org/docs/messages/module-not-found @ http://localhost:3000/_next/static/chunks/node_modules_next_dist_1gdrd03._.js:1945
[ 1015350ms] [ERROR] ./src/app/page.tsx:11:1
Module not found: Can't resolve '@/components/architecture-view'
   9 | import { AgentWorkflow } from "@/components/agent-workflow";
  10 | import { AftermathResult } from "@/components/aftermath-result";
> 11 | import { ArchitectureView } from "@/components/architecture-view";
     | ^^^^^^^^^^^^^^^^^^^^^^^^^^^^^^^^^^^^^^^^^^^^^^^^^^^^^^^^^^^^^^^^^^
  12 | import { Disclaimer } from "@/components/disclaimer";
  13 |
  14 | export default function Home() {

Import map: aliased to relative './src/components/architecture-view' inside of [project]/

Import traces:
  Client Component Browser:
    ./src/app/page.tsx [Client Component Browser]
    ./src/app/page.tsx [Server Component]

  Client Component SSR:
    ./src/app/page.tsx [Client Component SSR]
    ./src/app/page.tsx [Server Component]

https://nextjs.org/docs/messages/module-not-found @ http://localhost:3000/_next/static/chunks/node_modules_next_dist_1gdrd03._.js:1945
[ 1015403ms] [ERROR] ./src/app/page.tsx:11:1
Module not found: Can't resolve '@/components/architecture-view'
   9 | import { AgentWorkflow } from "@/components/agent-workflow";
  10 | import { AftermathResult } from "@/components/aftermath-result";
> 11 | import { ArchitectureView } from "@/components/architecture-view";
     | ^^^^^^^^^^^^^^^^^^^^^^^^^^^^^^^^^^^^^^^^^^^^^^^^^^^^^^^^^^^^^^^^^^
  12 | import { Disclaimer } from "@/components/disclaimer";
  13 |
  14 | export default function Home() {

Import map: aliased to relative './src/components/architecture-view' inside of [project]/

Import traces:
  Client Component Browser:
    ./src/app/page.tsx [Client Component Browser]
    ./src/app/page.tsx [Server Component]

  Client Component SSR:
    ./src/app/page.tsx [Client Component SSR]
    ./src/app/page.tsx [Server Component]

https://nextjs.org/docs/messages/module-not-found @ http://localhost:3000/_next/static/chunks/node_modules_next_dist_1gdrd03._.js:1945
[ 1015465ms] [ERROR] ./src/app/page.tsx:11:1
Module not found: Can't resolve '@/components/architecture-view'
   9 | import { AgentWorkflow } from "@/components/agent-workflow";
  10 | import { AftermathResult } from "@/components/aftermath-result";
> 11 | import { ArchitectureView } from "@/components/architecture-view";
     | ^^^^^^^^^^^^^^^^^^^^^^^^^^^^^^^^^^^^^^^^^^^^^^^^^^^^^^^^^^^^^^^^^^
  12 | import { Disclaimer } from "@/components/disclaimer";
  13 |
  14 | export default function Home() {

Import map: aliased to relative './src/components/architecture-view' inside of [project]/

Import traces:
  Client Component Browser:
    ./src/app/page.tsx [Client Component Browser]
    ./src/app/page.tsx [Server Component]

  Client Component SSR:
    ./src/app/page.tsx [Client Component SSR]
    ./src/app/page.tsx [Server Component]

https://nextjs.org/docs/messages/module-not-found @ http://localhost:3000/_next/static/chunks/node_modules_next_dist_1gdrd03._.js:1945
[ 1015518ms] [ERROR] ./src/app/page.tsx:11:1
Module not found: Can't resolve '@/components/architecture-view'
   9 | import { AgentWorkflow } from "@/components/agent-workflow";
  10 | import { AftermathResult } from "@/components/aftermath-result";
> 11 | import { ArchitectureView } from "@/components/architecture-view";
     | ^^^^^^^^^^^^^^^^^^^^^^^^^^^^^^^^^^^^^^^^^^^^^^^^^^^^^^^^^^^^^^^^^^
  12 | import { Disclaimer } from "@/components/disclaimer";
  13 |
  14 | export default function Home() {

Import map: aliased to relative './src/components/architecture-view' inside of [project]/

Import traces:
  Client Component Browser:
    ./src/app/page.tsx [Client Component Browser]
    ./src/app/page.tsx [Server Component]

  Client Component SSR:
    ./src/app/page.tsx [Client Component SSR]
    ./src/app/page.tsx [Server Component]

https://nextjs.org/docs/messages/module-not-found @ http://localhost:3000/_next/static/chunks/node_modules_next_dist_1gdrd03._.js:1945
[ 1015571ms] [ERROR] ./src/app/page.tsx:11:1
Module not found: Can't resolve '@/components/architecture-view'
   9 | import { AgentWorkflow } from "@/components/agent-workflow";
  10 | import { AftermathResult } from "@/components/aftermath-result";
> 11 | import { ArchitectureView } from "@/components/architecture-view";
     | ^^^^^^^^^^^^^^^^^^^^^^^^^^^^^^^^^^^^^^^^^^^^^^^^^^^^^^^^^^^^^^^^^^
  12 | import { Disclaimer } from "@/components/disclaimer";
  13 |
  14 | export default function Home() {

Import map: aliased to relative './src/components/architecture-view' inside of [project]/

Import traces:
  Client Component Browser:
    ./src/app/page.tsx [Client Component Browser]
    ./src/app/page.tsx [Server Component]

  Client Component SSR:
    ./src/app/page.tsx [Client Component SSR]
    ./src/app/page.tsx [Server Component]

https://nextjs.org/docs/messages/module-not-found @ http://localhost:3000/_next/static/chunks/node_modules_next_dist_1gdrd03._.js:1945
[ 1015620ms] [ERROR] ./src/app/page.tsx:11:1
Module not found: Can't resolve '@/components/architecture-view'
   9 | import { AgentWorkflow } from "@/components/agent-workflow";
  10 | import { AftermathResult } from "@/components/aftermath-result";
> 11 | import { ArchitectureView } from "@/components/architecture-view";
     | ^^^^^^^^^^^^^^^^^^^^^^^^^^^^^^^^^^^^^^^^^^^^^^^^^^^^^^^^^^^^^^^^^^
  12 | import { Disclaimer } from "@/components/disclaimer";
  13 |
  14 | export default function Home() {

Import map: aliased to relative './src/components/architecture-view' inside of [project]/

Import traces:
  Client Component Browser:
    ./src/app/page.tsx [Client Component Browser]
    ./src/app/page.tsx [Server Component]

  Client Component SSR:
    ./src/app/page.tsx [Client Component SSR]
    ./src/app/page.tsx [Server Component]

https://nextjs.org/docs/messages/module-not-found @ http://localhost:3000/_next/static/chunks/node_modules_next_dist_1gdrd03._.js:1945
[ 1015670ms] [ERROR] ./src/app/page.tsx:11:1
Module not found: Can't resolve '@/components/architecture-view'
   9 | import { AgentWorkflow } from "@/components/agent-workflow";
  10 | import { AftermathResult } from "@/components/aftermath-result";
> 11 | import { ArchitectureView } from "@/components/architecture-view";
     | ^^^^^^^^^^^^^^^^^^^^^^^^^^^^^^^^^^^^^^^^^^^^^^^^^^^^^^^^^^^^^^^^^^
  12 | import { Disclaimer } from "@/components/disclaimer";
  13 |
  14 | export default function Home() {

Import map: aliased to relative './src/components/architecture-view' inside of [project]/

Import traces:
  Client Component Browser:
    ./src/app/page.tsx [Client Component Browser]
    ./src/app/page.tsx [Server Component]

  Client Component SSR:
    ./src/app/page.tsx [Client Component SSR]
    ./src/app/page.tsx [Server Component]

https://nextjs.org/docs/messages/module-not-found @ http://localhost:3000/_next/static/chunks/node_modules_next_dist_1gdrd03._.js:1945
[ 1015735ms] [ERROR] ./src/app/page.tsx:11:1
Module not found: Can't resolve '@/components/architecture-view'
   9 | import { AgentWorkflow } from "@/components/agent-workflow";
  10 | import { AftermathResult } from "@/components/aftermath-result";
> 11 | import { ArchitectureView } from "@/components/architecture-view";
     | ^^^^^^^^^^^^^^^^^^^^^^^^^^^^^^^^^^^^^^^^^^^^^^^^^^^^^^^^^^^^^^^^^^
  12 | import { Disclaimer } from "@/components/disclaimer";
  13 |
  14 | export default function Home() {

Import map: aliased to relative './src/components/architecture-view' inside of [project]/

Import traces:
  Client Component Browser:
    ./src/app/page.tsx [Client Component Browser]
    ./src/app/page.tsx [Server Component]

  Client Component SSR:
    ./src/app/page.tsx [Client Component SSR]
    ./src/app/page.tsx [Server Component]

https://nextjs.org/docs/messages/module-not-found @ http://localhost:3000/_next/static/chunks/node_modules_next_dist_1gdrd03._.js:1945
[ 1015786ms] [ERROR] ./src/app/page.tsx:11:1
Module not found: Can't resolve '@/components/architecture-view'
   9 | import { AgentWorkflow } from "@/components/agent-workflow";
  10 | import { AftermathResult } from "@/components/aftermath-result";
> 11 | import { ArchitectureView } from "@/components/architecture-view";
     | ^^^^^^^^^^^^^^^^^^^^^^^^^^^^^^^^^^^^^^^^^^^^^^^^^^^^^^^^^^^^^^^^^^
  12 | import { Disclaimer } from "@/components/disclaimer";
  13 |
  14 | export default function Home() {

Import map: aliased to relative './src/components/architecture-view' inside of [project]/

Import traces:
  Client Component Browser:
    ./src/app/page.tsx [Client Component Browser]
    ./src/app/page.tsx [Server Component]

  Client Component SSR:
    ./src/app/page.tsx [Client Component SSR]
    ./src/app/page.tsx [Server Component]

https://nextjs.org/docs/messages/module-not-found @ http://localhost:3000/_next/static/chunks/node_modules_next_dist_1gdrd03._.js:1945
[ 1015837ms] [ERROR] ./src/app/page.tsx:11:1
Module not found: Can't resolve '@/components/architecture-view'
   9 | import { AgentWorkflow } from "@/components/agent-workflow";
  10 | import { AftermathResult } from "@/components/aftermath-result";
> 11 | import { ArchitectureView } from "@/components/architecture-view";
     | ^^^^^^^^^^^^^^^^^^^^^^^^^^^^^^^^^^^^^^^^^^^^^^^^^^^^^^^^^^^^^^^^^^
  12 | import { Disclaimer } from "@/components/disclaimer";
  13 |
  14 | export default function Home() {

Import map: aliased to relative './src/components/architecture-view' inside of [project]/

Import traces:
  Client Component Browser:
    ./src/app/page.tsx [Client Component Browser]
    ./src/app/page.tsx [Server Component]

  Client Component SSR:
    ./src/app/page.tsx [Client Component SSR]
    ./src/app/page.tsx [Server Component]

https://nextjs.org/docs/messages/module-not-found @ http://localhost:3000/_next/static/chunks/node_modules_next_dist_1gdrd03._.js:1945
[ 1015903ms] [ERROR] ./src/app/page.tsx:11:1
Module not found: Can't resolve '@/components/architecture-view'
   9 | import { AgentWorkflow } from "@/components/agent-workflow";
  10 | import { AftermathResult } from "@/components/aftermath-result";
> 11 | import { ArchitectureView } from "@/components/architecture-view";
     | ^^^^^^^^^^^^^^^^^^^^^^^^^^^^^^^^^^^^^^^^^^^^^^^^^^^^^^^^^^^^^^^^^^
  12 | import { Disclaimer } from "@/components/disclaimer";
  13 |
  14 | export default function Home() {

Import map: aliased to relative './src/components/architecture-view' inside of [project]/

Import traces:
  Client Component Browser:
    ./src/app/page.tsx [Client Component Browser]
    ./src/app/page.tsx [Server Component]

  Client Component SSR:
    ./src/app/page.tsx [Client Component SSR]
    ./src/app/page.tsx [Server Component]

https://nextjs.org/docs/messages/module-not-found @ http://localhost:3000/_next/static/chunks/node_modules_next_dist_1gdrd03._.js:1945
[ 1015970ms] [ERROR] ./src/app/page.tsx:11:1
Module not found: Can't resolve '@/components/architecture-view'
   9 | import { AgentWorkflow } from "@/components/agent-workflow";
  10 | import { AftermathResult } from "@/components/aftermath-result";
> 11 | import { ArchitectureView } from "@/components/architecture-view";
     | ^^^^^^^^^^^^^^^^^^^^^^^^^^^^^^^^^^^^^^^^^^^^^^^^^^^^^^^^^^^^^^^^^^
  12 | import { Disclaimer } from "@/components/disclaimer";
  13 |
  14 | export default function Home() {

Import map: aliased to relative './src/components/architecture-view' inside of [project]/

Import traces:
  Client Component Browser:
    ./src/app/page.tsx [Client Component Browser]
    ./src/app/page.tsx [Server Component]

  Client Component SSR:
    ./src/app/page.tsx [Client Component SSR]
    ./src/app/page.tsx [Server Component]

https://nextjs.org/docs/messages/module-not-found @ http://localhost:3000/_next/static/chunks/node_modules_next_dist_1gdrd03._.js:1945
[ 1016036ms] [ERROR] ./src/app/page.tsx:11:1
Module not found: Can't resolve '@/components/architecture-view'
   9 | import { AgentWorkflow } from "@/components/agent-workflow";
  10 | import { AftermathResult } from "@/components/aftermath-result";
> 11 | import { ArchitectureView } from "@/components/architecture-view";
     | ^^^^^^^^^^^^^^^^^^^^^^^^^^^^^^^^^^^^^^^^^^^^^^^^^^^^^^^^^^^^^^^^^^
  12 | import { Disclaimer } from "@/components/disclaimer";
  13 |
  14 | export default function Home() {

Import map: aliased to relative './src/components/architecture-view' inside of [project]/

Import traces:
  Client Component Browser:
    ./src/app/page.tsx [Client Component Browser]
    ./src/app/page.tsx [Server Component]

  Client Component SSR:
    ./src/app/page.tsx [Client Component SSR]
    ./src/app/page.tsx [Server Component]

https://nextjs.org/docs/messages/module-not-found @ http://localhost:3000/_next/static/chunks/node_modules_next_dist_1gdrd03._.js:1945
[ 1016101ms] [ERROR] ./src/app/page.tsx:11:1
Module not found: Can't resolve '@/components/architecture-view'
   9 | import { AgentWorkflow } from "@/components/agent-workflow";
  10 | import { AftermathResult } from "@/components/aftermath-result";
> 11 | import { ArchitectureView } from "@/components/architecture-view";
     | ^^^^^^^^^^^^^^^^^^^^^^^^^^^^^^^^^^^^^^^^^^^^^^^^^^^^^^^^^^^^^^^^^^
  12 | import { Disclaimer } from "@/components/disclaimer";
  13 |
  14 | export default function Home() {

Import map: aliased to relative './src/components/architecture-view' inside of [project]/

Import traces:
  Client Component Browser:
    ./src/app/page.tsx [Client Component Browser]
    ./src/app/page.tsx [Server Component]

  Client Component SSR:
    ./src/app/page.tsx [Client Component SSR]
    ./src/app/page.tsx [Server Component]

https://nextjs.org/docs/messages/module-not-found @ http://localhost:3000/_next/static/chunks/node_modules_next_dist_1gdrd03._.js:1945
[ 1016153ms] [ERROR] ./src/app/page.tsx:11:1
Module not found: Can't resolve '@/components/architecture-view'
   9 | import { AgentWorkflow } from "@/components/agent-workflow";
  10 | import { AftermathResult } from "@/components/aftermath-result";
> 11 | import { ArchitectureView } from "@/components/architecture-view";
     | ^^^^^^^^^^^^^^^^^^^^^^^^^^^^^^^^^^^^^^^^^^^^^^^^^^^^^^^^^^^^^^^^^^
  12 | import { Disclaimer } from "@/components/disclaimer";
  13 |
  14 | export default function Home() {

Import map: aliased to relative './src/components/architecture-view' inside of [project]/

Import traces:
  Client Component Browser:
    ./src/app/page.tsx [Client Component Browser]
    ./src/app/page.tsx [Server Component]

  Client Component SSR:
    ./src/app/page.tsx [Client Component SSR]
    ./src/app/page.tsx [Server Component]

https://nextjs.org/docs/messages/module-not-found @ http://localhost:3000/_next/static/chunks/node_modules_next_dist_1gdrd03._.js:1945
[ 1016203ms] [ERROR] ./src/app/page.tsx:11:1
Module not found: Can't resolve '@/components/architecture-view'
   9 | import { AgentWorkflow } from "@/components/agent-workflow";
  10 | import { AftermathResult } from "@/components/aftermath-result";
> 11 | import { ArchitectureView } from "@/components/architecture-view";
     | ^^^^^^^^^^^^^^^^^^^^^^^^^^^^^^^^^^^^^^^^^^^^^^^^^^^^^^^^^^^^^^^^^^
  12 | import { Disclaimer } from "@/components/disclaimer";
  13 |
  14 | export default function Home() {

Import map: aliased to relative './src/components/architecture-view' inside of [project]/

Import traces:
  Client Component Browser:
    ./src/app/page.tsx [Client Component Browser]
    ./src/app/page.tsx [Server Component]

  Client Component SSR:
    ./src/app/page.tsx [Client Component SSR]
    ./src/app/page.tsx [Server Component]

https://nextjs.org/docs/messages/module-not-found @ http://localhost:3000/_next/static/chunks/node_modules_next_dist_1gdrd03._.js:1945
[ 1016268ms] [ERROR] ./src/app/page.tsx:11:1
Module not found: Can't resolve '@/components/architecture-view'
   9 | import { AgentWorkflow } from "@/components/agent-workflow";
  10 | import { AftermathResult } from "@/components/aftermath-result";
> 11 | import { ArchitectureView } from "@/components/architecture-view";
     | ^^^^^^^^^^^^^^^^^^^^^^^^^^^^^^^^^^^^^^^^^^^^^^^^^^^^^^^^^^^^^^^^^^
  12 | import { Disclaimer } from "@/components/disclaimer";
  13 |
  14 | export default function Home() {

Import map: aliased to relative './src/components/architecture-view' inside of [project]/

Import traces:
  Client Component Browser:
    ./src/app/page.tsx [Client Component Browser]
    ./src/app/page.tsx [Server Component]

  Client Component SSR:
    ./src/app/page.tsx [Client Component SSR]
    ./src/app/page.tsx [Server Component]

https://nextjs.org/docs/messages/module-not-found @ http://localhost:3000/_next/static/chunks/node_modules_next_dist_1gdrd03._.js:1945
[ 1016319ms] [ERROR] ./src/app/page.tsx:11:1
Module not found: Can't resolve '@/components/architecture-view'
   9 | import { AgentWorkflow } from "@/components/agent-workflow";
  10 | import { AftermathResult } from "@/components/aftermath-result";
> 11 | import { ArchitectureView } from "@/components/architecture-view";
     | ^^^^^^^^^^^^^^^^^^^^^^^^^^^^^^^^^^^^^^^^^^^^^^^^^^^^^^^^^^^^^^^^^^
  12 | import { Disclaimer } from "@/components/disclaimer";
  13 |
  14 | export default function Home() {

Import map: aliased to relative './src/components/architecture-view' inside of [project]/

Import traces:
  Client Component Browser:
    ./src/app/page.tsx [Client Component Browser]
    ./src/app/page.tsx [Server Component]

  Client Component SSR:
    ./src/app/page.tsx [Client Component SSR]
    ./src/app/page.tsx [Server Component]

https://nextjs.org/docs/messages/module-not-found @ http://localhost:3000/_next/static/chunks/node_modules_next_dist_1gdrd03._.js:1945
[ 1016368ms] [ERROR] ./src/app/page.tsx:11:1
Module not found: Can't resolve '@/components/architecture-view'
   9 | import { AgentWorkflow } from "@/components/agent-workflow";
  10 | import { AftermathResult } from "@/components/aftermath-result";
> 11 | import { ArchitectureView } from "@/components/architecture-view";
     | ^^^^^^^^^^^^^^^^^^^^^^^^^^^^^^^^^^^^^^^^^^^^^^^^^^^^^^^^^^^^^^^^^^
  12 | import { Disclaimer } from "@/components/disclaimer";
  13 |
  14 | export default function Home() {

Import map: aliased to relative './src/components/architecture-view' inside of [project]/

Import traces:
  Client Component Browser:
    ./src/app/page.tsx [Client Component Browser]
    ./src/app/page.tsx [Server Component]

  Client Component SSR:
    ./src/app/page.tsx [Client Component SSR]
    ./src/app/page.tsx [Server Component]

https://nextjs.org/docs/messages/module-not-found @ http://localhost:3000/_next/static/chunks/node_modules_next_dist_1gdrd03._.js:1945
[ 1016436ms] [ERROR] ./src/app/page.tsx:11:1
Module not found: Can't resolve '@/components/architecture-view'
   9 | import { AgentWorkflow } from "@/components/agent-workflow";
  10 | import { AftermathResult } from "@/components/aftermath-result";
> 11 | import { ArchitectureView } from "@/components/architecture-view";
     | ^^^^^^^^^^^^^^^^^^^^^^^^^^^^^^^^^^^^^^^^^^^^^^^^^^^^^^^^^^^^^^^^^^
  12 | import { Disclaimer } from "@/components/disclaimer";
  13 |
  14 | export default function Home() {

Import map: aliased to relative './src/components/architecture-view' inside of [project]/

Import traces:
  Client Component Browser:
    ./src/app/page.tsx [Client Component Browser]
    ./src/app/page.tsx [Server Component]

  Client Component SSR:
    ./src/app/page.tsx [Client Component SSR]
    ./src/app/page.tsx [Server Component]

https://nextjs.org/docs/messages/module-not-found @ http://localhost:3000/_next/static/chunks/node_modules_next_dist_1gdrd03._.js:1945
[ 1016485ms] [ERROR] ./src/app/page.tsx:11:1
Module not found: Can't resolve '@/components/architecture-view'
   9 | import { AgentWorkflow } from "@/components/agent-workflow";
  10 | import { AftermathResult } from "@/components/aftermath-result";
> 11 | import { ArchitectureView } from "@/components/architecture-view";
     | ^^^^^^^^^^^^^^^^^^^^^^^^^^^^^^^^^^^^^^^^^^^^^^^^^^^^^^^^^^^^^^^^^^
  12 | import { Disclaimer } from "@/components/disclaimer";
  13 |
  14 | export default function Home() {

Import map: aliased to relative './src/components/architecture-view' inside of [project]/

Import traces:
  Client Component Browser:
    ./src/app/page.tsx [Client Component Browser]
    ./src/app/page.tsx [Server Component]

  Client Component SSR:
    ./src/app/page.tsx [Client Component SSR]
    ./src/app/page.tsx [Server Component]

https://nextjs.org/docs/messages/module-not-found @ http://localhost:3000/_next/static/chunks/node_modules_next_dist_1gdrd03._.js:1945
[ 1016553ms] [ERROR] ./src/app/page.tsx:11:1
Module not found: Can't resolve '@/components/architecture-view'
   9 | import { AgentWorkflow } from "@/components/agent-workflow";
  10 | import { AftermathResult } from "@/components/aftermath-result";
> 11 | import { ArchitectureView } from "@/components/architecture-view";
     | ^^^^^^^^^^^^^^^^^^^^^^^^^^^^^^^^^^^^^^^^^^^^^^^^^^^^^^^^^^^^^^^^^^
  12 | import { Disclaimer } from "@/components/disclaimer";
  13 |
  14 | export default function Home() {

Import map: aliased to relative './src/components/architecture-view' inside of [project]/

Import traces:
  Client Component Browser:
    ./src/app/page.tsx [Client Component Browser]
    ./src/app/page.tsx [Server Component]

  Client Component SSR:
    ./src/app/page.tsx [Client Component SSR]
    ./src/app/page.tsx [Server Component]

https://nextjs.org/docs/messages/module-not-found @ http://localhost:3000/_next/static/chunks/node_modules_next_dist_1gdrd03._.js:1945
[ 1016620ms] [ERROR] ./src/app/page.tsx:11:1
Module not found: Can't resolve '@/components/architecture-view'
   9 | import { AgentWorkflow } from "@/components/agent-workflow";
  10 | import { AftermathResult } from "@/components/aftermath-result";
> 11 | import { ArchitectureView } from "@/components/architecture-view";
     | ^^^^^^^^^^^^^^^^^^^^^^^^^^^^^^^^^^^^^^^^^^^^^^^^^^^^^^^^^^^^^^^^^^
  12 | import { Disclaimer } from "@/components/disclaimer";
  13 |
  14 | export default function Home() {

Import map: aliased to relative './src/components/architecture-view' inside of [project]/

Import traces:
  Client Component Browser:
    ./src/app/page.tsx [Client Component Browser]
    ./src/app/page.tsx [Server Component]

  Client Component SSR:
    ./src/app/page.tsx [Client Component SSR]
    ./src/app/page.tsx [Server Component]

https://nextjs.org/docs/messages/module-not-found @ http://localhost:3000/_next/static/chunks/node_modules_next_dist_1gdrd03._.js:1945
[ 1016670ms] [ERROR] ./src/app/page.tsx:11:1
Module not found: Can't resolve '@/components/architecture-view'
   9 | import { AgentWorkflow } from "@/components/agent-workflow";
  10 | import { AftermathResult } from "@/components/aftermath-result";
> 11 | import { ArchitectureView } from "@/components/architecture-view";
     | ^^^^^^^^^^^^^^^^^^^^^^^^^^^^^^^^^^^^^^^^^^^^^^^^^^^^^^^^^^^^^^^^^^
  12 | import { Disclaimer } from "@/components/disclaimer";
  13 |
  14 | export default function Home() {

Import map: aliased to relative './src/components/architecture-view' inside of [project]/

Import traces:
  Client Component Browser:
    ./src/app/page.tsx [Client Component Browser]
    ./src/app/page.tsx [Server Component]

  Client Component SSR:
    ./src/app/page.tsx [Client Component SSR]
    ./src/app/page.tsx [Server Component]

https://nextjs.org/docs/messages/module-not-found @ http://localhost:3000/_next/static/chunks/node_modules_next_dist_1gdrd03._.js:1945
[ 1016736ms] [ERROR] ./src/app/page.tsx:11:1
Module not found: Can't resolve '@/components/architecture-view'
   9 | import { AgentWorkflow } from "@/components/agent-workflow";
  10 | import { AftermathResult } from "@/components/aftermath-result";
> 11 | import { ArchitectureView } from "@/components/architecture-view";
     | ^^^^^^^^^^^^^^^^^^^^^^^^^^^^^^^^^^^^^^^^^^^^^^^^^^^^^^^^^^^^^^^^^^
  12 | import { Disclaimer } from "@/components/disclaimer";
  13 |
  14 | export default function Home() {

Import map: aliased to relative './src/components/architecture-view' inside of [project]/

Import traces:
  Client Component Browser:
    ./src/app/page.tsx [Client Component Browser]
    ./src/app/page.tsx [Server Component]

  Client Component SSR:
    ./src/app/page.tsx [Client Component SSR]
    ./src/app/page.tsx [Server Component]

https://nextjs.org/docs/messages/module-not-found @ http://localhost:3000/_next/static/chunks/node_modules_next_dist_1gdrd03._.js:1945
[ 1016800ms] [ERROR] ./src/app/page.tsx:11:1
Module not found: Can't resolve '@/components/architecture-view'
   9 | import { AgentWorkflow } from "@/components/agent-workflow";
  10 | import { AftermathResult } from "@/components/aftermath-result";
> 11 | import { ArchitectureView } from "@/components/architecture-view";
     | ^^^^^^^^^^^^^^^^^^^^^^^^^^^^^^^^^^^^^^^^^^^^^^^^^^^^^^^^^^^^^^^^^^
  12 | import { Disclaimer } from "@/components/disclaimer";
  13 |
  14 | export default function Home() {

Import map: aliased to relative './src/components/architecture-view' inside of [project]/

Import traces:
  Client Component Browser:
    ./src/app/page.tsx [Client Component Browser]
    ./src/app/page.tsx [Server Component]

  Client Component SSR:
    ./src/app/page.tsx [Client Component SSR]
    ./src/app/page.tsx [Server Component]

https://nextjs.org/docs/messages/module-not-found @ http://localhost:3000/_next/static/chunks/node_modules_next_dist_1gdrd03._.js:1945
[ 1016864ms] [ERROR] ./src/app/page.tsx:11:1
Module not found: Can't resolve '@/components/architecture-view'
   9 | import { AgentWorkflow } from "@/components/agent-workflow";
  10 | import { AftermathResult } from "@/components/aftermath-result";
> 11 | import { ArchitectureView } from "@/components/architecture-view";
     | ^^^^^^^^^^^^^^^^^^^^^^^^^^^^^^^^^^^^^^^^^^^^^^^^^^^^^^^^^^^^^^^^^^
  12 | import { Disclaimer } from "@/components/disclaimer";
  13 |
  14 | export default function Home() {

Import map: aliased to relative './src/components/architecture-view' inside of [project]/

Import traces:
  Client Component Browser:
    ./src/app/page.tsx [Client Component Browser]
    ./src/app/page.tsx [Server Component]

  Client Component SSR:
    ./src/app/page.tsx [Client Component SSR]
    ./src/app/page.tsx [Server Component]

https://nextjs.org/docs/messages/module-not-found @ http://localhost:3000/_next/static/chunks/node_modules_next_dist_1gdrd03._.js:1945
[ 1016921ms] [ERROR] ./src/app/page.tsx:11:1
Module not found: Can't resolve '@/components/architecture-view'
   9 | import { AgentWorkflow } from "@/components/agent-workflow";
  10 | import { AftermathResult } from "@/components/aftermath-result";
> 11 | import { ArchitectureView } from "@/components/architecture-view";
     | ^^^^^^^^^^^^^^^^^^^^^^^^^^^^^^^^^^^^^^^^^^^^^^^^^^^^^^^^^^^^^^^^^^
  12 | import { Disclaimer } from "@/components/disclaimer";
  13 |
  14 | export default function Home() {

Import map: aliased to relative './src/components/architecture-view' inside of [project]/

Import traces:
  Client Component Browser:
    ./src/app/page.tsx [Client Component Browser]
    ./src/app/page.tsx [Server Component]

  Client Component SSR:
    ./src/app/page.tsx [Client Component SSR]
    ./src/app/page.tsx [Server Component]

https://nextjs.org/docs/messages/module-not-found @ http://localhost:3000/_next/static/chunks/node_modules_next_dist_1gdrd03._.js:1945
[ 1016984ms] [ERROR] ./src/app/page.tsx:11:1
Module not found: Can't resolve '@/components/architecture-view'
   9 | import { AgentWorkflow } from "@/components/agent-workflow";
  10 | import { AftermathResult } from "@/components/aftermath-result";
> 11 | import { ArchitectureView } from "@/components/architecture-view";
     | ^^^^^^^^^^^^^^^^^^^^^^^^^^^^^^^^^^^^^^^^^^^^^^^^^^^^^^^^^^^^^^^^^^
  12 | import { Disclaimer } from "@/components/disclaimer";
  13 |
  14 | export default function Home() {

Import map: aliased to relative './src/components/architecture-view' inside of [project]/

Import traces:
  Client Component Browser:
    ./src/app/page.tsx [Client Component Browser]
    ./src/app/page.tsx [Server Component]

  Client Component SSR:
    ./src/app/page.tsx [Client Component SSR]
    ./src/app/page.tsx [Server Component]

https://nextjs.org/docs/messages/module-not-found @ http://localhost:3000/_next/static/chunks/node_modules_next_dist_1gdrd03._.js:1945
[ 1017037ms] [ERROR] ./src/app/page.tsx:11:1
Module not found: Can't resolve '@/components/architecture-view'
   9 | import { AgentWorkflow } from "@/components/agent-workflow";
  10 | import { AftermathResult } from "@/components/aftermath-result";
> 11 | import { ArchitectureView } from "@/components/architecture-view";
     | ^^^^^^^^^^^^^^^^^^^^^^^^^^^^^^^^^^^^^^^^^^^^^^^^^^^^^^^^^^^^^^^^^^
  12 | import { Disclaimer } from "@/components/disclaimer";
  13 |
  14 | export default function Home() {

Import map: aliased to relative './src/components/architecture-view' inside of [project]/

Import traces:
  Client Component Browser:
    ./src/app/page.tsx [Client Component Browser]
    ./src/app/page.tsx [Server Component]

  Client Component SSR:
    ./src/app/page.tsx [Client Component SSR]
    ./src/app/page.tsx [Server Component]

https://nextjs.org/docs/messages/module-not-found @ http://localhost:3000/_next/static/chunks/node_modules_next_dist_1gdrd03._.js:1945
[ 1017102ms] [ERROR] ./src/app/page.tsx:11:1
Module not found: Can't resolve '@/components/architecture-view'
   9 | import { AgentWorkflow } from "@/components/agent-workflow";
  10 | import { AftermathResult } from "@/components/aftermath-result";
> 11 | import { ArchitectureView } from "@/components/architecture-view";
     | ^^^^^^^^^^^^^^^^^^^^^^^^^^^^^^^^^^^^^^^^^^^^^^^^^^^^^^^^^^^^^^^^^^
  12 | import { Disclaimer } from "@/components/disclaimer";
  13 |
  14 | export default function Home() {

Import map: aliased to relative './src/components/architecture-view' inside of [project]/

Import traces:
  Client Component Browser:
    ./src/app/page.tsx [Client Component Browser]
    ./src/app/page.tsx [Server Component]

  Client Component SSR:
    ./src/app/page.tsx [Client Component SSR]
    ./src/app/page.tsx [Server Component]

https://nextjs.org/docs/messages/module-not-found @ http://localhost:3000/_next/static/chunks/node_modules_next_dist_1gdrd03._.js:1945
[ 1017152ms] [ERROR] ./src/app/page.tsx:11:1
Module not found: Can't resolve '@/components/architecture-view'
   9 | import { AgentWorkflow } from "@/components/agent-workflow";
  10 | import { AftermathResult } from "@/components/aftermath-result";
> 11 | import { ArchitectureView } from "@/components/architecture-view";
     | ^^^^^^^^^^^^^^^^^^^^^^^^^^^^^^^^^^^^^^^^^^^^^^^^^^^^^^^^^^^^^^^^^^
  12 | import { Disclaimer } from "@/components/disclaimer";
  13 |
  14 | export default function Home() {

Import map: aliased to relative './src/components/architecture-view' inside of [project]/

Import traces:
  Client Component Browser:
    ./src/app/page.tsx [Client Component Browser]
    ./src/app/page.tsx [Server Component]

  Client Component SSR:
    ./src/app/page.tsx [Client Component SSR]
    ./src/app/page.tsx [Server Component]

https://nextjs.org/docs/messages/module-not-found @ http://localhost:3000/_next/static/chunks/node_modules_next_dist_1gdrd03._.js:1945
[ 1017218ms] [ERROR] ./src/app/page.tsx:11:1
Module not found: Can't resolve '@/components/architecture-view'
   9 | import { AgentWorkflow } from "@/components/agent-workflow";
  10 | import { AftermathResult } from "@/components/aftermath-result";
> 11 | import { ArchitectureView } from "@/components/architecture-view";
     | ^^^^^^^^^^^^^^^^^^^^^^^^^^^^^^^^^^^^^^^^^^^^^^^^^^^^^^^^^^^^^^^^^^
  12 | import { Disclaimer } from "@/components/disclaimer";
  13 |
  14 | export default function Home() {

Import map: aliased to relative './src/components/architecture-view' inside of [project]/

Import traces:
  Client Component Browser:
    ./src/app/page.tsx [Client Component Browser]
    ./src/app/page.tsx [Server Component]

  Client Component SSR:
    ./src/app/page.tsx [Client Component SSR]
    ./src/app/page.tsx [Server Component]

https://nextjs.org/docs/messages/module-not-found @ http://localhost:3000/_next/static/chunks/node_modules_next_dist_1gdrd03._.js:1945
[ 1017285ms] [ERROR] ./src/app/page.tsx:11:1
Module not found: Can't resolve '@/components/architecture-view'
   9 | import { AgentWorkflow } from "@/components/agent-workflow";
  10 | import { AftermathResult } from "@/components/aftermath-result";
> 11 | import { ArchitectureView } from "@/components/architecture-view";
     | ^^^^^^^^^^^^^^^^^^^^^^^^^^^^^^^^^^^^^^^^^^^^^^^^^^^^^^^^^^^^^^^^^^
  12 | import { Disclaimer } from "@/components/disclaimer";
  13 |
  14 | export default function Home() {

Import map: aliased to relative './src/components/architecture-view' inside of [project]/

Import traces:
  Client Component Browser:
    ./src/app/page.tsx [Client Component Browser]
    ./src/app/page.tsx [Server Component]

  Client Component SSR:
    ./src/app/page.tsx [Client Component SSR]
    ./src/app/page.tsx [Server Component]

https://nextjs.org/docs/messages/module-not-found @ http://localhost:3000/_next/static/chunks/node_modules_next_dist_1gdrd03._.js:1945
[ 1017351ms] [ERROR] ./src/app/page.tsx:11:1
Module not found: Can't resolve '@/components/architecture-view'
   9 | import { AgentWorkflow } from "@/components/agent-workflow";
  10 | import { AftermathResult } from "@/components/aftermath-result";
> 11 | import { ArchitectureView } from "@/components/architecture-view";
     | ^^^^^^^^^^^^^^^^^^^^^^^^^^^^^^^^^^^^^^^^^^^^^^^^^^^^^^^^^^^^^^^^^^
  12 | import { Disclaimer } from "@/components/disclaimer";
  13 |
  14 | export default function Home() {

Import map: aliased to relative './src/components/architecture-view' inside of [project]/

Import traces:
  Client Component Browser:
    ./src/app/page.tsx [Client Component Browser]
    ./src/app/page.tsx [Server Component]

  Client Component SSR:
    ./src/app/page.tsx [Client Component SSR]
    ./src/app/page.tsx [Server Component]

https://nextjs.org/docs/messages/module-not-found @ http://localhost:3000/_next/static/chunks/node_modules_next_dist_1gdrd03._.js:1945
[ 1017403ms] [ERROR] ./src/app/page.tsx:11:1
Module not found: Can't resolve '@/components/architecture-view'
   9 | import { AgentWorkflow } from "@/components/agent-workflow";
  10 | import { AftermathResult } from "@/components/aftermath-result";
> 11 | import { ArchitectureView } from "@/components/architecture-view";
     | ^^^^^^^^^^^^^^^^^^^^^^^^^^^^^^^^^^^^^^^^^^^^^^^^^^^^^^^^^^^^^^^^^^
  12 | import { Disclaimer } from "@/components/disclaimer";
  13 |
  14 | export default function Home() {

Import map: aliased to relative './src/components/architecture-view' inside of [project]/

Import traces:
  Client Component Browser:
    ./src/app/page.tsx [Client Component Browser]
    ./src/app/page.tsx [Server Component]

  Client Component SSR:
    ./src/app/page.tsx [Client Component SSR]
    ./src/app/page.tsx [Server Component]

https://nextjs.org/docs/messages/module-not-found @ http://localhost:3000/_next/static/chunks/node_modules_next_dist_1gdrd03._.js:1945
[ 1017461ms] [ERROR] ./src/app/page.tsx:11:1
Module not found: Can't resolve '@/components/architecture-view'
   9 | import { AgentWorkflow } from "@/components/agent-workflow";
  10 | import { AftermathResult } from "@/components/aftermath-result";
> 11 | import { ArchitectureView } from "@/components/architecture-view";
     | ^^^^^^^^^^^^^^^^^^^^^^^^^^^^^^^^^^^^^^^^^^^^^^^^^^^^^^^^^^^^^^^^^^
  12 | import { Disclaimer } from "@/components/disclaimer";
  13 |
  14 | export default function Home() {

Import map: aliased to relative './src/components/architecture-view' inside of [project]/

Import traces:
  Client Component Browser:
    ./src/app/page.tsx [Client Component Browser]
    ./src/app/page.tsx [Server Component]

  Client Component SSR:
    ./src/app/page.tsx [Client Component SSR]
    ./src/app/page.tsx [Server Component]

https://nextjs.org/docs/messages/module-not-found @ http://localhost:3000/_next/static/chunks/node_modules_next_dist_1gdrd03._.js:1945
[ 1017519ms] [ERROR] ./src/app/page.tsx:11:1
Module not found: Can't resolve '@/components/architecture-view'
   9 | import { AgentWorkflow } from "@/components/agent-workflow";
  10 | import { AftermathResult } from "@/components/aftermath-result";
> 11 | import { ArchitectureView } from "@/components/architecture-view";
     | ^^^^^^^^^^^^^^^^^^^^^^^^^^^^^^^^^^^^^^^^^^^^^^^^^^^^^^^^^^^^^^^^^^
  12 | import { Disclaimer } from "@/components/disclaimer";
  13 |
  14 | export default function Home() {

Import map: aliased to relative './src/components/architecture-view' inside of [project]/

Import traces:
  Client Component Browser:
    ./src/app/page.tsx [Client Component Browser]
    ./src/app/page.tsx [Server Component]

  Client Component SSR:
    ./src/app/page.tsx [Client Component SSR]
    ./src/app/page.tsx [Server Component]

https://nextjs.org/docs/messages/module-not-found @ http://localhost:3000/_next/static/chunks/node_modules_next_dist_1gdrd03._.js:1945
[ 1017585ms] [ERROR] ./src/app/page.tsx:11:1
Module not found: Can't resolve '@/components/architecture-view'
   9 | import { AgentWorkflow } from "@/components/agent-workflow";
  10 | import { AftermathResult } from "@/components/aftermath-result";
> 11 | import { ArchitectureView } from "@/components/architecture-view";
     | ^^^^^^^^^^^^^^^^^^^^^^^^^^^^^^^^^^^^^^^^^^^^^^^^^^^^^^^^^^^^^^^^^^
  12 | import { Disclaimer } from "@/components/disclaimer";
  13 |
  14 | export default function Home() {

Import map: aliased to relative './src/components/architecture-view' inside of [project]/

Import traces:
  Client Component Browser:
    ./src/app/page.tsx [Client Component Browser]
    ./src/app/page.tsx [Server Component]

  Client Component SSR:
    ./src/app/page.tsx [Client Component SSR]
    ./src/app/page.tsx [Server Component]

https://nextjs.org/docs/messages/module-not-found @ http://localhost:3000/_next/static/chunks/node_modules_next_dist_1gdrd03._.js:1945
[ 1017635ms] [ERROR] ./src/app/page.tsx:11:1
Module not found: Can't resolve '@/components/architecture-view'
   9 | import { AgentWorkflow } from "@/components/agent-workflow";
  10 | import { AftermathResult } from "@/components/aftermath-result";
> 11 | import { ArchitectureView } from "@/components/architecture-view";
     | ^^^^^^^^^^^^^^^^^^^^^^^^^^^^^^^^^^^^^^^^^^^^^^^^^^^^^^^^^^^^^^^^^^
  12 | import { Disclaimer } from "@/components/disclaimer";
  13 |
  14 | export default function Home() {

Import map: aliased to relative './src/components/architecture-view' inside of [project]/

Import traces:
  Client Component Browser:
    ./src/app/page.tsx [Client Component Browser]
    ./src/app/page.tsx [Server Component]

  Client Component SSR:
    ./src/app/page.tsx [Client Component SSR]
    ./src/app/page.tsx [Server Component]

https://nextjs.org/docs/messages/module-not-found @ http://localhost:3000/_next/static/chunks/node_modules_next_dist_1gdrd03._.js:1945
[ 1017703ms] [ERROR] ./src/app/page.tsx:11:1
Module not found: Can't resolve '@/components/architecture-view'
   9 | import { AgentWorkflow } from "@/components/agent-workflow";
  10 | import { AftermathResult } from "@/components/aftermath-result";
> 11 | import { ArchitectureView } from "@/components/architecture-view";
     | ^^^^^^^^^^^^^^^^^^^^^^^^^^^^^^^^^^^^^^^^^^^^^^^^^^^^^^^^^^^^^^^^^^
  12 | import { Disclaimer } from "@/components/disclaimer";
  13 |
  14 | export default function Home() {

Import map: aliased to relative './src/components/architecture-view' inside of [project]/

Import traces:
  Client Component Browser:
    ./src/app/page.tsx [Client Component Browser]
    ./src/app/page.tsx [Server Component]

  Client Component SSR:
    ./src/app/page.tsx [Client Component SSR]
    ./src/app/page.tsx [Server Component]

https://nextjs.org/docs/messages/module-not-found @ http://localhost:3000/_next/static/chunks/node_modules_next_dist_1gdrd03._.js:1945
[ 1017769ms] [ERROR] ./src/app/page.tsx:11:1
Module not found: Can't resolve '@/components/architecture-view'
   9 | import { AgentWorkflow } from "@/components/agent-workflow";
  10 | import { AftermathResult } from "@/components/aftermath-result";
> 11 | import { ArchitectureView } from "@/components/architecture-view";
     | ^^^^^^^^^^^^^^^^^^^^^^^^^^^^^^^^^^^^^^^^^^^^^^^^^^^^^^^^^^^^^^^^^^
  12 | import { Disclaimer } from "@/components/disclaimer";
  13 |
  14 | export default function Home() {

Import map: aliased to relative './src/components/architecture-view' inside of [project]/

Import traces:
  Client Component Browser:
    ./src/app/page.tsx [Client Component Browser]
    ./src/app/page.tsx [Server Component]

  Client Component SSR:
    ./src/app/page.tsx [Client Component SSR]
    ./src/app/page.tsx [Server Component]

https://nextjs.org/docs/messages/module-not-found @ http://localhost:3000/_next/static/chunks/node_modules_next_dist_1gdrd03._.js:1945
[ 1017835ms] [ERROR] ./src/app/page.tsx:11:1
Module not found: Can't resolve '@/components/architecture-view'
   9 | import { AgentWorkflow } from "@/components/agent-workflow";
  10 | import { AftermathResult } from "@/components/aftermath-result";
> 11 | import { ArchitectureView } from "@/components/architecture-view";
     | ^^^^^^^^^^^^^^^^^^^^^^^^^^^^^^^^^^^^^^^^^^^^^^^^^^^^^^^^^^^^^^^^^^
  12 | import { Disclaimer } from "@/components/disclaimer";
  13 |
  14 | export default function Home() {

Import map: aliased to relative './src/components/architecture-view' inside of [project]/

Import traces:
  Client Component Browser:
    ./src/app/page.tsx [Client Component Browser]
    ./src/app/page.tsx [Server Component]

  Client Component SSR:
    ./src/app/page.tsx [Client Component SSR]
    ./src/app/page.tsx [Server Component]

https://nextjs.org/docs/messages/module-not-found @ http://localhost:3000/_next/static/chunks/node_modules_next_dist_1gdrd03._.js:1945
[ 1017886ms] [ERROR] ./src/app/page.tsx:11:1
Module not found: Can't resolve '@/components/architecture-view'
   9 | import { AgentWorkflow } from "@/components/agent-workflow";
  10 | import { AftermathResult } from "@/components/aftermath-result";
> 11 | import { ArchitectureView } from "@/components/architecture-view";
     | ^^^^^^^^^^^^^^^^^^^^^^^^^^^^^^^^^^^^^^^^^^^^^^^^^^^^^^^^^^^^^^^^^^
  12 | import { Disclaimer } from "@/components/disclaimer";
  13 |
  14 | export default function Home() {

Import map: aliased to relative './src/components/architecture-view' inside of [project]/

Import traces:
  Client Component Browser:
    ./src/app/page.tsx [Client Component Browser]
    ./src/app/page.tsx [Server Component]

  Client Component SSR:
    ./src/app/page.tsx [Client Component SSR]
    ./src/app/page.tsx [Server Component]

https://nextjs.org/docs/messages/module-not-found @ http://localhost:3000/_next/static/chunks/node_modules_next_dist_1gdrd03._.js:1945
[ 1017953ms] [ERROR] ./src/app/page.tsx:11:1
Module not found: Can't resolve '@/components/architecture-view'
   9 | import { AgentWorkflow } from "@/components/agent-workflow";
  10 | import { AftermathResult } from "@/components/aftermath-result";
> 11 | import { ArchitectureView } from "@/components/architecture-view";
     | ^^^^^^^^^^^^^^^^^^^^^^^^^^^^^^^^^^^^^^^^^^^^^^^^^^^^^^^^^^^^^^^^^^
  12 | import { Disclaimer } from "@/components/disclaimer";
  13 |
  14 | export default function Home() {

Import map: aliased to relative './src/components/architecture-view' inside of [project]/

Import traces:
  Client Component Browser:
    ./src/app/page.tsx [Client Component Browser]
    ./src/app/page.tsx [Server Component]

  Client Component SSR:
    ./src/app/page.tsx [Client Component SSR]
    ./src/app/page.tsx [Server Component]

https://nextjs.org/docs/messages/module-not-found @ http://localhost:3000/_next/static/chunks/node_modules_next_dist_1gdrd03._.js:1945
[ 1018019ms] [ERROR] ./src/app/page.tsx:11:1
Module not found: Can't resolve '@/components/architecture-view'
   9 | import { AgentWorkflow } from "@/components/agent-workflow";
  10 | import { AftermathResult } from "@/components/aftermath-result";
> 11 | import { ArchitectureView } from "@/components/architecture-view";
     | ^^^^^^^^^^^^^^^^^^^^^^^^^^^^^^^^^^^^^^^^^^^^^^^^^^^^^^^^^^^^^^^^^^
  12 | import { Disclaimer } from "@/components/disclaimer";
  13 |
  14 | export default function Home() {

Import map: aliased to relative './src/components/architecture-view' inside of [project]/

Import traces:
  Client Component Browser:
    ./src/app/page.tsx [Client Component Browser]
    ./src/app/page.tsx [Server Component]

  Client Component SSR:
    ./src/app/page.tsx [Client Component SSR]
    ./src/app/page.tsx [Server Component]

https://nextjs.org/docs/messages/module-not-found @ http://localhost:3000/_next/static/chunks/node_modules_next_dist_1gdrd03._.js:1945
[ 1018085ms] [ERROR] ./src/app/page.tsx:11:1
Module not found: Can't resolve '@/components/architecture-view'
   9 | import { AgentWorkflow } from "@/components/agent-workflow";
  10 | import { AftermathResult } from "@/components/aftermath-result";
> 11 | import { ArchitectureView } from "@/components/architecture-view";
     | ^^^^^^^^^^^^^^^^^^^^^^^^^^^^^^^^^^^^^^^^^^^^^^^^^^^^^^^^^^^^^^^^^^
  12 | import { Disclaimer } from "@/components/disclaimer";
  13 |
  14 | export default function Home() {

Import map: aliased to relative './src/components/architecture-view' inside of [project]/

Import traces:
  Client Component Browser:
    ./src/app/page.tsx [Client Component Browser]
    ./src/app/page.tsx [Server Component]

  Client Component SSR:
    ./src/app/page.tsx [Client Component SSR]
    ./src/app/page.tsx [Server Component]

https://nextjs.org/docs/messages/module-not-found @ http://localhost:3000/_next/static/chunks/node_modules_next_dist_1gdrd03._.js:1945
[ 1018152ms] [ERROR] ./src/app/page.tsx:11:1
Module not found: Can't resolve '@/components/architecture-view'
   9 | import { AgentWorkflow } from "@/components/agent-workflow";
  10 | import { AftermathResult } from "@/components/aftermath-result";
> 11 | import { ArchitectureView } from "@/components/architecture-view";
     | ^^^^^^^^^^^^^^^^^^^^^^^^^^^^^^^^^^^^^^^^^^^^^^^^^^^^^^^^^^^^^^^^^^
  12 | import { Disclaimer } from "@/components/disclaimer";
  13 |
  14 | export default function Home() {

Import map: aliased to relative './src/components/architecture-view' inside of [project]/

Import traces:
  Client Component Browser:
    ./src/app/page.tsx [Client Component Browser]
    ./src/app/page.tsx [Server Component]

  Client Component SSR:
    ./src/app/page.tsx [Client Component SSR]
    ./src/app/page.tsx [Server Component]

https://nextjs.org/docs/messages/module-not-found @ http://localhost:3000/_next/static/chunks/node_modules_next_dist_1gdrd03._.js:1945
[ 1018202ms] [ERROR] ./src/app/page.tsx:11:1
Module not found: Can't resolve '@/components/architecture-view'
   9 | import { AgentWorkflow } from "@/components/agent-workflow";
  10 | import { AftermathResult } from "@/components/aftermath-result";
> 11 | import { ArchitectureView } from "@/components/architecture-view";
     | ^^^^^^^^^^^^^^^^^^^^^^^^^^^^^^^^^^^^^^^^^^^^^^^^^^^^^^^^^^^^^^^^^^
  12 | import { Disclaimer } from "@/components/disclaimer";
  13 |
  14 | export default function Home() {

Import map: aliased to relative './src/components/architecture-view' inside of [project]/

Import traces:
  Client Component Browser:
    ./src/app/page.tsx [Client Component Browser]
    ./src/app/page.tsx [Server Component]

  Client Component SSR:
    ./src/app/page.tsx [Client Component SSR]
    ./src/app/page.tsx [Server Component]

https://nextjs.org/docs/messages/module-not-found @ http://localhost:3000/_next/static/chunks/node_modules_next_dist_1gdrd03._.js:1945
[ 1018268ms] [ERROR] ./src/app/page.tsx:11:1
Module not found: Can't resolve '@/components/architecture-view'
   9 | import { AgentWorkflow } from "@/components/agent-workflow";
  10 | import { AftermathResult } from "@/components/aftermath-result";
> 11 | import { ArchitectureView } from "@/components/architecture-view";
     | ^^^^^^^^^^^^^^^^^^^^^^^^^^^^^^^^^^^^^^^^^^^^^^^^^^^^^^^^^^^^^^^^^^
  12 | import { Disclaimer } from "@/components/disclaimer";
  13 |
  14 | export default function Home() {

Import map: aliased to relative './src/components/architecture-view' inside of [project]/

Import traces:
  Client Component Browser:
    ./src/app/page.tsx [Client Component Browser]
    ./src/app/page.tsx [Server Component]

  Client Component SSR:
    ./src/app/page.tsx [Client Component SSR]
    ./src/app/page.tsx [Server Component]

https://nextjs.org/docs/messages/module-not-found @ http://localhost:3000/_next/static/chunks/node_modules_next_dist_1gdrd03._.js:1945
[ 1018319ms] [ERROR] ./src/app/page.tsx:11:1
Module not found: Can't resolve '@/components/architecture-view'
   9 | import { AgentWorkflow } from "@/components/agent-workflow";
  10 | import { AftermathResult } from "@/components/aftermath-result";
> 11 | import { ArchitectureView } from "@/components/architecture-view";
     | ^^^^^^^^^^^^^^^^^^^^^^^^^^^^^^^^^^^^^^^^^^^^^^^^^^^^^^^^^^^^^^^^^^
  12 | import { Disclaimer } from "@/components/disclaimer";
  13 |
  14 | export default function Home() {

Import map: aliased to relative './src/components/architecture-view' inside of [project]/

Import traces:
  Client Component Browser:
    ./src/app/page.tsx [Client Component Browser]
    ./src/app/page.tsx [Server Component]

  Client Component SSR:
    ./src/app/page.tsx [Client Component SSR]
    ./src/app/page.tsx [Server Component]

https://nextjs.org/docs/messages/module-not-found @ http://localhost:3000/_next/static/chunks/node_modules_next_dist_1gdrd03._.js:1945
[ 1018385ms] [ERROR] ./src/app/page.tsx:11:1
Module not found: Can't resolve '@/components/architecture-view'
   9 | import { AgentWorkflow } from "@/components/agent-workflow";
  10 | import { AftermathResult } from "@/components/aftermath-result";
> 11 | import { ArchitectureView } from "@/components/architecture-view";
     | ^^^^^^^^^^^^^^^^^^^^^^^^^^^^^^^^^^^^^^^^^^^^^^^^^^^^^^^^^^^^^^^^^^
  12 | import { Disclaimer } from "@/components/disclaimer";
  13 |
  14 | export default function Home() {

Import map: aliased to relative './src/components/architecture-view' inside of [project]/

Import traces:
  Client Component Browser:
    ./src/app/page.tsx [Client Component Browser]
    ./src/app/page.tsx [Server Component]

  Client Component SSR:
    ./src/app/page.tsx [Client Component SSR]
    ./src/app/page.tsx [Server Component]

https://nextjs.org/docs/messages/module-not-found @ http://localhost:3000/_next/static/chunks/node_modules_next_dist_1gdrd03._.js:1945
[ 1018451ms] [ERROR] ./src/app/page.tsx:11:1
Module not found: Can't resolve '@/components/architecture-view'
   9 | import { AgentWorkflow } from "@/components/agent-workflow";
  10 | import { AftermathResult } from "@/components/aftermath-result";
> 11 | import { ArchitectureView } from "@/components/architecture-view";
     | ^^^^^^^^^^^^^^^^^^^^^^^^^^^^^^^^^^^^^^^^^^^^^^^^^^^^^^^^^^^^^^^^^^
  12 | import { Disclaimer } from "@/components/disclaimer";
  13 |
  14 | export default function Home() {

Import map: aliased to relative './src/components/architecture-view' inside of [project]/

Import traces:
  Client Component Browser:
    ./src/app/page.tsx [Client Component Browser]
    ./src/app/page.tsx [Server Component]

  Client Component SSR:
    ./src/app/page.tsx [Client Component SSR]
    ./src/app/page.tsx [Server Component]

https://nextjs.org/docs/messages/module-not-found @ http://localhost:3000/_next/static/chunks/node_modules_next_dist_1gdrd03._.js:1945
[ 1018508ms] [ERROR] ./src/app/page.tsx:11:1
Module not found: Can't resolve '@/components/architecture-view'
   9 | import { AgentWorkflow } from "@/components/agent-workflow";
  10 | import { AftermathResult } from "@/components/aftermath-result";
> 11 | import { ArchitectureView } from "@/components/architecture-view";
     | ^^^^^^^^^^^^^^^^^^^^^^^^^^^^^^^^^^^^^^^^^^^^^^^^^^^^^^^^^^^^^^^^^^
  12 | import { Disclaimer } from "@/components/disclaimer";
  13 |
  14 | export default function Home() {

Import map: aliased to relative './src/components/architecture-view' inside of [project]/

Import traces:
  Client Component Browser:
    ./src/app/page.tsx [Client Component Browser]
    ./src/app/page.tsx [Server Component]

  Client Component SSR:
    ./src/app/page.tsx [Client Component SSR]
    ./src/app/page.tsx [Server Component]

https://nextjs.org/docs/messages/module-not-found @ http://localhost:3000/_next/static/chunks/node_modules_next_dist_1gdrd03._.js:1945
[ 1018568ms] [ERROR] ./src/app/page.tsx:11:1
Module not found: Can't resolve '@/components/architecture-view'
   9 | import { AgentWorkflow } from "@/components/agent-workflow";
  10 | import { AftermathResult } from "@/components/aftermath-result";
> 11 | import { ArchitectureView } from "@/components/architecture-view";
     | ^^^^^^^^^^^^^^^^^^^^^^^^^^^^^^^^^^^^^^^^^^^^^^^^^^^^^^^^^^^^^^^^^^
  12 | import { Disclaimer } from "@/components/disclaimer";
  13 |
  14 | export default function Home() {

Import map: aliased to relative './src/components/architecture-view' inside of [project]/

Import traces:
  Client Component Browser:
    ./src/app/page.tsx [Client Component Browser]
    ./src/app/page.tsx [Server Component]

  Client Component SSR:
    ./src/app/page.tsx [Client Component SSR]
    ./src/app/page.tsx [Server Component]

https://nextjs.org/docs/messages/module-not-found @ http://localhost:3000/_next/static/chunks/node_modules_next_dist_1gdrd03._.js:1945
[ 1018618ms] [ERROR] ./src/app/page.tsx:11:1
Module not found: Can't resolve '@/components/architecture-view'
   9 | import { AgentWorkflow } from "@/components/agent-workflow";
  10 | import { AftermathResult } from "@/components/aftermath-result";
> 11 | import { ArchitectureView } from "@/components/architecture-view";
     | ^^^^^^^^^^^^^^^^^^^^^^^^^^^^^^^^^^^^^^^^^^^^^^^^^^^^^^^^^^^^^^^^^^
  12 | import { Disclaimer } from "@/components/disclaimer";
  13 |
  14 | export default function Home() {

Import map: aliased to relative './src/components/architecture-view' inside of [project]/

Import traces:
  Client Component Browser:
    ./src/app/page.tsx [Client Component Browser]
    ./src/app/page.tsx [Server Component]

  Client Component SSR:
    ./src/app/page.tsx [Client Component SSR]
    ./src/app/page.tsx [Server Component]

https://nextjs.org/docs/messages/module-not-found @ http://localhost:3000/_next/static/chunks/node_modules_next_dist_1gdrd03._.js:1945
[ 1018686ms] [ERROR] ./src/app/page.tsx:11:1
Module not found: Can't resolve '@/components/architecture-view'
   9 | import { AgentWorkflow } from "@/components/agent-workflow";
  10 | import { AftermathResult } from "@/components/aftermath-result";
> 11 | import { ArchitectureView } from "@/components/architecture-view";
     | ^^^^^^^^^^^^^^^^^^^^^^^^^^^^^^^^^^^^^^^^^^^^^^^^^^^^^^^^^^^^^^^^^^
  12 | import { Disclaimer } from "@/components/disclaimer";
  13 |
  14 | export default function Home() {

Import map: aliased to relative './src/components/architecture-view' inside of [project]/

Import traces:
  Client Component Browser:
    ./src/app/page.tsx [Client Component Browser]
    ./src/app/page.tsx [Server Component]

  Client Component SSR:
    ./src/app/page.tsx [Client Component SSR]
    ./src/app/page.tsx [Server Component]

https://nextjs.org/docs/messages/module-not-found @ http://localhost:3000/_next/static/chunks/node_modules_next_dist_1gdrd03._.js:1945
[ 1018753ms] [ERROR] ./src/app/page.tsx:11:1
Module not found: Can't resolve '@/components/architecture-view'
   9 | import { AgentWorkflow } from "@/components/agent-workflow";
  10 | import { AftermathResult } from "@/components/aftermath-result";
> 11 | import { ArchitectureView } from "@/components/architecture-view";
     | ^^^^^^^^^^^^^^^^^^^^^^^^^^^^^^^^^^^^^^^^^^^^^^^^^^^^^^^^^^^^^^^^^^
  12 | import { Disclaimer } from "@/components/disclaimer";
  13 |
  14 | export default function Home() {

Import map: aliased to relative './src/components/architecture-view' inside of [project]/

Import traces:
  Client Component Browser:
    ./src/app/page.tsx [Client Component Browser]
    ./src/app/page.tsx [Server Component]

  Client Component SSR:
    ./src/app/page.tsx [Client Component SSR]
    ./src/app/page.tsx [Server Component]

https://nextjs.org/docs/messages/module-not-found @ http://localhost:3000/_next/static/chunks/node_modules_next_dist_1gdrd03._.js:1945
[ 1018820ms] [ERROR] ./src/app/page.tsx:11:1
Module not found: Can't resolve '@/components/architecture-view'
   9 | import { AgentWorkflow } from "@/components/agent-workflow";
  10 | import { AftermathResult } from "@/components/aftermath-result";
> 11 | import { ArchitectureView } from "@/components/architecture-view";
     | ^^^^^^^^^^^^^^^^^^^^^^^^^^^^^^^^^^^^^^^^^^^^^^^^^^^^^^^^^^^^^^^^^^
  12 | import { Disclaimer } from "@/components/disclaimer";
  13 |
  14 | export default function Home() {

Import map: aliased to relative './src/components/architecture-view' inside of [project]/

Import traces:
  Client Component Browser:
    ./src/app/page.tsx [Client Component Browser]
    ./src/app/page.tsx [Server Component]

  Client Component SSR:
    ./src/app/page.tsx [Client Component SSR]
    ./src/app/page.tsx [Server Component]

https://nextjs.org/docs/messages/module-not-found @ http://localhost:3000/_next/static/chunks/node_modules_next_dist_1gdrd03._.js:1945
[ 1018870ms] [ERROR] ./src/app/page.tsx:11:1
Module not found: Can't resolve '@/components/architecture-view'
   9 | import { AgentWorkflow } from "@/components/agent-workflow";
  10 | import { AftermathResult } from "@/components/aftermath-result";
> 11 | import { ArchitectureView } from "@/components/architecture-view";
     | ^^^^^^^^^^^^^^^^^^^^^^^^^^^^^^^^^^^^^^^^^^^^^^^^^^^^^^^^^^^^^^^^^^
  12 | import { Disclaimer } from "@/components/disclaimer";
  13 |
  14 | export default function Home() {

Import map: aliased to relative './src/components/architecture-view' inside of [project]/

Import traces:
  Client Component Browser:
    ./src/app/page.tsx [Client Component Browser]
    ./src/app/page.tsx [Server Component]

  Client Component SSR:
    ./src/app/page.tsx [Client Component SSR]
    ./src/app/page.tsx [Server Component]

https://nextjs.org/docs/messages/module-not-found @ http://localhost:3000/_next/static/chunks/node_modules_next_dist_1gdrd03._.js:1945
[ 1018935ms] [ERROR] ./src/app/page.tsx:11:1
Module not found: Can't resolve '@/components/architecture-view'
   9 | import { AgentWorkflow } from "@/components/agent-workflow";
  10 | import { AftermathResult } from "@/components/aftermath-result";
> 11 | import { ArchitectureView } from "@/components/architecture-view";
     | ^^^^^^^^^^^^^^^^^^^^^^^^^^^^^^^^^^^^^^^^^^^^^^^^^^^^^^^^^^^^^^^^^^
  12 | import { Disclaimer } from "@/components/disclaimer";
  13 |
  14 | export default function Home() {

Import map: aliased to relative './src/components/architecture-view' inside of [project]/

Import traces:
  Client Component Browser:
    ./src/app/page.tsx [Client Component Browser]
    ./src/app/page.tsx [Server Component]

  Client Component SSR:
    ./src/app/page.tsx [Client Component SSR]
    ./src/app/page.tsx [Server Component]

https://nextjs.org/docs/messages/module-not-found @ http://localhost:3000/_next/static/chunks/node_modules_next_dist_1gdrd03._.js:1945
[ 1018985ms] [ERROR] ./src/app/page.tsx:11:1
Module not found: Can't resolve '@/components/architecture-view'
   9 | import { AgentWorkflow } from "@/components/agent-workflow";
  10 | import { AftermathResult } from "@/components/aftermath-result";
> 11 | import { ArchitectureView } from "@/components/architecture-view";
     | ^^^^^^^^^^^^^^^^^^^^^^^^^^^^^^^^^^^^^^^^^^^^^^^^^^^^^^^^^^^^^^^^^^
  12 | import { Disclaimer } from "@/components/disclaimer";
  13 |
  14 | export default function Home() {

Import map: aliased to relative './src/components/architecture-view' inside of [project]/

Import traces:
  Client Component Browser:
    ./src/app/page.tsx [Client Component Browser]
    ./src/app/page.tsx [Server Component]

  Client Component SSR:
    ./src/app/page.tsx [Client Component SSR]
    ./src/app/page.tsx [Server Component]

https://nextjs.org/docs/messages/module-not-found @ http://localhost:3000/_next/static/chunks/node_modules_next_dist_1gdrd03._.js:1945
[ 1019053ms] [ERROR] ./src/app/page.tsx:11:1
Module not found: Can't resolve '@/components/architecture-view'
   9 | import { AgentWorkflow } from "@/components/agent-workflow";
  10 | import { AftermathResult } from "@/components/aftermath-result";
> 11 | import { ArchitectureView } from "@/components/architecture-view";
     | ^^^^^^^^^^^^^^^^^^^^^^^^^^^^^^^^^^^^^^^^^^^^^^^^^^^^^^^^^^^^^^^^^^
  12 | import { Disclaimer } from "@/components/disclaimer";
  13 |
  14 | export default function Home() {

Import map: aliased to relative './src/components/architecture-view' inside of [project]/

Import traces:
  Client Component Browser:
    ./src/app/page.tsx [Client Component Browser]
    ./src/app/page.tsx [Server Component]

  Client Component SSR:
    ./src/app/page.tsx [Client Component SSR]
    ./src/app/page.tsx [Server Component]

https://nextjs.org/docs/messages/module-not-found @ http://localhost:3000/_next/static/chunks/node_modules_next_dist_1gdrd03._.js:1945
[ 1019120ms] [ERROR] ./src/app/page.tsx:11:1
Module not found: Can't resolve '@/components/architecture-view'
   9 | import { AgentWorkflow } from "@/components/agent-workflow";
  10 | import { AftermathResult } from "@/components/aftermath-result";
> 11 | import { ArchitectureView } from "@/components/architecture-view";
     | ^^^^^^^^^^^^^^^^^^^^^^^^^^^^^^^^^^^^^^^^^^^^^^^^^^^^^^^^^^^^^^^^^^
  12 | import { Disclaimer } from "@/components/disclaimer";
  13 |
  14 | export default function Home() {

Import map: aliased to relative './src/components/architecture-view' inside of [project]/

Import traces:
  Client Component Browser:
    ./src/app/page.tsx [Client Component Browser]
    ./src/app/page.tsx [Server Component]

  Client Component SSR:
    ./src/app/page.tsx [Client Component SSR]
    ./src/app/page.tsx [Server Component]

https://nextjs.org/docs/messages/module-not-found @ http://localhost:3000/_next/static/chunks/node_modules_next_dist_1gdrd03._.js:1945
[ 1019170ms] [ERROR] ./src/app/page.tsx:11:1
Module not found: Can't resolve '@/components/architecture-view'
   9 | import { AgentWorkflow } from "@/components/agent-workflow";
  10 | import { AftermathResult } from "@/components/aftermath-result";
> 11 | import { ArchitectureView } from "@/components/architecture-view";
     | ^^^^^^^^^^^^^^^^^^^^^^^^^^^^^^^^^^^^^^^^^^^^^^^^^^^^^^^^^^^^^^^^^^
  12 | import { Disclaimer } from "@/components/disclaimer";
  13 |
  14 | export default function Home() {

Import map: aliased to relative './src/components/architecture-view' inside of [project]/

Import traces:
  Client Component Browser:
    ./src/app/page.tsx [Client Component Browser]
    ./src/app/page.tsx [Server Component]

  Client Component SSR:
    ./src/app/page.tsx [Client Component SSR]
    ./src/app/page.tsx [Server Component]

https://nextjs.org/docs/messages/module-not-found @ http://localhost:3000/_next/static/chunks/node_modules_next_dist_1gdrd03._.js:1945
[ 1019235ms] [ERROR] ./src/app/page.tsx:11:1
Module not found: Can't resolve '@/components/architecture-view'
   9 | import { AgentWorkflow } from "@/components/agent-workflow";
  10 | import { AftermathResult } from "@/components/aftermath-result";
> 11 | import { ArchitectureView } from "@/components/architecture-view";
     | ^^^^^^^^^^^^^^^^^^^^^^^^^^^^^^^^^^^^^^^^^^^^^^^^^^^^^^^^^^^^^^^^^^
  12 | import { Disclaimer } from "@/components/disclaimer";
  13 |
  14 | export default function Home() {

Import map: aliased to relative './src/components/architecture-view' inside of [project]/

Import traces:
  Client Component Browser:
    ./src/app/page.tsx [Client Component Browser]
    ./src/app/page.tsx [Server Component]

  Client Component SSR:
    ./src/app/page.tsx [Client Component SSR]
    ./src/app/page.tsx [Server Component]

https://nextjs.org/docs/messages/module-not-found @ http://localhost:3000/_next/static/chunks/node_modules_next_dist_1gdrd03._.js:1945
[ 1019285ms] [ERROR] ./src/app/page.tsx:11:1
Module not found: Can't resolve '@/components/architecture-view'
   9 | import { AgentWorkflow } from "@/components/agent-workflow";
  10 | import { AftermathResult } from "@/components/aftermath-result";
> 11 | import { ArchitectureView } from "@/components/architecture-view";
     | ^^^^^^^^^^^^^^^^^^^^^^^^^^^^^^^^^^^^^^^^^^^^^^^^^^^^^^^^^^^^^^^^^^
  12 | import { Disclaimer } from "@/components/disclaimer";
  13 |
  14 | export default function Home() {

Import map: aliased to relative './src/components/architecture-view' inside of [project]/

Import traces:
  Client Component Browser:
    ./src/app/page.tsx [Client Component Browser]
    ./src/app/page.tsx [Server Component]

  Client Component SSR:
    ./src/app/page.tsx [Client Component SSR]
    ./src/app/page.tsx [Server Component]

https://nextjs.org/docs/messages/module-not-found @ http://localhost:3000/_next/static/chunks/node_modules_next_dist_1gdrd03._.js:1945
[ 1019351ms] [ERROR] ./src/app/page.tsx:11:1
Module not found: Can't resolve '@/components/architecture-view'
   9 | import { AgentWorkflow } from "@/components/agent-workflow";
  10 | import { AftermathResult } from "@/components/aftermath-result";
> 11 | import { ArchitectureView } from "@/components/architecture-view";
     | ^^^^^^^^^^^^^^^^^^^^^^^^^^^^^^^^^^^^^^^^^^^^^^^^^^^^^^^^^^^^^^^^^^
  12 | import { Disclaimer } from "@/components/disclaimer";
  13 |
  14 | export default function Home() {

Import map: aliased to relative './src/components/architecture-view' inside of [project]/

Import traces:
  Client Component Browser:
    ./src/app/page.tsx [Client Component Browser]
    ./src/app/page.tsx [Server Component]

  Client Component SSR:
    ./src/app/page.tsx [Client Component SSR]
    ./src/app/page.tsx [Server Component]

https://nextjs.org/docs/messages/module-not-found @ http://localhost:3000/_next/static/chunks/node_modules_next_dist_1gdrd03._.js:1945
[ 1019402ms] [ERROR] ./src/app/page.tsx:11:1
Module not found: Can't resolve '@/components/architecture-view'
   9 | import { AgentWorkflow } from "@/components/agent-workflow";
  10 | import { AftermathResult } from "@/components/aftermath-result";
> 11 | import { ArchitectureView } from "@/components/architecture-view";
     | ^^^^^^^^^^^^^^^^^^^^^^^^^^^^^^^^^^^^^^^^^^^^^^^^^^^^^^^^^^^^^^^^^^
  12 | import { Disclaimer } from "@/components/disclaimer";
  13 |
  14 | export default function Home() {

Import map: aliased to relative './src/components/architecture-view' inside of [project]/

Import traces:
  Client Component Browser:
    ./src/app/page.tsx [Client Component Browser]
    ./src/app/page.tsx [Server Component]

  Client Component SSR:
    ./src/app/page.tsx [Client Component SSR]
    ./src/app/page.tsx [Server Component]

https://nextjs.org/docs/messages/module-not-found @ http://localhost:3000/_next/static/chunks/node_modules_next_dist_1gdrd03._.js:1945
[ 1019453ms] [ERROR] ./src/app/page.tsx:11:1
Module not found: Can't resolve '@/components/architecture-view'
   9 | import { AgentWorkflow } from "@/components/agent-workflow";
  10 | import { AftermathResult } from "@/components/aftermath-result";
> 11 | import { ArchitectureView } from "@/components/architecture-view";
     | ^^^^^^^^^^^^^^^^^^^^^^^^^^^^^^^^^^^^^^^^^^^^^^^^^^^^^^^^^^^^^^^^^^
  12 | import { Disclaimer } from "@/components/disclaimer";
  13 |
  14 | export default function Home() {

Import map: aliased to relative './src/components/architecture-view' inside of [project]/

Import traces:
  Client Component Browser:
    ./src/app/page.tsx [Client Component Browser]
    ./src/app/page.tsx [Server Component]

  Client Component SSR:
    ./src/app/page.tsx [Client Component SSR]
    ./src/app/page.tsx [Server Component]

https://nextjs.org/docs/messages/module-not-found @ http://localhost:3000/_next/static/chunks/node_modules_next_dist_1gdrd03._.js:1945
[ 1019519ms] [ERROR] ./src/app/page.tsx:11:1
Module not found: Can't resolve '@/components/architecture-view'
   9 | import { AgentWorkflow } from "@/components/agent-workflow";
  10 | import { AftermathResult } from "@/components/aftermath-result";
> 11 | import { ArchitectureView } from "@/components/architecture-view";
     | ^^^^^^^^^^^^^^^^^^^^^^^^^^^^^^^^^^^^^^^^^^^^^^^^^^^^^^^^^^^^^^^^^^
  12 | import { Disclaimer } from "@/components/disclaimer";
  13 |
  14 | export default function Home() {

Import map: aliased to relative './src/components/architecture-view' inside of [project]/

Import traces:
  Client Component Browser:
    ./src/app/page.tsx [Client Component Browser]
    ./src/app/page.tsx [Server Component]

  Client Component SSR:
    ./src/app/page.tsx [Client Component SSR]
    ./src/app/page.tsx [Server Component]

https://nextjs.org/docs/messages/module-not-found @ http://localhost:3000/_next/static/chunks/node_modules_next_dist_1gdrd03._.js:1945
[ 1019568ms] [ERROR] ./src/app/page.tsx:11:1
Module not found: Can't resolve '@/components/architecture-view'
   9 | import { AgentWorkflow } from "@/components/agent-workflow";
  10 | import { AftermathResult } from "@/components/aftermath-result";
> 11 | import { ArchitectureView } from "@/components/architecture-view";
     | ^^^^^^^^^^^^^^^^^^^^^^^^^^^^^^^^^^^^^^^^^^^^^^^^^^^^^^^^^^^^^^^^^^
  12 | import { Disclaimer } from "@/components/disclaimer";
  13 |
  14 | export default function Home() {

Import map: aliased to relative './src/components/architecture-view' inside of [project]/

Import traces:
  Client Component Browser:
    ./src/app/page.tsx [Client Component Browser]
    ./src/app/page.tsx [Server Component]

  Client Component SSR:
    ./src/app/page.tsx [Client Component SSR]
    ./src/app/page.tsx [Server Component]

https://nextjs.org/docs/messages/module-not-found @ http://localhost:3000/_next/static/chunks/node_modules_next_dist_1gdrd03._.js:1945
[ 1019636ms] [ERROR] ./src/app/page.tsx:11:1
Module not found: Can't resolve '@/components/architecture-view'
   9 | import { AgentWorkflow } from "@/components/agent-workflow";
  10 | import { AftermathResult } from "@/components/aftermath-result";
> 11 | import { ArchitectureView } from "@/components/architecture-view";
     | ^^^^^^^^^^^^^^^^^^^^^^^^^^^^^^^^^^^^^^^^^^^^^^^^^^^^^^^^^^^^^^^^^^
  12 | import { Disclaimer } from "@/components/disclaimer";
  13 |
  14 | export default function Home() {

Import map: aliased to relative './src/components/architecture-view' inside of [project]/

Import traces:
  Client Component Browser:
    ./src/app/page.tsx [Client Component Browser]
    ./src/app/page.tsx [Server Component]

  Client Component SSR:
    ./src/app/page.tsx [Client Component SSR]
    ./src/app/page.tsx [Server Component]

https://nextjs.org/docs/messages/module-not-found @ http://localhost:3000/_next/static/chunks/node_modules_next_dist_1gdrd03._.js:1945
[ 1019686ms] [ERROR] ./src/app/page.tsx:11:1
Module not found: Can't resolve '@/components/architecture-view'
   9 | import { AgentWorkflow } from "@/components/agent-workflow";
  10 | import { AftermathResult } from "@/components/aftermath-result";
> 11 | import { ArchitectureView } from "@/components/architecture-view";
     | ^^^^^^^^^^^^^^^^^^^^^^^^^^^^^^^^^^^^^^^^^^^^^^^^^^^^^^^^^^^^^^^^^^
  12 | import { Disclaimer } from "@/components/disclaimer";
  13 |
  14 | export default function Home() {

Import map: aliased to relative './src/components/architecture-view' inside of [project]/

Import traces:
  Client Component Browser:
    ./src/app/page.tsx [Client Component Browser]
    ./src/app/page.tsx [Server Component]

  Client Component SSR:
    ./src/app/page.tsx [Client Component SSR]
    ./src/app/page.tsx [Server Component]

https://nextjs.org/docs/messages/module-not-found @ http://localhost:3000/_next/static/chunks/node_modules_next_dist_1gdrd03._.js:1945
[ 1019753ms] [ERROR] ./src/app/page.tsx:11:1
Module not found: Can't resolve '@/components/architecture-view'
   9 | import { AgentWorkflow } from "@/components/agent-workflow";
  10 | import { AftermathResult } from "@/components/aftermath-result";
> 11 | import { ArchitectureView } from "@/components/architecture-view";
     | ^^^^^^^^^^^^^^^^^^^^^^^^^^^^^^^^^^^^^^^^^^^^^^^^^^^^^^^^^^^^^^^^^^
  12 | import { Disclaimer } from "@/components/disclaimer";
  13 |
  14 | export default function Home() {

Import map: aliased to relative './src/components/architecture-view' inside of [project]/

Import traces:
  Client Component Browser:
    ./src/app/page.tsx [Client Component Browser]
    ./src/app/page.tsx [Server Component]

  Client Component SSR:
    ./src/app/page.tsx [Client Component SSR]
    ./src/app/page.tsx [Server Component]

https://nextjs.org/docs/messages/module-not-found @ http://localhost:3000/_next/static/chunks/node_modules_next_dist_1gdrd03._.js:1945
[ 1019818ms] [ERROR] ./src/app/page.tsx:11:1
Module not found: Can't resolve '@/components/architecture-view'
   9 | import { AgentWorkflow } from "@/components/agent-workflow";
  10 | import { AftermathResult } from "@/components/aftermath-result";
> 11 | import { ArchitectureView } from "@/components/architecture-view";
     | ^^^^^^^^^^^^^^^^^^^^^^^^^^^^^^^^^^^^^^^^^^^^^^^^^^^^^^^^^^^^^^^^^^
  12 | import { Disclaimer } from "@/components/disclaimer";
  13 |
  14 | export default function Home() {

Import map: aliased to relative './src/components/architecture-view' inside of [project]/

Import traces:
  Client Component Browser:
    ./src/app/page.tsx [Client Component Browser]
    ./src/app/page.tsx [Server Component]

  Client Component SSR:
    ./src/app/page.tsx [Client Component SSR]
    ./src/app/page.tsx [Server Component]

https://nextjs.org/docs/messages/module-not-found @ http://localhost:3000/_next/static/chunks/node_modules_next_dist_1gdrd03._.js:1945
[ 1019883ms] [ERROR] ./src/app/page.tsx:11:1
Module not found: Can't resolve '@/components/architecture-view'
   9 | import { AgentWorkflow } from "@/components/agent-workflow";
  10 | import { AftermathResult } from "@/components/aftermath-result";
> 11 | import { ArchitectureView } from "@/components/architecture-view";
     | ^^^^^^^^^^^^^^^^^^^^^^^^^^^^^^^^^^^^^^^^^^^^^^^^^^^^^^^^^^^^^^^^^^
  12 | import { Disclaimer } from "@/components/disclaimer";
  13 |
  14 | export default function Home() {

Import map: aliased to relative './src/components/architecture-view' inside of [project]/

Import traces:
  Client Component Browser:
    ./src/app/page.tsx [Client Component Browser]
    ./src/app/page.tsx [Server Component]

  Client Component SSR:
    ./src/app/page.tsx [Client Component SSR]
    ./src/app/page.tsx [Server Component]

https://nextjs.org/docs/messages/module-not-found @ http://localhost:3000/_next/static/chunks/node_modules_next_dist_1gdrd03._.js:1945
[ 1019935ms] [ERROR] ./src/app/page.tsx:11:1
Module not found: Can't resolve '@/components/architecture-view'
   9 | import { AgentWorkflow } from "@/components/agent-workflow";
  10 | import { AftermathResult } from "@/components/aftermath-result";
> 11 | import { ArchitectureView } from "@/components/architecture-view";
     | ^^^^^^^^^^^^^^^^^^^^^^^^^^^^^^^^^^^^^^^^^^^^^^^^^^^^^^^^^^^^^^^^^^
  12 | import { Disclaimer } from "@/components/disclaimer";
  13 |
  14 | export default function Home() {

Import map: aliased to relative './src/components/architecture-view' inside of [project]/

Import traces:
  Client Component Browser:
    ./src/app/page.tsx [Client Component Browser]
    ./src/app/page.tsx [Server Component]

  Client Component SSR:
    ./src/app/page.tsx [Client Component SSR]
    ./src/app/page.tsx [Server Component]

https://nextjs.org/docs/messages/module-not-found @ http://localhost:3000/_next/static/chunks/node_modules_next_dist_1gdrd03._.js:1945
[ 1019987ms] [ERROR] ./src/app/page.tsx:11:1
Module not found: Can't resolve '@/components/architecture-view'
   9 | import { AgentWorkflow } from "@/components/agent-workflow";
  10 | import { AftermathResult } from "@/components/aftermath-result";
> 11 | import { ArchitectureView } from "@/components/architecture-view";
     | ^^^^^^^^^^^^^^^^^^^^^^^^^^^^^^^^^^^^^^^^^^^^^^^^^^^^^^^^^^^^^^^^^^
  12 | import { Disclaimer } from "@/components/disclaimer";
  13 |
  14 | export default function Home() {

Import map: aliased to relative './src/components/architecture-view' inside of [project]/

Import traces:
  Client Component Browser:
    ./src/app/page.tsx [Client Component Browser]
    ./src/app/page.tsx [Server Component]

  Client Component SSR:
    ./src/app/page.tsx [Client Component SSR]
    ./src/app/page.tsx [Server Component]

https://nextjs.org/docs/messages/module-not-found @ http://localhost:3000/_next/static/chunks/node_modules_next_dist_1gdrd03._.js:1945
[ 1020053ms] [ERROR] ./src/app/page.tsx:11:1
Module not found: Can't resolve '@/components/architecture-view'
   9 | import { AgentWorkflow } from "@/components/agent-workflow";
  10 | import { AftermathResult } from "@/components/aftermath-result";
> 11 | import { ArchitectureView } from "@/components/architecture-view";
     | ^^^^^^^^^^^^^^^^^^^^^^^^^^^^^^^^^^^^^^^^^^^^^^^^^^^^^^^^^^^^^^^^^^
  12 | import { Disclaimer } from "@/components/disclaimer";
  13 |
  14 | export default function Home() {

Import map: aliased to relative './src/components/architecture-view' inside of [project]/

Import traces:
  Client Component Browser:
    ./src/app/page.tsx [Client Component Browser]
    ./src/app/page.tsx [Server Component]

  Client Component SSR:
    ./src/app/page.tsx [Client Component SSR]
    ./src/app/page.tsx [Server Component]

https://nextjs.org/docs/messages/module-not-found @ http://localhost:3000/_next/static/chunks/node_modules_next_dist_1gdrd03._.js:1945
[ 1020117ms] [ERROR] ./src/app/page.tsx:11:1
Module not found: Can't resolve '@/components/architecture-view'
   9 | import { AgentWorkflow } from "@/components/agent-workflow";
  10 | import { AftermathResult } from "@/components/aftermath-result";
> 11 | import { ArchitectureView } from "@/components/architecture-view";
     | ^^^^^^^^^^^^^^^^^^^^^^^^^^^^^^^^^^^^^^^^^^^^^^^^^^^^^^^^^^^^^^^^^^
  12 | import { Disclaimer } from "@/components/disclaimer";
  13 |
  14 | export default function Home() {

Import map: aliased to relative './src/components/architecture-view' inside of [project]/

Import traces:
  Client Component Browser:
    ./src/app/page.tsx [Client Component Browser]
    ./src/app/page.tsx [Server Component]

  Client Component SSR:
    ./src/app/page.tsx [Client Component SSR]
    ./src/app/page.tsx [Server Component]

https://nextjs.org/docs/messages/module-not-found @ http://localhost:3000/_next/static/chunks/node_modules_next_dist_1gdrd03._.js:1945
[ 1020169ms] [ERROR] ./src/app/page.tsx:11:1
Module not found: Can't resolve '@/components/architecture-view'
   9 | import { AgentWorkflow } from "@/components/agent-workflow";
  10 | import { AftermathResult } from "@/components/aftermath-result";
> 11 | import { ArchitectureView } from "@/components/architecture-view";
     | ^^^^^^^^^^^^^^^^^^^^^^^^^^^^^^^^^^^^^^^^^^^^^^^^^^^^^^^^^^^^^^^^^^
  12 | import { Disclaimer } from "@/components/disclaimer";
  13 |
  14 | export default function Home() {

Import map: aliased to relative './src/components/architecture-view' inside of [project]/

Import traces:
  Client Component Browser:
    ./src/app/page.tsx [Client Component Browser]
    ./src/app/page.tsx [Server Component]

  Client Component SSR:
    ./src/app/page.tsx [Client Component SSR]
    ./src/app/page.tsx [Server Component]

https://nextjs.org/docs/messages/module-not-found @ http://localhost:3000/_next/static/chunks/node_modules_next_dist_1gdrd03._.js:1945
[ 1020237ms] [ERROR] ./src/app/page.tsx:11:1
Module not found: Can't resolve '@/components/architecture-view'
   9 | import { AgentWorkflow } from "@/components/agent-workflow";
  10 | import { AftermathResult } from "@/components/aftermath-result";
> 11 | import { ArchitectureView } from "@/components/architecture-view";
     | ^^^^^^^^^^^^^^^^^^^^^^^^^^^^^^^^^^^^^^^^^^^^^^^^^^^^^^^^^^^^^^^^^^
  12 | import { Disclaimer } from "@/components/disclaimer";
  13 |
  14 | export default function Home() {

Import map: aliased to relative './src/components/architecture-view' inside of [project]/

Import traces:
  Client Component Browser:
    ./src/app/page.tsx [Client Component Browser]
    ./src/app/page.tsx [Server Component]

  Client Component SSR:
    ./src/app/page.tsx [Client Component SSR]
    ./src/app/page.tsx [Server Component]

https://nextjs.org/docs/messages/module-not-found @ http://localhost:3000/_next/static/chunks/node_modules_next_dist_1gdrd03._.js:1945
[ 1020302ms] [ERROR] ./src/app/page.tsx:11:1
Module not found: Can't resolve '@/components/architecture-view'
   9 | import { AgentWorkflow } from "@/components/agent-workflow";
  10 | import { AftermathResult } from "@/components/aftermath-result";
> 11 | import { ArchitectureView } from "@/components/architecture-view";
     | ^^^^^^^^^^^^^^^^^^^^^^^^^^^^^^^^^^^^^^^^^^^^^^^^^^^^^^^^^^^^^^^^^^
  12 | import { Disclaimer } from "@/components/disclaimer";
  13 |
  14 | export default function Home() {

Import map: aliased to relative './src/components/architecture-view' inside of [project]/

Import traces:
  Client Component Browser:
    ./src/app/page.tsx [Client Component Browser]
    ./src/app/page.tsx [Server Component]

  Client Component SSR:
    ./src/app/page.tsx [Client Component SSR]
    ./src/app/page.tsx [Server Component]

https://nextjs.org/docs/messages/module-not-found @ http://localhost:3000/_next/static/chunks/node_modules_next_dist_1gdrd03._.js:1945
[ 1020369ms] [ERROR] ./src/app/page.tsx:11:1
Module not found: Can't resolve '@/components/architecture-view'
   9 | import { AgentWorkflow } from "@/components/agent-workflow";
  10 | import { AftermathResult } from "@/components/aftermath-result";
> 11 | import { ArchitectureView } from "@/components/architecture-view";
     | ^^^^^^^^^^^^^^^^^^^^^^^^^^^^^^^^^^^^^^^^^^^^^^^^^^^^^^^^^^^^^^^^^^
  12 | import { Disclaimer } from "@/components/disclaimer";
  13 |
  14 | export default function Home() {

Import map: aliased to relative './src/components/architecture-view' inside of [project]/

Import traces:
  Client Component Browser:
    ./src/app/page.tsx [Client Component Browser]
    ./src/app/page.tsx [Server Component]

  Client Component SSR:
    ./src/app/page.tsx [Client Component SSR]
    ./src/app/page.tsx [Server Component]

https://nextjs.org/docs/messages/module-not-found @ http://localhost:3000/_next/static/chunks/node_modules_next_dist_1gdrd03._.js:1945
[ 1020436ms] [ERROR] ./src/app/page.tsx:11:1
Module not found: Can't resolve '@/components/architecture-view'
   9 | import { AgentWorkflow } from "@/components/agent-workflow";
  10 | import { AftermathResult } from "@/components/aftermath-result";
> 11 | import { ArchitectureView } from "@/components/architecture-view";
     | ^^^^^^^^^^^^^^^^^^^^^^^^^^^^^^^^^^^^^^^^^^^^^^^^^^^^^^^^^^^^^^^^^^
  12 | import { Disclaimer } from "@/components/disclaimer";
  13 |
  14 | export default function Home() {

Import map: aliased to relative './src/components/architecture-view' inside of [project]/

Import traces:
  Client Component Browser:
    ./src/app/page.tsx [Client Component Browser]
    ./src/app/page.tsx [Server Component]

  Client Component SSR:
    ./src/app/page.tsx [Client Component SSR]
    ./src/app/page.tsx [Server Component]

https://nextjs.org/docs/messages/module-not-found @ http://localhost:3000/_next/static/chunks/node_modules_next_dist_1gdrd03._.js:1945
[ 1020500ms] [ERROR] ./src/app/page.tsx:11:1
Module not found: Can't resolve '@/components/architecture-view'
   9 | import { AgentWorkflow } from "@/components/agent-workflow";
  10 | import { AftermathResult } from "@/components/aftermath-result";
> 11 | import { ArchitectureView } from "@/components/architecture-view";
     | ^^^^^^^^^^^^^^^^^^^^^^^^^^^^^^^^^^^^^^^^^^^^^^^^^^^^^^^^^^^^^^^^^^
  12 | import { Disclaimer } from "@/components/disclaimer";
  13 |
  14 | export default function Home() {

Import map: aliased to relative './src/components/architecture-view' inside of [project]/

Import traces:
  Client Component Browser:
    ./src/app/page.tsx [Client Component Browser]
    ./src/app/page.tsx [Server Component]

  Client Component SSR:
    ./src/app/page.tsx [Client Component SSR]
    ./src/app/page.tsx [Server Component]

https://nextjs.org/docs/messages/module-not-found @ http://localhost:3000/_next/static/chunks/node_modules_next_dist_1gdrd03._.js:1945
[ 1020553ms] [ERROR] ./src/app/page.tsx:11:1
Module not found: Can't resolve '@/components/architecture-view'
   9 | import { AgentWorkflow } from "@/components/agent-workflow";
  10 | import { AftermathResult } from "@/components/aftermath-result";
> 11 | import { ArchitectureView } from "@/components/architecture-view";
     | ^^^^^^^^^^^^^^^^^^^^^^^^^^^^^^^^^^^^^^^^^^^^^^^^^^^^^^^^^^^^^^^^^^
  12 | import { Disclaimer } from "@/components/disclaimer";
  13 |
  14 | export default function Home() {

Import map: aliased to relative './src/components/architecture-view' inside of [project]/

Import traces:
  Client Component Browser:
    ./src/app/page.tsx [Client Component Browser]
    ./src/app/page.tsx [Server Component]

  Client Component SSR:
    ./src/app/page.tsx [Client Component SSR]
    ./src/app/page.tsx [Server Component]

https://nextjs.org/docs/messages/module-not-found @ http://localhost:3000/_next/static/chunks/node_modules_next_dist_1gdrd03._.js:1945
[ 1020620ms] [ERROR] ./src/app/page.tsx:11:1
Module not found: Can't resolve '@/components/architecture-view'
   9 | import { AgentWorkflow } from "@/components/agent-workflow";
  10 | import { AftermathResult } from "@/components/aftermath-result";
> 11 | import { ArchitectureView } from "@/components/architecture-view";
     | ^^^^^^^^^^^^^^^^^^^^^^^^^^^^^^^^^^^^^^^^^^^^^^^^^^^^^^^^^^^^^^^^^^
  12 | import { Disclaimer } from "@/components/disclaimer";
  13 |
  14 | export default function Home() {

Import map: aliased to relative './src/components/architecture-view' inside of [project]/

Import traces:
  Client Component Browser:
    ./src/app/page.tsx [Client Component Browser]
    ./src/app/page.tsx [Server Component]

  Client Component SSR:
    ./src/app/page.tsx [Client Component SSR]
    ./src/app/page.tsx [Server Component]

https://nextjs.org/docs/messages/module-not-found @ http://localhost:3000/_next/static/chunks/node_modules_next_dist_1gdrd03._.js:1945
[ 1020685ms] [ERROR] ./src/app/page.tsx:11:1
Module not found: Can't resolve '@/components/architecture-view'
   9 | import { AgentWorkflow } from "@/components/agent-workflow";
  10 | import { AftermathResult } from "@/components/aftermath-result";
> 11 | import { ArchitectureView } from "@/components/architecture-view";
     | ^^^^^^^^^^^^^^^^^^^^^^^^^^^^^^^^^^^^^^^^^^^^^^^^^^^^^^^^^^^^^^^^^^
  12 | import { Disclaimer } from "@/components/disclaimer";
  13 |
  14 | export default function Home() {

Import map: aliased to relative './src/components/architecture-view' inside of [project]/

Import traces:
  Client Component Browser:
    ./src/app/page.tsx [Client Component Browser]
    ./src/app/page.tsx [Server Component]

  Client Component SSR:
    ./src/app/page.tsx [Client Component SSR]
    ./src/app/page.tsx [Server Component]

https://nextjs.org/docs/messages/module-not-found @ http://localhost:3000/_next/static/chunks/node_modules_next_dist_1gdrd03._.js:1945
[ 1020751ms] [ERROR] ./src/app/page.tsx:11:1
Module not found: Can't resolve '@/components/architecture-view'
   9 | import { AgentWorkflow } from "@/components/agent-workflow";
  10 | import { AftermathResult } from "@/components/aftermath-result";
> 11 | import { ArchitectureView } from "@/components/architecture-view";
     | ^^^^^^^^^^^^^^^^^^^^^^^^^^^^^^^^^^^^^^^^^^^^^^^^^^^^^^^^^^^^^^^^^^
  12 | import { Disclaimer } from "@/components/disclaimer";
  13 |
  14 | export default function Home() {

Import map: aliased to relative './src/components/architecture-view' inside of [project]/

Import traces:
  Client Component Browser:
    ./src/app/page.tsx [Client Component Browser]
    ./src/app/page.tsx [Server Component]

  Client Component SSR:
    ./src/app/page.tsx [Client Component SSR]
    ./src/app/page.tsx [Server Component]

https://nextjs.org/docs/messages/module-not-found @ http://localhost:3000/_next/static/chunks/node_modules_next_dist_1gdrd03._.js:1945
[ 1020802ms] [ERROR] ./src/app/page.tsx:11:1
Module not found: Can't resolve '@/components/architecture-view'
   9 | import { AgentWorkflow } from "@/components/agent-workflow";
  10 | import { AftermathResult } from "@/components/aftermath-result";
> 11 | import { ArchitectureView } from "@/components/architecture-view";
     | ^^^^^^^^^^^^^^^^^^^^^^^^^^^^^^^^^^^^^^^^^^^^^^^^^^^^^^^^^^^^^^^^^^
  12 | import { Disclaimer } from "@/components/disclaimer";
  13 |
  14 | export default function Home() {

Import map: aliased to relative './src/components/architecture-view' inside of [project]/

Import traces:
  Client Component Browser:
    ./src/app/page.tsx [Client Component Browser]
    ./src/app/page.tsx [Server Component]

  Client Component SSR:
    ./src/app/page.tsx [Client Component SSR]
    ./src/app/page.tsx [Server Component]

https://nextjs.org/docs/messages/module-not-found @ http://localhost:3000/_next/static/chunks/node_modules_next_dist_1gdrd03._.js:1945
[ 1020868ms] [ERROR] ./src/app/page.tsx:11:1
Module not found: Can't resolve '@/components/architecture-view'
   9 | import { AgentWorkflow } from "@/components/agent-workflow";
  10 | import { AftermathResult } from "@/components/aftermath-result";
> 11 | import { ArchitectureView } from "@/components/architecture-view";
     | ^^^^^^^^^^^^^^^^^^^^^^^^^^^^^^^^^^^^^^^^^^^^^^^^^^^^^^^^^^^^^^^^^^
  12 | import { Disclaimer } from "@/components/disclaimer";
  13 |
  14 | export default function Home() {

Import map: aliased to relative './src/components/architecture-view' inside of [project]/

Import traces:
  Client Component Browser:
    ./src/app/page.tsx [Client Component Browser]
    ./src/app/page.tsx [Server Component]

  Client Component SSR:
    ./src/app/page.tsx [Client Component SSR]
    ./src/app/page.tsx [Server Component]

https://nextjs.org/docs/messages/module-not-found @ http://localhost:3000/_next/static/chunks/node_modules_next_dist_1gdrd03._.js:1945
[ 1020919ms] [ERROR] ./src/app/page.tsx:11:1
Module not found: Can't resolve '@/components/architecture-view'
   9 | import { AgentWorkflow } from "@/components/agent-workflow";
  10 | import { AftermathResult } from "@/components/aftermath-result";
> 11 | import { ArchitectureView } from "@/components/architecture-view";
     | ^^^^^^^^^^^^^^^^^^^^^^^^^^^^^^^^^^^^^^^^^^^^^^^^^^^^^^^^^^^^^^^^^^
  12 | import { Disclaimer } from "@/components/disclaimer";
  13 |
  14 | export default function Home() {

Import map: aliased to relative './src/components/architecture-view' inside of [project]/

Import traces:
  Client Component Browser:
    ./src/app/page.tsx [Client Component Browser]
    ./src/app/page.tsx [Server Component]

  Client Component SSR:
    ./src/app/page.tsx [Client Component SSR]
    ./src/app/page.tsx [Server Component]

https://nextjs.org/docs/messages/module-not-found @ http://localhost:3000/_next/static/chunks/node_modules_next_dist_1gdrd03._.js:1945
[ 1020987ms] [ERROR] ./src/app/page.tsx:11:1
Module not found: Can't resolve '@/components/architecture-view'
   9 | import { AgentWorkflow } from "@/components/agent-workflow";
  10 | import { AftermathResult } from "@/components/aftermath-result";
> 11 | import { ArchitectureView } from "@/components/architecture-view";
     | ^^^^^^^^^^^^^^^^^^^^^^^^^^^^^^^^^^^^^^^^^^^^^^^^^^^^^^^^^^^^^^^^^^
  12 | import { Disclaimer } from "@/components/disclaimer";
  13 |
  14 | export default function Home() {

Import map: aliased to relative './src/components/architecture-view' inside of [project]/

Import traces:
  Client Component Browser:
    ./src/app/page.tsx [Client Component Browser]
    ./src/app/page.tsx [Server Component]

  Client Component SSR:
    ./src/app/page.tsx [Client Component SSR]
    ./src/app/page.tsx [Server Component]

https://nextjs.org/docs/messages/module-not-found @ http://localhost:3000/_next/static/chunks/node_modules_next_dist_1gdrd03._.js:1945
[ 1021054ms] [ERROR] ./src/app/page.tsx:11:1
Module not found: Can't resolve '@/components/architecture-view'
   9 | import { AgentWorkflow } from "@/components/agent-workflow";
  10 | import { AftermathResult } from "@/components/aftermath-result";
> 11 | import { ArchitectureView } from "@/components/architecture-view";
     | ^^^^^^^^^^^^^^^^^^^^^^^^^^^^^^^^^^^^^^^^^^^^^^^^^^^^^^^^^^^^^^^^^^
  12 | import { Disclaimer } from "@/components/disclaimer";
  13 |
  14 | export default function Home() {

Import map: aliased to relative './src/components/architecture-view' inside of [project]/

Import traces:
  Client Component Browser:
    ./src/app/page.tsx [Client Component Browser]
    ./src/app/page.tsx [Server Component]

  Client Component SSR:
    ./src/app/page.tsx [Client Component SSR]
    ./src/app/page.tsx [Server Component]

https://nextjs.org/docs/messages/module-not-found @ http://localhost:3000/_next/static/chunks/node_modules_next_dist_1gdrd03._.js:1945
[ 1021119ms] [ERROR] ./src/app/page.tsx:11:1
Module not found: Can't resolve '@/components/architecture-view'
   9 | import { AgentWorkflow } from "@/components/agent-workflow";
  10 | import { AftermathResult } from "@/components/aftermath-result";
> 11 | import { ArchitectureView } from "@/components/architecture-view";
     | ^^^^^^^^^^^^^^^^^^^^^^^^^^^^^^^^^^^^^^^^^^^^^^^^^^^^^^^^^^^^^^^^^^
  12 | import { Disclaimer } from "@/components/disclaimer";
  13 |
  14 | export default function Home() {

Import map: aliased to relative './src/components/architecture-view' inside of [project]/

Import traces:
  Client Component Browser:
    ./src/app/page.tsx [Client Component Browser]
    ./src/app/page.tsx [Server Component]

  Client Component SSR:
    ./src/app/page.tsx [Client Component SSR]
    ./src/app/page.tsx [Server Component]

https://nextjs.org/docs/messages/module-not-found @ http://localhost:3000/_next/static/chunks/node_modules_next_dist_1gdrd03._.js:1945
[ 1021185ms] [ERROR] ./src/app/page.tsx:11:1
Module not found: Can't resolve '@/components/architecture-view'
   9 | import { AgentWorkflow } from "@/components/agent-workflow";
  10 | import { AftermathResult } from "@/components/aftermath-result";
> 11 | import { ArchitectureView } from "@/components/architecture-view";
     | ^^^^^^^^^^^^^^^^^^^^^^^^^^^^^^^^^^^^^^^^^^^^^^^^^^^^^^^^^^^^^^^^^^
  12 | import { Disclaimer } from "@/components/disclaimer";
  13 |
  14 | export default function Home() {

Import map: aliased to relative './src/components/architecture-view' inside of [project]/

Import traces:
  Client Component Browser:
    ./src/app/page.tsx [Client Component Browser]
    ./src/app/page.tsx [Server Component]

  Client Component SSR:
    ./src/app/page.tsx [Client Component SSR]
    ./src/app/page.tsx [Server Component]

https://nextjs.org/docs/messages/module-not-found @ http://localhost:3000/_next/static/chunks/node_modules_next_dist_1gdrd03._.js:1945
[ 1021253ms] [ERROR] ./src/app/page.tsx:11:1
Module not found: Can't resolve '@/components/architecture-view'
   9 | import { AgentWorkflow } from "@/components/agent-workflow";
  10 | import { AftermathResult } from "@/components/aftermath-result";
> 11 | import { ArchitectureView } from "@/components/architecture-view";
     | ^^^^^^^^^^^^^^^^^^^^^^^^^^^^^^^^^^^^^^^^^^^^^^^^^^^^^^^^^^^^^^^^^^
  12 | import { Disclaimer } from "@/components/disclaimer";
  13 |
  14 | export default function Home() {

Import map: aliased to relative './src/components/architecture-view' inside of [project]/

Import traces:
  Client Component Browser:
    ./src/app/page.tsx [Client Component Browser]
    ./src/app/page.tsx [Server Component]

  Client Component SSR:
    ./src/app/page.tsx [Client Component SSR]
    ./src/app/page.tsx [Server Component]

https://nextjs.org/docs/messages/module-not-found @ http://localhost:3000/_next/static/chunks/node_modules_next_dist_1gdrd03._.js:1945
[ 1021319ms] [ERROR] ./src/app/page.tsx:11:1
Module not found: Can't resolve '@/components/architecture-view'
   9 | import { AgentWorkflow } from "@/components/agent-workflow";
  10 | import { AftermathResult } from "@/components/aftermath-result";
> 11 | import { ArchitectureView } from "@/components/architecture-view";
     | ^^^^^^^^^^^^^^^^^^^^^^^^^^^^^^^^^^^^^^^^^^^^^^^^^^^^^^^^^^^^^^^^^^
  12 | import { Disclaimer } from "@/components/disclaimer";
  13 |
  14 | export default function Home() {

Import map: aliased to relative './src/components/architecture-view' inside of [project]/

Import traces:
  Client Component Browser:
    ./src/app/page.tsx [Client Component Browser]
    ./src/app/page.tsx [Server Component]

  Client Component SSR:
    ./src/app/page.tsx [Client Component SSR]
    ./src/app/page.tsx [Server Component]

https://nextjs.org/docs/messages/module-not-found @ http://localhost:3000/_next/static/chunks/node_modules_next_dist_1gdrd03._.js:1945
[ 1021387ms] [ERROR] ./src/app/page.tsx:11:1
Module not found: Can't resolve '@/components/architecture-view'
   9 | import { AgentWorkflow } from "@/components/agent-workflow";
  10 | import { AftermathResult } from "@/components/aftermath-result";
> 11 | import { ArchitectureView } from "@/components/architecture-view";
     | ^^^^^^^^^^^^^^^^^^^^^^^^^^^^^^^^^^^^^^^^^^^^^^^^^^^^^^^^^^^^^^^^^^
  12 | import { Disclaimer } from "@/components/disclaimer";
  13 |
  14 | export default function Home() {

Import map: aliased to relative './src/components/architecture-view' inside of [project]/

Import traces:
  Client Component Browser:
    ./src/app/page.tsx [Client Component Browser]
    ./src/app/page.tsx [Server Component]

  Client Component SSR:
    ./src/app/page.tsx [Client Component SSR]
    ./src/app/page.tsx [Server Component]

https://nextjs.org/docs/messages/module-not-found @ http://localhost:3000/_next/static/chunks/node_modules_next_dist_1gdrd03._.js:1945
[ 1021437ms] [ERROR] ./src/app/page.tsx:11:1
Module not found: Can't resolve '@/components/architecture-view'
   9 | import { AgentWorkflow } from "@/components/agent-workflow";
  10 | import { AftermathResult } from "@/components/aftermath-result";
> 11 | import { ArchitectureView } from "@/components/architecture-view";
     | ^^^^^^^^^^^^^^^^^^^^^^^^^^^^^^^^^^^^^^^^^^^^^^^^^^^^^^^^^^^^^^^^^^
  12 | import { Disclaimer } from "@/components/disclaimer";
  13 |
  14 | export default function Home() {

Import map: aliased to relative './src/components/architecture-view' inside of [project]/

Import traces:
  Client Component Browser:
    ./src/app/page.tsx [Client Component Browser]
    ./src/app/page.tsx [Server Component]

  Client Component SSR:
    ./src/app/page.tsx [Client Component SSR]
    ./src/app/page.tsx [Server Component]

https://nextjs.org/docs/messages/module-not-found @ http://localhost:3000/_next/static/chunks/node_modules_next_dist_1gdrd03._.js:1945
[ 1021502ms] [ERROR] ./src/app/page.tsx:11:1
Module not found: Can't resolve '@/components/architecture-view'
   9 | import { AgentWorkflow } from "@/components/agent-workflow";
  10 | import { AftermathResult } from "@/components/aftermath-result";
> 11 | import { ArchitectureView } from "@/components/architecture-view";
     | ^^^^^^^^^^^^^^^^^^^^^^^^^^^^^^^^^^^^^^^^^^^^^^^^^^^^^^^^^^^^^^^^^^
  12 | import { Disclaimer } from "@/components/disclaimer";
  13 |
  14 | export default function Home() {

Import map: aliased to relative './src/components/architecture-view' inside of [project]/

Import traces:
  Client Component Browser:
    ./src/app/page.tsx [Client Component Browser]
    ./src/app/page.tsx [Server Component]

  Client Component SSR:
    ./src/app/page.tsx [Client Component SSR]
    ./src/app/page.tsx [Server Component]

https://nextjs.org/docs/messages/module-not-found @ http://localhost:3000/_next/static/chunks/node_modules_next_dist_1gdrd03._.js:1945
[ 1021552ms] [ERROR] ./src/app/page.tsx:11:1
Module not found: Can't resolve '@/components/architecture-view'
   9 | import { AgentWorkflow } from "@/components/agent-workflow";
  10 | import { AftermathResult } from "@/components/aftermath-result";
> 11 | import { ArchitectureView } from "@/components/architecture-view";
     | ^^^^^^^^^^^^^^^^^^^^^^^^^^^^^^^^^^^^^^^^^^^^^^^^^^^^^^^^^^^^^^^^^^
  12 | import { Disclaimer } from "@/components/disclaimer";
  13 |
  14 | export default function Home() {

Import map: aliased to relative './src/components/architecture-view' inside of [project]/

Import traces:
  Client Component Browser:
    ./src/app/page.tsx [Client Component Browser]
    ./src/app/page.tsx [Server Component]

  Client Component SSR:
    ./src/app/page.tsx [Client Component SSR]
    ./src/app/page.tsx [Server Component]

https://nextjs.org/docs/messages/module-not-found @ http://localhost:3000/_next/static/chunks/node_modules_next_dist_1gdrd03._.js:1945
[ 1021615ms] [ERROR] ./src/app/page.tsx:11:1
Module not found: Can't resolve '@/components/architecture-view'
   9 | import { AgentWorkflow } from "@/components/agent-workflow";
  10 | import { AftermathResult } from "@/components/aftermath-result";
> 11 | import { ArchitectureView } from "@/components/architecture-view";
     | ^^^^^^^^^^^^^^^^^^^^^^^^^^^^^^^^^^^^^^^^^^^^^^^^^^^^^^^^^^^^^^^^^^
  12 | import { Disclaimer } from "@/components/disclaimer";
  13 |
  14 | export default function Home() {

Import map: aliased to relative './src/components/architecture-view' inside of [project]/

Import traces:
  Client Component Browser:
    ./src/app/page.tsx [Client Component Browser]
    ./src/app/page.tsx [Server Component]

  Client Component SSR:
    ./src/app/page.tsx [Client Component SSR]
    ./src/app/page.tsx [Server Component]

https://nextjs.org/docs/messages/module-not-found @ http://localhost:3000/_next/static/chunks/node_modules_next_dist_1gdrd03._.js:1945
[ 1021669ms] [ERROR] ./src/app/page.tsx:11:1
Module not found: Can't resolve '@/components/architecture-view'
   9 | import { AgentWorkflow } from "@/components/agent-workflow";
  10 | import { AftermathResult } from "@/components/aftermath-result";
> 11 | import { ArchitectureView } from "@/components/architecture-view";
     | ^^^^^^^^^^^^^^^^^^^^^^^^^^^^^^^^^^^^^^^^^^^^^^^^^^^^^^^^^^^^^^^^^^
  12 | import { Disclaimer } from "@/components/disclaimer";
  13 |
  14 | export default function Home() {

Import map: aliased to relative './src/components/architecture-view' inside of [project]/

Import traces:
  Client Component Browser:
    ./src/app/page.tsx [Client Component Browser]
    ./src/app/page.tsx [Server Component]

  Client Component SSR:
    ./src/app/page.tsx [Client Component SSR]
    ./src/app/page.tsx [Server Component]

https://nextjs.org/docs/messages/module-not-found @ http://localhost:3000/_next/static/chunks/node_modules_next_dist_1gdrd03._.js:1945
[ 1021737ms] [ERROR] ./src/app/page.tsx:11:1
Module not found: Can't resolve '@/components/architecture-view'
   9 | import { AgentWorkflow } from "@/components/agent-workflow";
  10 | import { AftermathResult } from "@/components/aftermath-result";
> 11 | import { ArchitectureView } from "@/components/architecture-view";
     | ^^^^^^^^^^^^^^^^^^^^^^^^^^^^^^^^^^^^^^^^^^^^^^^^^^^^^^^^^^^^^^^^^^
  12 | import { Disclaimer } from "@/components/disclaimer";
  13 |
  14 | export default function Home() {

Import map: aliased to relative './src/components/architecture-view' inside of [project]/

Import traces:
  Client Component Browser:
    ./src/app/page.tsx [Client Component Browser]
    ./src/app/page.tsx [Server Component]

  Client Component SSR:
    ./src/app/page.tsx [Client Component SSR]
    ./src/app/page.tsx [Server Component]

https://nextjs.org/docs/messages/module-not-found @ http://localhost:3000/_next/static/chunks/node_modules_next_dist_1gdrd03._.js:1945
[ 1021802ms] [ERROR] ./src/app/page.tsx:11:1
Module not found: Can't resolve '@/components/architecture-view'
   9 | import { AgentWorkflow } from "@/components/agent-workflow";
  10 | import { AftermathResult } from "@/components/aftermath-result";
> 11 | import { ArchitectureView } from "@/components/architecture-view";
     | ^^^^^^^^^^^^^^^^^^^^^^^^^^^^^^^^^^^^^^^^^^^^^^^^^^^^^^^^^^^^^^^^^^
  12 | import { Disclaimer } from "@/components/disclaimer";
  13 |
  14 | export default function Home() {

Import map: aliased to relative './src/components/architecture-view' inside of [project]/

Import traces:
  Client Component Browser:
    ./src/app/page.tsx [Client Component Browser]
    ./src/app/page.tsx [Server Component]

  Client Component SSR:
    ./src/app/page.tsx [Client Component SSR]
    ./src/app/page.tsx [Server Component]

https://nextjs.org/docs/messages/module-not-found @ http://localhost:3000/_next/static/chunks/node_modules_next_dist_1gdrd03._.js:1945
[ 1021870ms] [ERROR] ./src/app/page.tsx:11:1
Module not found: Can't resolve '@/components/architecture-view'
   9 | import { AgentWorkflow } from "@/components/agent-workflow";
  10 | import { AftermathResult } from "@/components/aftermath-result";
> 11 | import { ArchitectureView } from "@/components/architecture-view";
     | ^^^^^^^^^^^^^^^^^^^^^^^^^^^^^^^^^^^^^^^^^^^^^^^^^^^^^^^^^^^^^^^^^^
  12 | import { Disclaimer } from "@/components/disclaimer";
  13 |
  14 | export default function Home() {

Import map: aliased to relative './src/components/architecture-view' inside of [project]/

Import traces:
  Client Component Browser:
    ./src/app/page.tsx [Client Component Browser]
    ./src/app/page.tsx [Server Component]

  Client Component SSR:
    ./src/app/page.tsx [Client Component SSR]
    ./src/app/page.tsx [Server Component]

https://nextjs.org/docs/messages/module-not-found @ http://localhost:3000/_next/static/chunks/node_modules_next_dist_1gdrd03._.js:1945
[ 1021935ms] [ERROR] ./src/app/page.tsx:11:1
Module not found: Can't resolve '@/components/architecture-view'
   9 | import { AgentWorkflow } from "@/components/agent-workflow";
  10 | import { AftermathResult } from "@/components/aftermath-result";
> 11 | import { ArchitectureView } from "@/components/architecture-view";
     | ^^^^^^^^^^^^^^^^^^^^^^^^^^^^^^^^^^^^^^^^^^^^^^^^^^^^^^^^^^^^^^^^^^
  12 | import { Disclaimer } from "@/components/disclaimer";
  13 |
  14 | export default function Home() {

Import map: aliased to relative './src/components/architecture-view' inside of [project]/

Import traces:
  Client Component Browser:
    ./src/app/page.tsx [Client Component Browser]
    ./src/app/page.tsx [Server Component]

  Client Component SSR:
    ./src/app/page.tsx [Client Component SSR]
    ./src/app/page.tsx [Server Component]

https://nextjs.org/docs/messages/module-not-found @ http://localhost:3000/_next/static/chunks/node_modules_next_dist_1gdrd03._.js:1945
[ 1022003ms] [ERROR] ./src/app/page.tsx:11:1
Module not found: Can't resolve '@/components/architecture-view'
   9 | import { AgentWorkflow } from "@/components/agent-workflow";
  10 | import { AftermathResult } from "@/components/aftermath-result";
> 11 | import { ArchitectureView } from "@/components/architecture-view";
     | ^^^^^^^^^^^^^^^^^^^^^^^^^^^^^^^^^^^^^^^^^^^^^^^^^^^^^^^^^^^^^^^^^^
  12 | import { Disclaimer } from "@/components/disclaimer";
  13 |
  14 | export default function Home() {

Import map: aliased to relative './src/components/architecture-view' inside of [project]/

Import traces:
  Client Component Browser:
    ./src/app/page.tsx [Client Component Browser]
    ./src/app/page.tsx [Server Component]

  Client Component SSR:
    ./src/app/page.tsx [Client Component SSR]
    ./src/app/page.tsx [Server Component]

https://nextjs.org/docs/messages/module-not-found @ http://localhost:3000/_next/static/chunks/node_modules_next_dist_1gdrd03._.js:1945
[ 1022058ms] [ERROR] ./src/app/page.tsx:11:1
Module not found: Can't resolve '@/components/architecture-view'
   9 | import { AgentWorkflow } from "@/components/agent-workflow";
  10 | import { AftermathResult } from "@/components/aftermath-result";
> 11 | import { ArchitectureView } from "@/components/architecture-view";
     | ^^^^^^^^^^^^^^^^^^^^^^^^^^^^^^^^^^^^^^^^^^^^^^^^^^^^^^^^^^^^^^^^^^
  12 | import { Disclaimer } from "@/components/disclaimer";
  13 |
  14 | export default function Home() {

Import map: aliased to relative './src/components/architecture-view' inside of [project]/

Import traces:
  Client Component Browser:
    ./src/app/page.tsx [Client Component Browser]
    ./src/app/page.tsx [Server Component]

  Client Component SSR:
    ./src/app/page.tsx [Client Component SSR]
    ./src/app/page.tsx [Server Component]

https://nextjs.org/docs/messages/module-not-found @ http://localhost:3000/_next/static/chunks/node_modules_next_dist_1gdrd03._.js:1945
[ 1022120ms] [ERROR] ./src/app/page.tsx:11:1
Module not found: Can't resolve '@/components/architecture-view'
   9 | import { AgentWorkflow } from "@/components/agent-workflow";
  10 | import { AftermathResult } from "@/components/aftermath-result";
> 11 | import { ArchitectureView } from "@/components/architecture-view";
     | ^^^^^^^^^^^^^^^^^^^^^^^^^^^^^^^^^^^^^^^^^^^^^^^^^^^^^^^^^^^^^^^^^^
  12 | import { Disclaimer } from "@/components/disclaimer";
  13 |
  14 | export default function Home() {

Import map: aliased to relative './src/components/architecture-view' inside of [project]/

Import traces:
  Client Component Browser:
    ./src/app/page.tsx [Client Component Browser]
    ./src/app/page.tsx [Server Component]

  Client Component SSR:
    ./src/app/page.tsx [Client Component SSR]
    ./src/app/page.tsx [Server Component]

https://nextjs.org/docs/messages/module-not-found @ http://localhost:3000/_next/static/chunks/node_modules_next_dist_1gdrd03._.js:1945
[ 1022186ms] [ERROR] ./src/app/page.tsx:11:1
Module not found: Can't resolve '@/components/architecture-view'
   9 | import { AgentWorkflow } from "@/components/agent-workflow";
  10 | import { AftermathResult } from "@/components/aftermath-result";
> 11 | import { ArchitectureView } from "@/components/architecture-view";
     | ^^^^^^^^^^^^^^^^^^^^^^^^^^^^^^^^^^^^^^^^^^^^^^^^^^^^^^^^^^^^^^^^^^
  12 | import { Disclaimer } from "@/components/disclaimer";
  13 |
  14 | export default function Home() {

Import map: aliased to relative './src/components/architecture-view' inside of [project]/

Import traces:
  Client Component Browser:
    ./src/app/page.tsx [Client Component Browser]
    ./src/app/page.tsx [Server Component]

  Client Component SSR:
    ./src/app/page.tsx [Client Component SSR]
    ./src/app/page.tsx [Server Component]

https://nextjs.org/docs/messages/module-not-found @ http://localhost:3000/_next/static/chunks/node_modules_next_dist_1gdrd03._.js:1945
[ 1022252ms] [ERROR] ./src/app/page.tsx:11:1
Module not found: Can't resolve '@/components/architecture-view'
   9 | import { AgentWorkflow } from "@/components/agent-workflow";
  10 | import { AftermathResult } from "@/components/aftermath-result";
> 11 | import { ArchitectureView } from "@/components/architecture-view";
     | ^^^^^^^^^^^^^^^^^^^^^^^^^^^^^^^^^^^^^^^^^^^^^^^^^^^^^^^^^^^^^^^^^^
  12 | import { Disclaimer } from "@/components/disclaimer";
  13 |
  14 | export default function Home() {

Import map: aliased to relative './src/components/architecture-view' inside of [project]/

Import traces:
  Client Component Browser:
    ./src/app/page.tsx [Client Component Browser]
    ./src/app/page.tsx [Server Component]

  Client Component SSR:
    ./src/app/page.tsx [Client Component SSR]
    ./src/app/page.tsx [Server Component]

https://nextjs.org/docs/messages/module-not-found @ http://localhost:3000/_next/static/chunks/node_modules_next_dist_1gdrd03._.js:1945
[ 1022319ms] [ERROR] ./src/app/page.tsx:11:1
Module not found: Can't resolve '@/components/architecture-view'
   9 | import { AgentWorkflow } from "@/components/agent-workflow";
  10 | import { AftermathResult } from "@/components/aftermath-result";
> 11 | import { ArchitectureView } from "@/components/architecture-view";
     | ^^^^^^^^^^^^^^^^^^^^^^^^^^^^^^^^^^^^^^^^^^^^^^^^^^^^^^^^^^^^^^^^^^
  12 | import { Disclaimer } from "@/components/disclaimer";
  13 |
  14 | export default function Home() {

Import map: aliased to relative './src/components/architecture-view' inside of [project]/

Import traces:
  Client Component Browser:
    ./src/app/page.tsx [Client Component Browser]
    ./src/app/page.tsx [Server Component]

  Client Component SSR:
    ./src/app/page.tsx [Client Component SSR]
    ./src/app/page.tsx [Server Component]

https://nextjs.org/docs/messages/module-not-found @ http://localhost:3000/_next/static/chunks/node_modules_next_dist_1gdrd03._.js:1945
[ 1022383ms] [ERROR] ./src/app/page.tsx:11:1
Module not found: Can't resolve '@/components/architecture-view'
   9 | import { AgentWorkflow } from "@/components/agent-workflow";
  10 | import { AftermathResult } from "@/components/aftermath-result";
> 11 | import { ArchitectureView } from "@/components/architecture-view";
     | ^^^^^^^^^^^^^^^^^^^^^^^^^^^^^^^^^^^^^^^^^^^^^^^^^^^^^^^^^^^^^^^^^^
  12 | import { Disclaimer } from "@/components/disclaimer";
  13 |
  14 | export default function Home() {

Import map: aliased to relative './src/components/architecture-view' inside of [project]/

Import traces:
  Client Component Browser:
    ./src/app/page.tsx [Client Component Browser]
    ./src/app/page.tsx [Server Component]

  Client Component SSR:
    ./src/app/page.tsx [Client Component SSR]
    ./src/app/page.tsx [Server Component]

https://nextjs.org/docs/messages/module-not-found @ http://localhost:3000/_next/static/chunks/node_modules_next_dist_1gdrd03._.js:1945
[ 1022436ms] [ERROR] ./src/app/page.tsx:11:1
Module not found: Can't resolve '@/components/architecture-view'
   9 | import { AgentWorkflow } from "@/components/agent-workflow";
  10 | import { AftermathResult } from "@/components/aftermath-result";
> 11 | import { ArchitectureView } from "@/components/architecture-view";
     | ^^^^^^^^^^^^^^^^^^^^^^^^^^^^^^^^^^^^^^^^^^^^^^^^^^^^^^^^^^^^^^^^^^
  12 | import { Disclaimer } from "@/components/disclaimer";
  13 |
  14 | export default function Home() {

Import map: aliased to relative './src/components/architecture-view' inside of [project]/

Import traces:
  Client Component Browser:
    ./src/app/page.tsx [Client Component Browser]
    ./src/app/page.tsx [Server Component]

  Client Component SSR:
    ./src/app/page.tsx [Client Component SSR]
    ./src/app/page.tsx [Server Component]

https://nextjs.org/docs/messages/module-not-found @ http://localhost:3000/_next/static/chunks/node_modules_next_dist_1gdrd03._.js:1945
[ 1022501ms] [ERROR] ./src/app/page.tsx:11:1
Module not found: Can't resolve '@/components/architecture-view'
   9 | import { AgentWorkflow } from "@/components/agent-workflow";
  10 | import { AftermathResult } from "@/components/aftermath-result";
> 11 | import { ArchitectureView } from "@/components/architecture-view";
     | ^^^^^^^^^^^^^^^^^^^^^^^^^^^^^^^^^^^^^^^^^^^^^^^^^^^^^^^^^^^^^^^^^^
  12 | import { Disclaimer } from "@/components/disclaimer";
  13 |
  14 | export default function Home() {

Import map: aliased to relative './src/components/architecture-view' inside of [project]/

Import traces:
  Client Component Browser:
    ./src/app/page.tsx [Client Component Browser]
    ./src/app/page.tsx [Server Component]

  Client Component SSR:
    ./src/app/page.tsx [Client Component SSR]
    ./src/app/page.tsx [Server Component]

https://nextjs.org/docs/messages/module-not-found @ http://localhost:3000/_next/static/chunks/node_modules_next_dist_1gdrd03._.js:1945
[ 1022553ms] [ERROR] ./src/app/page.tsx:11:1
Module not found: Can't resolve '@/components/architecture-view'
   9 | import { AgentWorkflow } from "@/components/agent-workflow";
  10 | import { AftermathResult } from "@/components/aftermath-result";
> 11 | import { ArchitectureView } from "@/components/architecture-view";
     | ^^^^^^^^^^^^^^^^^^^^^^^^^^^^^^^^^^^^^^^^^^^^^^^^^^^^^^^^^^^^^^^^^^
  12 | import { Disclaimer } from "@/components/disclaimer";
  13 |
  14 | export default function Home() {

Import map: aliased to relative './src/components/architecture-view' inside of [project]/

Import traces:
  Client Component Browser:
    ./src/app/page.tsx [Client Component Browser]
    ./src/app/page.tsx [Server Component]

  Client Component SSR:
    ./src/app/page.tsx [Client Component SSR]
    ./src/app/page.tsx [Server Component]

https://nextjs.org/docs/messages/module-not-found @ http://localhost:3000/_next/static/chunks/node_modules_next_dist_1gdrd03._.js:1945
[ 1022619ms] [ERROR] ./src/app/page.tsx:11:1
Module not found: Can't resolve '@/components/architecture-view'
   9 | import { AgentWorkflow } from "@/components/agent-workflow";
  10 | import { AftermathResult } from "@/components/aftermath-result";
> 11 | import { ArchitectureView } from "@/components/architecture-view";
     | ^^^^^^^^^^^^^^^^^^^^^^^^^^^^^^^^^^^^^^^^^^^^^^^^^^^^^^^^^^^^^^^^^^
  12 | import { Disclaimer } from "@/components/disclaimer";
  13 |
  14 | export default function Home() {

Import map: aliased to relative './src/components/architecture-view' inside of [project]/

Import traces:
  Client Component Browser:
    ./src/app/page.tsx [Client Component Browser]
    ./src/app/page.tsx [Server Component]

  Client Component SSR:
    ./src/app/page.tsx [Client Component SSR]
    ./src/app/page.tsx [Server Component]

https://nextjs.org/docs/messages/module-not-found @ http://localhost:3000/_next/static/chunks/node_modules_next_dist_1gdrd03._.js:1945
[ 1022685ms] [ERROR] ./src/app/page.tsx:11:1
Module not found: Can't resolve '@/components/architecture-view'
   9 | import { AgentWorkflow } from "@/components/agent-workflow";
  10 | import { AftermathResult } from "@/components/aftermath-result";
> 11 | import { ArchitectureView } from "@/components/architecture-view";
     | ^^^^^^^^^^^^^^^^^^^^^^^^^^^^^^^^^^^^^^^^^^^^^^^^^^^^^^^^^^^^^^^^^^
  12 | import { Disclaimer } from "@/components/disclaimer";
  13 |
  14 | export default function Home() {

Import map: aliased to relative './src/components/architecture-view' inside of [project]/

Import traces:
  Client Component Browser:
    ./src/app/page.tsx [Client Component Browser]
    ./src/app/page.tsx [Server Component]

  Client Component SSR:
    ./src/app/page.tsx [Client Component SSR]
    ./src/app/page.tsx [Server Component]

https://nextjs.org/docs/messages/module-not-found @ http://localhost:3000/_next/static/chunks/node_modules_next_dist_1gdrd03._.js:1945
[ 1022736ms] [ERROR] ./src/app/page.tsx:11:1
Module not found: Can't resolve '@/components/architecture-view'
   9 | import { AgentWorkflow } from "@/components/agent-workflow";
  10 | import { AftermathResult } from "@/components/aftermath-result";
> 11 | import { ArchitectureView } from "@/components/architecture-view";
     | ^^^^^^^^^^^^^^^^^^^^^^^^^^^^^^^^^^^^^^^^^^^^^^^^^^^^^^^^^^^^^^^^^^
  12 | import { Disclaimer } from "@/components/disclaimer";
  13 |
  14 | export default function Home() {

Import map: aliased to relative './src/components/architecture-view' inside of [project]/

Import traces:
  Client Component Browser:
    ./src/app/page.tsx [Client Component Browser]
    ./src/app/page.tsx [Server Component]

  Client Component SSR:
    ./src/app/page.tsx [Client Component SSR]
    ./src/app/page.tsx [Server Component]

https://nextjs.org/docs/messages/module-not-found @ http://localhost:3000/_next/static/chunks/node_modules_next_dist_1gdrd03._.js:1945
[ 1022804ms] [ERROR] ./src/app/page.tsx:11:1
Module not found: Can't resolve '@/components/architecture-view'
   9 | import { AgentWorkflow } from "@/components/agent-workflow";
  10 | import { AftermathResult } from "@/components/aftermath-result";
> 11 | import { ArchitectureView } from "@/components/architecture-view";
     | ^^^^^^^^^^^^^^^^^^^^^^^^^^^^^^^^^^^^^^^^^^^^^^^^^^^^^^^^^^^^^^^^^^
  12 | import { Disclaimer } from "@/components/disclaimer";
  13 |
  14 | export default function Home() {

Import map: aliased to relative './src/components/architecture-view' inside of [project]/

Import traces:
  Client Component Browser:
    ./src/app/page.tsx [Client Component Browser]
    ./src/app/page.tsx [Server Component]

  Client Component SSR:
    ./src/app/page.tsx [Client Component SSR]
    ./src/app/page.tsx [Server Component]

https://nextjs.org/docs/messages/module-not-found @ http://localhost:3000/_next/static/chunks/node_modules_next_dist_1gdrd03._.js:1945
[ 1022870ms] [ERROR] ./src/app/page.tsx:11:1
Module not found: Can't resolve '@/components/architecture-view'
   9 | import { AgentWorkflow } from "@/components/agent-workflow";
  10 | import { AftermathResult } from "@/components/aftermath-result";
> 11 | import { ArchitectureView } from "@/components/architecture-view";
     | ^^^^^^^^^^^^^^^^^^^^^^^^^^^^^^^^^^^^^^^^^^^^^^^^^^^^^^^^^^^^^^^^^^
  12 | import { Disclaimer } from "@/components/disclaimer";
  13 |
  14 | export default function Home() {

Import map: aliased to relative './src/components/architecture-view' inside of [project]/

Import traces:
  Client Component Browser:
    ./src/app/page.tsx [Client Component Browser]
    ./src/app/page.tsx [Server Component]

  Client Component SSR:
    ./src/app/page.tsx [Client Component SSR]
    ./src/app/page.tsx [Server Component]

https://nextjs.org/docs/messages/module-not-found @ http://localhost:3000/_next/static/chunks/node_modules_next_dist_1gdrd03._.js:1945
[ 1022920ms] [ERROR] ./src/app/page.tsx:11:1
Module not found: Can't resolve '@/components/architecture-view'
   9 | import { AgentWorkflow } from "@/components/agent-workflow";
  10 | import { AftermathResult } from "@/components/aftermath-result";
> 11 | import { ArchitectureView } from "@/components/architecture-view";
     | ^^^^^^^^^^^^^^^^^^^^^^^^^^^^^^^^^^^^^^^^^^^^^^^^^^^^^^^^^^^^^^^^^^
  12 | import { Disclaimer } from "@/components/disclaimer";
  13 |
  14 | export default function Home() {

Import map: aliased to relative './src/components/architecture-view' inside of [project]/

Import traces:
  Client Component Browser:
    ./src/app/page.tsx [Client Component Browser]
    ./src/app/page.tsx [Server Component]

  Client Component SSR:
    ./src/app/page.tsx [Client Component SSR]
    ./src/app/page.tsx [Server Component]

https://nextjs.org/docs/messages/module-not-found @ http://localhost:3000/_next/static/chunks/node_modules_next_dist_1gdrd03._.js:1945
[ 1022986ms] [ERROR] ./src/app/page.tsx:11:1
Module not found: Can't resolve '@/components/architecture-view'
   9 | import { AgentWorkflow } from "@/components/agent-workflow";
  10 | import { AftermathResult } from "@/components/aftermath-result";
> 11 | import { ArchitectureView } from "@/components/architecture-view";
     | ^^^^^^^^^^^^^^^^^^^^^^^^^^^^^^^^^^^^^^^^^^^^^^^^^^^^^^^^^^^^^^^^^^
  12 | import { Disclaimer } from "@/components/disclaimer";
  13 |
  14 | export default function Home() {

Import map: aliased to relative './src/components/architecture-view' inside of [project]/

Import traces:
  Client Component Browser:
    ./src/app/page.tsx [Client Component Browser]
    ./src/app/page.tsx [Server Component]

  Client Component SSR:
    ./src/app/page.tsx [Client Component SSR]
    ./src/app/page.tsx [Server Component]

https://nextjs.org/docs/messages/module-not-found @ http://localhost:3000/_next/static/chunks/node_modules_next_dist_1gdrd03._.js:1945
[ 1023054ms] [ERROR] ./src/app/page.tsx:11:1
Module not found: Can't resolve '@/components/architecture-view'
   9 | import { AgentWorkflow } from "@/components/agent-workflow";
  10 | import { AftermathResult } from "@/components/aftermath-result";
> 11 | import { ArchitectureView } from "@/components/architecture-view";
     | ^^^^^^^^^^^^^^^^^^^^^^^^^^^^^^^^^^^^^^^^^^^^^^^^^^^^^^^^^^^^^^^^^^
  12 | import { Disclaimer } from "@/components/disclaimer";
  13 |
  14 | export default function Home() {

Import map: aliased to relative './src/components/architecture-view' inside of [project]/

Import traces:
  Client Component Browser:
    ./src/app/page.tsx [Client Component Browser]
    ./src/app/page.tsx [Server Component]

  Client Component SSR:
    ./src/app/page.tsx [Client Component SSR]
    ./src/app/page.tsx [Server Component]

https://nextjs.org/docs/messages/module-not-found @ http://localhost:3000/_next/static/chunks/node_modules_next_dist_1gdrd03._.js:1945
[ 1023120ms] [ERROR] ./src/app/page.tsx:11:1
Module not found: Can't resolve '@/components/architecture-view'
   9 | import { AgentWorkflow } from "@/components/agent-workflow";
  10 | import { AftermathResult } from "@/components/aftermath-result";
> 11 | import { ArchitectureView } from "@/components/architecture-view";
     | ^^^^^^^^^^^^^^^^^^^^^^^^^^^^^^^^^^^^^^^^^^^^^^^^^^^^^^^^^^^^^^^^^^
  12 | import { Disclaimer } from "@/components/disclaimer";
  13 |
  14 | export default function Home() {

Import map: aliased to relative './src/components/architecture-view' inside of [project]/

Import traces:
  Client Component Browser:
    ./src/app/page.tsx [Client Component Browser]
    ./src/app/page.tsx [Server Component]

  Client Component SSR:
    ./src/app/page.tsx [Client Component SSR]
    ./src/app/page.tsx [Server Component]

https://nextjs.org/docs/messages/module-not-found @ http://localhost:3000/_next/static/chunks/node_modules_next_dist_1gdrd03._.js:1945
[ 1023186ms] [ERROR] ./src/app/page.tsx:11:1
Module not found: Can't resolve '@/components/architecture-view'
   9 | import { AgentWorkflow } from "@/components/agent-workflow";
  10 | import { AftermathResult } from "@/components/aftermath-result";
> 11 | import { ArchitectureView } from "@/components/architecture-view";
     | ^^^^^^^^^^^^^^^^^^^^^^^^^^^^^^^^^^^^^^^^^^^^^^^^^^^^^^^^^^^^^^^^^^
  12 | import { Disclaimer } from "@/components/disclaimer";
  13 |
  14 | export default function Home() {

Import map: aliased to relative './src/components/architecture-view' inside of [project]/

Import traces:
  Client Component Browser:
    ./src/app/page.tsx [Client Component Browser]
    ./src/app/page.tsx [Server Component]

  Client Component SSR:
    ./src/app/page.tsx [Client Component SSR]
    ./src/app/page.tsx [Server Component]

https://nextjs.org/docs/messages/module-not-found @ http://localhost:3000/_next/static/chunks/node_modules_next_dist_1gdrd03._.js:1945
[ 1023252ms] [ERROR] ./src/app/page.tsx:11:1
Module not found: Can't resolve '@/components/architecture-view'
   9 | import { AgentWorkflow } from "@/components/agent-workflow";
  10 | import { AftermathResult } from "@/components/aftermath-result";
> 11 | import { ArchitectureView } from "@/components/architecture-view";
     | ^^^^^^^^^^^^^^^^^^^^^^^^^^^^^^^^^^^^^^^^^^^^^^^^^^^^^^^^^^^^^^^^^^
  12 | import { Disclaimer } from "@/components/disclaimer";
  13 |
  14 | export default function Home() {

Import map: aliased to relative './src/components/architecture-view' inside of [project]/

Import traces:
  Client Component Browser:
    ./src/app/page.tsx [Client Component Browser]
    ./src/app/page.tsx [Server Component]

  Client Component SSR:
    ./src/app/page.tsx [Client Component SSR]
    ./src/app/page.tsx [Server Component]

https://nextjs.org/docs/messages/module-not-found @ http://localhost:3000/_next/static/chunks/node_modules_next_dist_1gdrd03._.js:1945
[ 1023319ms] [ERROR] ./src/app/page.tsx:11:1
Module not found: Can't resolve '@/components/architecture-view'
   9 | import { AgentWorkflow } from "@/components/agent-workflow";
  10 | import { AftermathResult } from "@/components/aftermath-result";
> 11 | import { ArchitectureView } from "@/components/architecture-view";
     | ^^^^^^^^^^^^^^^^^^^^^^^^^^^^^^^^^^^^^^^^^^^^^^^^^^^^^^^^^^^^^^^^^^
  12 | import { Disclaimer } from "@/components/disclaimer";
  13 |
  14 | export default function Home() {

Import map: aliased to relative './src/components/architecture-view' inside of [project]/

Import traces:
  Client Component Browser:
    ./src/app/page.tsx [Client Component Browser]
    ./src/app/page.tsx [Server Component]

  Client Component SSR:
    ./src/app/page.tsx [Client Component SSR]
    ./src/app/page.tsx [Server Component]

https://nextjs.org/docs/messages/module-not-found @ http://localhost:3000/_next/static/chunks/node_modules_next_dist_1gdrd03._.js:1945
[ 1023386ms] [ERROR] ./src/app/page.tsx:11:1
Module not found: Can't resolve '@/components/architecture-view'
   9 | import { AgentWorkflow } from "@/components/agent-workflow";
  10 | import { AftermathResult } from "@/components/aftermath-result";
> 11 | import { ArchitectureView } from "@/components/architecture-view";
     | ^^^^^^^^^^^^^^^^^^^^^^^^^^^^^^^^^^^^^^^^^^^^^^^^^^^^^^^^^^^^^^^^^^
  12 | import { Disclaimer } from "@/components/disclaimer";
  13 |
  14 | export default function Home() {

Import map: aliased to relative './src/components/architecture-view' inside of [project]/

Import traces:
  Client Component Browser:
    ./src/app/page.tsx [Client Component Browser]
    ./src/app/page.tsx [Server Component]

  Client Component SSR:
    ./src/app/page.tsx [Client Component SSR]
    ./src/app/page.tsx [Server Component]

https://nextjs.org/docs/messages/module-not-found @ http://localhost:3000/_next/static/chunks/node_modules_next_dist_1gdrd03._.js:1945
[ 1023449ms] [ERROR] ./src/app/page.tsx:11:1
Module not found: Can't resolve '@/components/architecture-view'
   9 | import { AgentWorkflow } from "@/components/agent-workflow";
  10 | import { AftermathResult } from "@/components/aftermath-result";
> 11 | import { ArchitectureView } from "@/components/architecture-view";
     | ^^^^^^^^^^^^^^^^^^^^^^^^^^^^^^^^^^^^^^^^^^^^^^^^^^^^^^^^^^^^^^^^^^
  12 | import { Disclaimer } from "@/components/disclaimer";
  13 |
  14 | export default function Home() {

Import map: aliased to relative './src/components/architecture-view' inside of [project]/

Import traces:
  Client Component Browser:
    ./src/app/page.tsx [Client Component Browser]
    ./src/app/page.tsx [Server Component]

  Client Component SSR:
    ./src/app/page.tsx [Client Component SSR]
    ./src/app/page.tsx [Server Component]

https://nextjs.org/docs/messages/module-not-found @ http://localhost:3000/_next/static/chunks/node_modules_next_dist_1gdrd03._.js:1945
[ 1023503ms] [ERROR] ./src/app/page.tsx:11:1
Module not found: Can't resolve '@/components/architecture-view'
   9 | import { AgentWorkflow } from "@/components/agent-workflow";
  10 | import { AftermathResult } from "@/components/aftermath-result";
> 11 | import { ArchitectureView } from "@/components/architecture-view";
     | ^^^^^^^^^^^^^^^^^^^^^^^^^^^^^^^^^^^^^^^^^^^^^^^^^^^^^^^^^^^^^^^^^^
  12 | import { Disclaimer } from "@/components/disclaimer";
  13 |
  14 | export default function Home() {

Import map: aliased to relative './src/components/architecture-view' inside of [project]/

Import traces:
  Client Component Browser:
    ./src/app/page.tsx [Client Component Browser]
    ./src/app/page.tsx [Server Component]

  Client Component SSR:
    ./src/app/page.tsx [Client Component SSR]
    ./src/app/page.tsx [Server Component]

https://nextjs.org/docs/messages/module-not-found @ http://localhost:3000/_next/static/chunks/node_modules_next_dist_1gdrd03._.js:1945
[ 1023570ms] [ERROR] ./src/app/page.tsx:11:1
Module not found: Can't resolve '@/components/architecture-view'
   9 | import { AgentWorkflow } from "@/components/agent-workflow";
  10 | import { AftermathResult } from "@/components/aftermath-result";
> 11 | import { ArchitectureView } from "@/components/architecture-view";
     | ^^^^^^^^^^^^^^^^^^^^^^^^^^^^^^^^^^^^^^^^^^^^^^^^^^^^^^^^^^^^^^^^^^
  12 | import { Disclaimer } from "@/components/disclaimer";
  13 |
  14 | export default function Home() {

Import map: aliased to relative './src/components/architecture-view' inside of [project]/

Import traces:
  Client Component Browser:
    ./src/app/page.tsx [Client Component Browser]
    ./src/app/page.tsx [Server Component]

  Client Component SSR:
    ./src/app/page.tsx [Client Component SSR]
    ./src/app/page.tsx [Server Component]

https://nextjs.org/docs/messages/module-not-found @ http://localhost:3000/_next/static/chunks/node_modules_next_dist_1gdrd03._.js:1945
[ 1023620ms] [ERROR] ./src/app/page.tsx:11:1
Module not found: Can't resolve '@/components/architecture-view'
   9 | import { AgentWorkflow } from "@/components/agent-workflow";
  10 | import { AftermathResult } from "@/components/aftermath-result";
> 11 | import { ArchitectureView } from "@/components/architecture-view";
     | ^^^^^^^^^^^^^^^^^^^^^^^^^^^^^^^^^^^^^^^^^^^^^^^^^^^^^^^^^^^^^^^^^^
  12 | import { Disclaimer } from "@/components/disclaimer";
  13 |
  14 | export default function Home() {

Import map: aliased to relative './src/components/architecture-view' inside of [project]/

Import traces:
  Client Component Browser:
    ./src/app/page.tsx [Client Component Browser]
    ./src/app/page.tsx [Server Component]

  Client Component SSR:
    ./src/app/page.tsx [Client Component SSR]
    ./src/app/page.tsx [Server Component]

https://nextjs.org/docs/messages/module-not-found @ http://localhost:3000/_next/static/chunks/node_modules_next_dist_1gdrd03._.js:1945
[ 1023687ms] [ERROR] ./src/app/page.tsx:11:1
Module not found: Can't resolve '@/components/architecture-view'
   9 | import { AgentWorkflow } from "@/components/agent-workflow";
  10 | import { AftermathResult } from "@/components/aftermath-result";
> 11 | import { ArchitectureView } from "@/components/architecture-view";
     | ^^^^^^^^^^^^^^^^^^^^^^^^^^^^^^^^^^^^^^^^^^^^^^^^^^^^^^^^^^^^^^^^^^
  12 | import { Disclaimer } from "@/components/disclaimer";
  13 |
  14 | export default function Home() {

Import map: aliased to relative './src/components/architecture-view' inside of [project]/

Import traces:
  Client Component Browser:
    ./src/app/page.tsx [Client Component Browser]
    ./src/app/page.tsx [Server Component]

  Client Component SSR:
    ./src/app/page.tsx [Client Component SSR]
    ./src/app/page.tsx [Server Component]

https://nextjs.org/docs/messages/module-not-found @ http://localhost:3000/_next/static/chunks/node_modules_next_dist_1gdrd03._.js:1945
[ 1023752ms] [ERROR] ./src/app/page.tsx:11:1
Module not found: Can't resolve '@/components/architecture-view'
   9 | import { AgentWorkflow } from "@/components/agent-workflow";
  10 | import { AftermathResult } from "@/components/aftermath-result";
> 11 | import { ArchitectureView } from "@/components/architecture-view";
     | ^^^^^^^^^^^^^^^^^^^^^^^^^^^^^^^^^^^^^^^^^^^^^^^^^^^^^^^^^^^^^^^^^^
  12 | import { Disclaimer } from "@/components/disclaimer";
  13 |
  14 | export default function Home() {

Import map: aliased to relative './src/components/architecture-view' inside of [project]/

Import traces:
  Client Component Browser:
    ./src/app/page.tsx [Client Component Browser]
    ./src/app/page.tsx [Server Component]

  Client Component SSR:
    ./src/app/page.tsx [Client Component SSR]
    ./src/app/page.tsx [Server Component]

https://nextjs.org/docs/messages/module-not-found @ http://localhost:3000/_next/static/chunks/node_modules_next_dist_1gdrd03._.js:1945
[ 1023802ms] [ERROR] ./src/app/page.tsx:11:1
Module not found: Can't resolve '@/components/architecture-view'
   9 | import { AgentWorkflow } from "@/components/agent-workflow";
  10 | import { AftermathResult } from "@/components/aftermath-result";
> 11 | import { ArchitectureView } from "@/components/architecture-view";
     | ^^^^^^^^^^^^^^^^^^^^^^^^^^^^^^^^^^^^^^^^^^^^^^^^^^^^^^^^^^^^^^^^^^
  12 | import { Disclaimer } from "@/components/disclaimer";
  13 |
  14 | export default function Home() {

Import map: aliased to relative './src/components/architecture-view' inside of [project]/

Import traces:
  Client Component Browser:
    ./src/app/page.tsx [Client Component Browser]
    ./src/app/page.tsx [Server Component]

  Client Component SSR:
    ./src/app/page.tsx [Client Component SSR]
    ./src/app/page.tsx [Server Component]

https://nextjs.org/docs/messages/module-not-found @ http://localhost:3000/_next/static/chunks/node_modules_next_dist_1gdrd03._.js:1945
[ 1023869ms] [ERROR] ./src/app/page.tsx:11:1
Module not found: Can't resolve '@/components/architecture-view'
   9 | import { AgentWorkflow } from "@/components/agent-workflow";
  10 | import { AftermathResult } from "@/components/aftermath-result";
> 11 | import { ArchitectureView } from "@/components/architecture-view";
     | ^^^^^^^^^^^^^^^^^^^^^^^^^^^^^^^^^^^^^^^^^^^^^^^^^^^^^^^^^^^^^^^^^^
  12 | import { Disclaimer } from "@/components/disclaimer";
  13 |
  14 | export default function Home() {

Import map: aliased to relative './src/components/architecture-view' inside of [project]/

Import traces:
  Client Component Browser:
    ./src/app/page.tsx [Client Component Browser]
    ./src/app/page.tsx [Server Component]

  Client Component SSR:
    ./src/app/page.tsx [Client Component SSR]
    ./src/app/page.tsx [Server Component]

https://nextjs.org/docs/messages/module-not-found @ http://localhost:3000/_next/static/chunks/node_modules_next_dist_1gdrd03._.js:1945
[ 1023930ms] [ERROR] ./src/app/page.tsx:11:1
Module not found: Can't resolve '@/components/architecture-view'
   9 | import { AgentWorkflow } from "@/components/agent-workflow";
  10 | import { AftermathResult } from "@/components/aftermath-result";
> 11 | import { ArchitectureView } from "@/components/architecture-view";
     | ^^^^^^^^^^^^^^^^^^^^^^^^^^^^^^^^^^^^^^^^^^^^^^^^^^^^^^^^^^^^^^^^^^
  12 | import { Disclaimer } from "@/components/disclaimer";
  13 |
  14 | export default function Home() {

Import map: aliased to relative './src/components/architecture-view' inside of [project]/

Import traces:
  Client Component Browser:
    ./src/app/page.tsx [Client Component Browser]
    ./src/app/page.tsx [Server Component]

  Client Component SSR:
    ./src/app/page.tsx [Client Component SSR]
    ./src/app/page.tsx [Server Component]

https://nextjs.org/docs/messages/module-not-found @ http://localhost:3000/_next/static/chunks/node_modules_next_dist_1gdrd03._.js:1945
[ 1024003ms] [ERROR] ./src/app/page.tsx:11:1
Module not found: Can't resolve '@/components/architecture-view'
   9 | import { AgentWorkflow } from "@/components/agent-workflow";
  10 | import { AftermathResult } from "@/components/aftermath-result";
> 11 | import { ArchitectureView } from "@/components/architecture-view";
     | ^^^^^^^^^^^^^^^^^^^^^^^^^^^^^^^^^^^^^^^^^^^^^^^^^^^^^^^^^^^^^^^^^^
  12 | import { Disclaimer } from "@/components/disclaimer";
  13 |
  14 | export default function Home() {

Import map: aliased to relative './src/components/architecture-view' inside of [project]/

Import traces:
  Client Component Browser:
    ./src/app/page.tsx [Client Component Browser]
    ./src/app/page.tsx [Server Component]

  Client Component SSR:
    ./src/app/page.tsx [Client Component SSR]
    ./src/app/page.tsx [Server Component]

https://nextjs.org/docs/messages/module-not-found @ http://localhost:3000/_next/static/chunks/node_modules_next_dist_1gdrd03._.js:1945
[ 1024068ms] [ERROR] ./src/app/page.tsx:11:1
Module not found: Can't resolve '@/components/architecture-view'
   9 | import { AgentWorkflow } from "@/components/agent-workflow";
  10 | import { AftermathResult } from "@/components/aftermath-result";
> 11 | import { ArchitectureView } from "@/components/architecture-view";
     | ^^^^^^^^^^^^^^^^^^^^^^^^^^^^^^^^^^^^^^^^^^^^^^^^^^^^^^^^^^^^^^^^^^
  12 | import { Disclaimer } from "@/components/disclaimer";
  13 |
  14 | export default function Home() {

Import map: aliased to relative './src/components/architecture-view' inside of [project]/

Import traces:
  Client Component Browser:
    ./src/app/page.tsx [Client Component Browser]
    ./src/app/page.tsx [Server Component]

  Client Component SSR:
    ./src/app/page.tsx [Client Component SSR]
    ./src/app/page.tsx [Server Component]

https://nextjs.org/docs/messages/module-not-found @ http://localhost:3000/_next/static/chunks/node_modules_next_dist_1gdrd03._.js:1945
[ 1024136ms] [ERROR] ./src/app/page.tsx:11:1
Module not found: Can't resolve '@/components/architecture-view'
   9 | import { AgentWorkflow } from "@/components/agent-workflow";
  10 | import { AftermathResult } from "@/components/aftermath-result";
> 11 | import { ArchitectureView } from "@/components/architecture-view";
     | ^^^^^^^^^^^^^^^^^^^^^^^^^^^^^^^^^^^^^^^^^^^^^^^^^^^^^^^^^^^^^^^^^^
  12 | import { Disclaimer } from "@/components/disclaimer";
  13 |
  14 | export default function Home() {

Import map: aliased to relative './src/components/architecture-view' inside of [project]/

Import traces:
  Client Component Browser:
    ./src/app/page.tsx [Client Component Browser]
    ./src/app/page.tsx [Server Component]

  Client Component SSR:
    ./src/app/page.tsx [Client Component SSR]
    ./src/app/page.tsx [Server Component]

https://nextjs.org/docs/messages/module-not-found @ http://localhost:3000/_next/static/chunks/node_modules_next_dist_1gdrd03._.js:1945
[ 1024203ms] [ERROR] ./src/app/page.tsx:11:1
Module not found: Can't resolve '@/components/architecture-view'
   9 | import { AgentWorkflow } from "@/components/agent-workflow";
  10 | import { AftermathResult } from "@/components/aftermath-result";
> 11 | import { ArchitectureView } from "@/components/architecture-view";
     | ^^^^^^^^^^^^^^^^^^^^^^^^^^^^^^^^^^^^^^^^^^^^^^^^^^^^^^^^^^^^^^^^^^
  12 | import { Disclaimer } from "@/components/disclaimer";
  13 |
  14 | export default function Home() {

Import map: aliased to relative './src/components/architecture-view' inside of [project]/

Import traces:
  Client Component Browser:
    ./src/app/page.tsx [Client Component Browser]
    ./src/app/page.tsx [Server Component]

  Client Component SSR:
    ./src/app/page.tsx [Client Component SSR]
    ./src/app/page.tsx [Server Component]

https://nextjs.org/docs/messages/module-not-found @ http://localhost:3000/_next/static/chunks/node_modules_next_dist_1gdrd03._.js:1945
[ 1024270ms] [ERROR] ./src/app/page.tsx:11:1
Module not found: Can't resolve '@/components/architecture-view'
   9 | import { AgentWorkflow } from "@/components/agent-workflow";
  10 | import { AftermathResult } from "@/components/aftermath-result";
> 11 | import { ArchitectureView } from "@/components/architecture-view";
     | ^^^^^^^^^^^^^^^^^^^^^^^^^^^^^^^^^^^^^^^^^^^^^^^^^^^^^^^^^^^^^^^^^^
  12 | import { Disclaimer } from "@/components/disclaimer";
  13 |
  14 | export default function Home() {

Import map: aliased to relative './src/components/architecture-view' inside of [project]/

Import traces:
  Client Component Browser:
    ./src/app/page.tsx [Client Component Browser]
    ./src/app/page.tsx [Server Component]

  Client Component SSR:
    ./src/app/page.tsx [Client Component SSR]
    ./src/app/page.tsx [Server Component]

https://nextjs.org/docs/messages/module-not-found @ http://localhost:3000/_next/static/chunks/node_modules_next_dist_1gdrd03._.js:1945
[ 1024320ms] [ERROR] ./src/app/page.tsx:11:1
Module not found: Can't resolve '@/components/architecture-view'
   9 | import { AgentWorkflow } from "@/components/agent-workflow";
  10 | import { AftermathResult } from "@/components/aftermath-result";
> 11 | import { ArchitectureView } from "@/components/architecture-view";
     | ^^^^^^^^^^^^^^^^^^^^^^^^^^^^^^^^^^^^^^^^^^^^^^^^^^^^^^^^^^^^^^^^^^
  12 | import { Disclaimer } from "@/components/disclaimer";
  13 |
  14 | export default function Home() {

Import map: aliased to relative './src/components/architecture-view' inside of [project]/

Import traces:
  Client Component Browser:
    ./src/app/page.tsx [Client Component Browser]
    ./src/app/page.tsx [Server Component]

  Client Component SSR:
    ./src/app/page.tsx [Client Component SSR]
    ./src/app/page.tsx [Server Component]

https://nextjs.org/docs/messages/module-not-found @ http://localhost:3000/_next/static/chunks/node_modules_next_dist_1gdrd03._.js:1945
[ 1024386ms] [ERROR] ./src/app/page.tsx:11:1
Module not found: Can't resolve '@/components/architecture-view'
   9 | import { AgentWorkflow } from "@/components/agent-workflow";
  10 | import { AftermathResult } from "@/components/aftermath-result";
> 11 | import { ArchitectureView } from "@/components/architecture-view";
     | ^^^^^^^^^^^^^^^^^^^^^^^^^^^^^^^^^^^^^^^^^^^^^^^^^^^^^^^^^^^^^^^^^^
  12 | import { Disclaimer } from "@/components/disclaimer";
  13 |
  14 | export default function Home() {

Import map: aliased to relative './src/components/architecture-view' inside of [project]/

Import traces:
  Client Component Browser:
    ./src/app/page.tsx [Client Component Browser]
    ./src/app/page.tsx [Server Component]

  Client Component SSR:
    ./src/app/page.tsx [Client Component SSR]
    ./src/app/page.tsx [Server Component]

https://nextjs.org/docs/messages/module-not-found @ http://localhost:3000/_next/static/chunks/node_modules_next_dist_1gdrd03._.js:1945
[ 1024453ms] [ERROR] ./src/app/page.tsx:11:1
Module not found: Can't resolve '@/components/architecture-view'
   9 | import { AgentWorkflow } from "@/components/agent-workflow";
  10 | import { AftermathResult } from "@/components/aftermath-result";
> 11 | import { ArchitectureView } from "@/components/architecture-view";
     | ^^^^^^^^^^^^^^^^^^^^^^^^^^^^^^^^^^^^^^^^^^^^^^^^^^^^^^^^^^^^^^^^^^
  12 | import { Disclaimer } from "@/components/disclaimer";
  13 |
  14 | export default function Home() {

Import map: aliased to relative './src/components/architecture-view' inside of [project]/

Import traces:
  Client Component Browser:
    ./src/app/page.tsx [Client Component Browser]
    ./src/app/page.tsx [Server Component]

  Client Component SSR:
    ./src/app/page.tsx [Client Component SSR]
    ./src/app/page.tsx [Server Component]

https://nextjs.org/docs/messages/module-not-found @ http://localhost:3000/_next/static/chunks/node_modules_next_dist_1gdrd03._.js:1945
[ 1024510ms] [ERROR] ./src/app/page.tsx:11:1
Module not found: Can't resolve '@/components/architecture-view'
   9 | import { AgentWorkflow } from "@/components/agent-workflow";
  10 | import { AftermathResult } from "@/components/aftermath-result";
> 11 | import { ArchitectureView } from "@/components/architecture-view";
     | ^^^^^^^^^^^^^^^^^^^^^^^^^^^^^^^^^^^^^^^^^^^^^^^^^^^^^^^^^^^^^^^^^^
  12 | import { Disclaimer } from "@/components/disclaimer";
  13 |
  14 | export default function Home() {

Import map: aliased to relative './src/components/architecture-view' inside of [project]/

Import traces:
  Client Component Browser:
    ./src/app/page.tsx [Client Component Browser]
    ./src/app/page.tsx [Server Component]

  Client Component SSR:
    ./src/app/page.tsx [Client Component SSR]
    ./src/app/page.tsx [Server Component]

https://nextjs.org/docs/messages/module-not-found @ http://localhost:3000/_next/static/chunks/node_modules_next_dist_1gdrd03._.js:1945
[ 1024567ms] [ERROR] ./src/app/page.tsx:11:1
Module not found: Can't resolve '@/components/architecture-view'
   9 | import { AgentWorkflow } from "@/components/agent-workflow";
  10 | import { AftermathResult } from "@/components/aftermath-result";
> 11 | import { ArchitectureView } from "@/components/architecture-view";
     | ^^^^^^^^^^^^^^^^^^^^^^^^^^^^^^^^^^^^^^^^^^^^^^^^^^^^^^^^^^^^^^^^^^
  12 | import { Disclaimer } from "@/components/disclaimer";
  13 |
  14 | export default function Home() {

Import map: aliased to relative './src/components/architecture-view' inside of [project]/

Import traces:
  Client Component Browser:
    ./src/app/page.tsx [Client Component Browser]
    ./src/app/page.tsx [Server Component]

  Client Component SSR:
    ./src/app/page.tsx [Client Component SSR]
    ./src/app/page.tsx [Server Component]

https://nextjs.org/docs/messages/module-not-found @ http://localhost:3000/_next/static/chunks/node_modules_next_dist_1gdrd03._.js:1945
[ 1024634ms] [ERROR] ./src/app/page.tsx:11:1
Module not found: Can't resolve '@/components/architecture-view'
   9 | import { AgentWorkflow } from "@/components/agent-workflow";
  10 | import { AftermathResult } from "@/components/aftermath-result";
> 11 | import { ArchitectureView } from "@/components/architecture-view";
     | ^^^^^^^^^^^^^^^^^^^^^^^^^^^^^^^^^^^^^^^^^^^^^^^^^^^^^^^^^^^^^^^^^^
  12 | import { Disclaimer } from "@/components/disclaimer";
  13 |
  14 | export default function Home() {

Import map: aliased to relative './src/components/architecture-view' inside of [project]/

Import traces:
  Client Component Browser:
    ./src/app/page.tsx [Client Component Browser]
    ./src/app/page.tsx [Server Component]

  Client Component SSR:
    ./src/app/page.tsx [Client Component SSR]
    ./src/app/page.tsx [Server Component]

https://nextjs.org/docs/messages/module-not-found @ http://localhost:3000/_next/static/chunks/node_modules_next_dist_1gdrd03._.js:1945
[ 1024687ms] [ERROR] ./src/app/page.tsx:11:1
Module not found: Can't resolve '@/components/architecture-view'
   9 | import { AgentWorkflow } from "@/components/agent-workflow";
  10 | import { AftermathResult } from "@/components/aftermath-result";
> 11 | import { ArchitectureView } from "@/components/architecture-view";
     | ^^^^^^^^^^^^^^^^^^^^^^^^^^^^^^^^^^^^^^^^^^^^^^^^^^^^^^^^^^^^^^^^^^
  12 | import { Disclaimer } from "@/components/disclaimer";
  13 |
  14 | export default function Home() {

Import map: aliased to relative './src/components/architecture-view' inside of [project]/

Import traces:
  Client Component Browser:
    ./src/app/page.tsx [Client Component Browser]
    ./src/app/page.tsx [Server Component]

  Client Component SSR:
    ./src/app/page.tsx [Client Component SSR]
    ./src/app/page.tsx [Server Component]

https://nextjs.org/docs/messages/module-not-found @ http://localhost:3000/_next/static/chunks/node_modules_next_dist_1gdrd03._.js:1945
[ 1024753ms] [ERROR] ./src/app/page.tsx:11:1
Module not found: Can't resolve '@/components/architecture-view'
   9 | import { AgentWorkflow } from "@/components/agent-workflow";
  10 | import { AftermathResult } from "@/components/aftermath-result";
> 11 | import { ArchitectureView } from "@/components/architecture-view";
     | ^^^^^^^^^^^^^^^^^^^^^^^^^^^^^^^^^^^^^^^^^^^^^^^^^^^^^^^^^^^^^^^^^^
  12 | import { Disclaimer } from "@/components/disclaimer";
  13 |
  14 | export default function Home() {

Import map: aliased to relative './src/components/architecture-view' inside of [project]/

Import traces:
  Client Component Browser:
    ./src/app/page.tsx [Client Component Browser]
    ./src/app/page.tsx [Server Component]

  Client Component SSR:
    ./src/app/page.tsx [Client Component SSR]
    ./src/app/page.tsx [Server Component]

https://nextjs.org/docs/messages/module-not-found @ http://localhost:3000/_next/static/chunks/node_modules_next_dist_1gdrd03._.js:1945
[ 1024817ms] [ERROR] ./src/app/page.tsx:11:1
Module not found: Can't resolve '@/components/architecture-view'
   9 | import { AgentWorkflow } from "@/components/agent-workflow";
  10 | import { AftermathResult } from "@/components/aftermath-result";
> 11 | import { ArchitectureView } from "@/components/architecture-view";
     | ^^^^^^^^^^^^^^^^^^^^^^^^^^^^^^^^^^^^^^^^^^^^^^^^^^^^^^^^^^^^^^^^^^
  12 | import { Disclaimer } from "@/components/disclaimer";
  13 |
  14 | export default function Home() {

Import map: aliased to relative './src/components/architecture-view' inside of [project]/

Import traces:
  Client Component Browser:
    ./src/app/page.tsx [Client Component Browser]
    ./src/app/page.tsx [Server Component]

  Client Component SSR:
    ./src/app/page.tsx [Client Component SSR]
    ./src/app/page.tsx [Server Component]

https://nextjs.org/docs/messages/module-not-found @ http://localhost:3000/_next/static/chunks/node_modules_next_dist_1gdrd03._.js:1945
[ 1024869ms] [ERROR] ./src/app/page.tsx:11:1
Module not found: Can't resolve '@/components/architecture-view'
   9 | import { AgentWorkflow } from "@/components/agent-workflow";
  10 | import { AftermathResult } from "@/components/aftermath-result";
> 11 | import { ArchitectureView } from "@/components/architecture-view";
     | ^^^^^^^^^^^^^^^^^^^^^^^^^^^^^^^^^^^^^^^^^^^^^^^^^^^^^^^^^^^^^^^^^^
  12 | import { Disclaimer } from "@/components/disclaimer";
  13 |
  14 | export default function Home() {

Import map: aliased to relative './src/components/architecture-view' inside of [project]/

Import traces:
  Client Component Browser:
    ./src/app/page.tsx [Client Component Browser]
    ./src/app/page.tsx [Server Component]

  Client Component SSR:
    ./src/app/page.tsx [Client Component SSR]
    ./src/app/page.tsx [Server Component]

https://nextjs.org/docs/messages/module-not-found @ http://localhost:3000/_next/static/chunks/node_modules_next_dist_1gdrd03._.js:1945
[ 1024934ms] [ERROR] ./src/app/page.tsx:11:1
Module not found: Can't resolve '@/components/architecture-view'
   9 | import { AgentWorkflow } from "@/components/agent-workflow";
  10 | import { AftermathResult } from "@/components/aftermath-result";
> 11 | import { ArchitectureView } from "@/components/architecture-view";
     | ^^^^^^^^^^^^^^^^^^^^^^^^^^^^^^^^^^^^^^^^^^^^^^^^^^^^^^^^^^^^^^^^^^
  12 | import { Disclaimer } from "@/components/disclaimer";
  13 |
  14 | export default function Home() {

Import map: aliased to relative './src/components/architecture-view' inside of [project]/

Import traces:
  Client Component Browser:
    ./src/app/page.tsx [Client Component Browser]
    ./src/app/page.tsx [Server Component]

  Client Component SSR:
    ./src/app/page.tsx [Client Component SSR]
    ./src/app/page.tsx [Server Component]

https://nextjs.org/docs/messages/module-not-found @ http://localhost:3000/_next/static/chunks/node_modules_next_dist_1gdrd03._.js:1945
[ 1024985ms] [ERROR] ./src/app/page.tsx:11:1
Module not found: Can't resolve '@/components/architecture-view'
   9 | import { AgentWorkflow } from "@/components/agent-workflow";
  10 | import { AftermathResult } from "@/components/aftermath-result";
> 11 | import { ArchitectureView } from "@/components/architecture-view";
     | ^^^^^^^^^^^^^^^^^^^^^^^^^^^^^^^^^^^^^^^^^^^^^^^^^^^^^^^^^^^^^^^^^^
  12 | import { Disclaimer } from "@/components/disclaimer";
  13 |
  14 | export default function Home() {

Import map: aliased to relative './src/components/architecture-view' inside of [project]/

Import traces:
  Client Component Browser:
    ./src/app/page.tsx [Client Component Browser]
    ./src/app/page.tsx [Server Component]

  Client Component SSR:
    ./src/app/page.tsx [Client Component SSR]
    ./src/app/page.tsx [Server Component]

https://nextjs.org/docs/messages/module-not-found @ http://localhost:3000/_next/static/chunks/node_modules_next_dist_1gdrd03._.js:1945
[ 1025051ms] [ERROR] ./src/app/page.tsx:11:1
Module not found: Can't resolve '@/components/architecture-view'
   9 | import { AgentWorkflow } from "@/components/agent-workflow";
  10 | import { AftermathResult } from "@/components/aftermath-result";
> 11 | import { ArchitectureView } from "@/components/architecture-view";
     | ^^^^^^^^^^^^^^^^^^^^^^^^^^^^^^^^^^^^^^^^^^^^^^^^^^^^^^^^^^^^^^^^^^
  12 | import { Disclaimer } from "@/components/disclaimer";
  13 |
  14 | export default function Home() {

Import map: aliased to relative './src/components/architecture-view' inside of [project]/

Import traces:
  Client Component Browser:
    ./src/app/page.tsx [Client Component Browser]
    ./src/app/page.tsx [Server Component]

  Client Component SSR:
    ./src/app/page.tsx [Client Component SSR]
    ./src/app/page.tsx [Server Component]

https://nextjs.org/docs/messages/module-not-found @ http://localhost:3000/_next/static/chunks/node_modules_next_dist_1gdrd03._.js:1945
[ 1025104ms] [ERROR] ./src/app/page.tsx:11:1
Module not found: Can't resolve '@/components/architecture-view'
   9 | import { AgentWorkflow } from "@/components/agent-workflow";
  10 | import { AftermathResult } from "@/components/aftermath-result";
> 11 | import { ArchitectureView } from "@/components/architecture-view";
     | ^^^^^^^^^^^^^^^^^^^^^^^^^^^^^^^^^^^^^^^^^^^^^^^^^^^^^^^^^^^^^^^^^^
  12 | import { Disclaimer } from "@/components/disclaimer";
  13 |
  14 | export default function Home() {

Import map: aliased to relative './src/components/architecture-view' inside of [project]/

Import traces:
  Client Component Browser:
    ./src/app/page.tsx [Client Component Browser]
    ./src/app/page.tsx [Server Component]

  Client Component SSR:
    ./src/app/page.tsx [Client Component SSR]
    ./src/app/page.tsx [Server Component]

https://nextjs.org/docs/messages/module-not-found @ http://localhost:3000/_next/static/chunks/node_modules_next_dist_1gdrd03._.js:1945
[ 1025170ms] [ERROR] ./src/app/page.tsx:11:1
Module not found: Can't resolve '@/components/architecture-view'
   9 | import { AgentWorkflow } from "@/components/agent-workflow";
  10 | import { AftermathResult } from "@/components/aftermath-result";
> 11 | import { ArchitectureView } from "@/components/architecture-view";
     | ^^^^^^^^^^^^^^^^^^^^^^^^^^^^^^^^^^^^^^^^^^^^^^^^^^^^^^^^^^^^^^^^^^
  12 | import { Disclaimer } from "@/components/disclaimer";
  13 |
  14 | export default function Home() {

Import map: aliased to relative './src/components/architecture-view' inside of [project]/

Import traces:
  Client Component Browser:
    ./src/app/page.tsx [Client Component Browser]
    ./src/app/page.tsx [Server Component]

  Client Component SSR:
    ./src/app/page.tsx [Client Component SSR]
    ./src/app/page.tsx [Server Component]

https://nextjs.org/docs/messages/module-not-found @ http://localhost:3000/_next/static/chunks/node_modules_next_dist_1gdrd03._.js:1945
[ 1025237ms] [ERROR] ./src/app/page.tsx:11:1
Module not found: Can't resolve '@/components/architecture-view'
   9 | import { AgentWorkflow } from "@/components/agent-workflow";
  10 | import { AftermathResult } from "@/components/aftermath-result";
> 11 | import { ArchitectureView } from "@/components/architecture-view";
     | ^^^^^^^^^^^^^^^^^^^^^^^^^^^^^^^^^^^^^^^^^^^^^^^^^^^^^^^^^^^^^^^^^^
  12 | import { Disclaimer } from "@/components/disclaimer";
  13 |
  14 | export default function Home() {

Import map: aliased to relative './src/components/architecture-view' inside of [project]/

Import traces:
  Client Component Browser:
    ./src/app/page.tsx [Client Component Browser]
    ./src/app/page.tsx [Server Component]

  Client Component SSR:
    ./src/app/page.tsx [Client Component SSR]
    ./src/app/page.tsx [Server Component]

https://nextjs.org/docs/messages/module-not-found @ http://localhost:3000/_next/static/chunks/node_modules_next_dist_1gdrd03._.js:1945
[ 1025303ms] [ERROR] ./src/app/page.tsx:11:1
Module not found: Can't resolve '@/components/architecture-view'
   9 | import { AgentWorkflow } from "@/components/agent-workflow";
  10 | import { AftermathResult } from "@/components/aftermath-result";
> 11 | import { ArchitectureView } from "@/components/architecture-view";
     | ^^^^^^^^^^^^^^^^^^^^^^^^^^^^^^^^^^^^^^^^^^^^^^^^^^^^^^^^^^^^^^^^^^
  12 | import { Disclaimer } from "@/components/disclaimer";
  13 |
  14 | export default function Home() {

Import map: aliased to relative './src/components/architecture-view' inside of [project]/

Import traces:
  Client Component Browser:
    ./src/app/page.tsx [Client Component Browser]
    ./src/app/page.tsx [Server Component]

  Client Component SSR:
    ./src/app/page.tsx [Client Component SSR]
    ./src/app/page.tsx [Server Component]

https://nextjs.org/docs/messages/module-not-found @ http://localhost:3000/_next/static/chunks/node_modules_next_dist_1gdrd03._.js:1945
[ 1025370ms] [ERROR] ./src/app/page.tsx:11:1
Module not found: Can't resolve '@/components/architecture-view'
   9 | import { AgentWorkflow } from "@/components/agent-workflow";
  10 | import { AftermathResult } from "@/components/aftermath-result";
> 11 | import { ArchitectureView } from "@/components/architecture-view";
     | ^^^^^^^^^^^^^^^^^^^^^^^^^^^^^^^^^^^^^^^^^^^^^^^^^^^^^^^^^^^^^^^^^^
  12 | import { Disclaimer } from "@/components/disclaimer";
  13 |
  14 | export default function Home() {

Import map: aliased to relative './src/components/architecture-view' inside of [project]/

Import traces:
  Client Component Browser:
    ./src/app/page.tsx [Client Component Browser]
    ./src/app/page.tsx [Server Component]

  Client Component SSR:
    ./src/app/page.tsx [Client Component SSR]
    ./src/app/page.tsx [Server Component]

https://nextjs.org/docs/messages/module-not-found @ http://localhost:3000/_next/static/chunks/node_modules_next_dist_1gdrd03._.js:1945
[ 1025419ms] [ERROR] ./src/app/page.tsx:11:1
Module not found: Can't resolve '@/components/architecture-view'
   9 | import { AgentWorkflow } from "@/components/agent-workflow";
  10 | import { AftermathResult } from "@/components/aftermath-result";
> 11 | import { ArchitectureView } from "@/components/architecture-view";
     | ^^^^^^^^^^^^^^^^^^^^^^^^^^^^^^^^^^^^^^^^^^^^^^^^^^^^^^^^^^^^^^^^^^
  12 | import { Disclaimer } from "@/components/disclaimer";
  13 |
  14 | export default function Home() {

Import map: aliased to relative './src/components/architecture-view' inside of [project]/

Import traces:
  Client Component Browser:
    ./src/app/page.tsx [Client Component Browser]
    ./src/app/page.tsx [Server Component]

  Client Component SSR:
    ./src/app/page.tsx [Client Component SSR]
    ./src/app/page.tsx [Server Component]

https://nextjs.org/docs/messages/module-not-found @ http://localhost:3000/_next/static/chunks/node_modules_next_dist_1gdrd03._.js:1945
[ 1025483ms] [ERROR] ./src/app/page.tsx:11:1
Module not found: Can't resolve '@/components/architecture-view'
   9 | import { AgentWorkflow } from "@/components/agent-workflow";
  10 | import { AftermathResult } from "@/components/aftermath-result";
> 11 | import { ArchitectureView } from "@/components/architecture-view";
     | ^^^^^^^^^^^^^^^^^^^^^^^^^^^^^^^^^^^^^^^^^^^^^^^^^^^^^^^^^^^^^^^^^^
  12 | import { Disclaimer } from "@/components/disclaimer";
  13 |
  14 | export default function Home() {

Import map: aliased to relative './src/components/architecture-view' inside of [project]/

Import traces:
  Client Component Browser:
    ./src/app/page.tsx [Client Component Browser]
    ./src/app/page.tsx [Server Component]

  Client Component SSR:
    ./src/app/page.tsx [Client Component SSR]
    ./src/app/page.tsx [Server Component]

https://nextjs.org/docs/messages/module-not-found @ http://localhost:3000/_next/static/chunks/node_modules_next_dist_1gdrd03._.js:1945
[ 1025553ms] [ERROR] ./src/app/page.tsx:11:1
Module not found: Can't resolve '@/components/architecture-view'
   9 | import { AgentWorkflow } from "@/components/agent-workflow";
  10 | import { AftermathResult } from "@/components/aftermath-result";
> 11 | import { ArchitectureView } from "@/components/architecture-view";
     | ^^^^^^^^^^^^^^^^^^^^^^^^^^^^^^^^^^^^^^^^^^^^^^^^^^^^^^^^^^^^^^^^^^
  12 | import { Disclaimer } from "@/components/disclaimer";
  13 |
  14 | export default function Home() {

Import map: aliased to relative './src/components/architecture-view' inside of [project]/

Import traces:
  Client Component Browser:
    ./src/app/page.tsx [Client Component Browser]
    ./src/app/page.tsx [Server Component]

  Client Component SSR:
    ./src/app/page.tsx [Client Component SSR]
    ./src/app/page.tsx [Server Component]

https://nextjs.org/docs/messages/module-not-found @ http://localhost:3000/_next/static/chunks/node_modules_next_dist_1gdrd03._.js:1945
[ 1025619ms] [ERROR] ./src/app/page.tsx:11:1
Module not found: Can't resolve '@/components/architecture-view'
   9 | import { AgentWorkflow } from "@/components/agent-workflow";
  10 | import { AftermathResult } from "@/components/aftermath-result";
> 11 | import { ArchitectureView } from "@/components/architecture-view";
     | ^^^^^^^^^^^^^^^^^^^^^^^^^^^^^^^^^^^^^^^^^^^^^^^^^^^^^^^^^^^^^^^^^^
  12 | import { Disclaimer } from "@/components/disclaimer";
  13 |
  14 | export default function Home() {

Import map: aliased to relative './src/components/architecture-view' inside of [project]/

Import traces:
  Client Component Browser:
    ./src/app/page.tsx [Client Component Browser]
    ./src/app/page.tsx [Server Component]

  Client Component SSR:
    ./src/app/page.tsx [Client Component SSR]
    ./src/app/page.tsx [Server Component]

https://nextjs.org/docs/messages/module-not-found @ http://localhost:3000/_next/static/chunks/node_modules_next_dist_1gdrd03._.js:1945
[ 1025687ms] [ERROR] ./src/app/page.tsx:11:1
Module not found: Can't resolve '@/components/architecture-view'
   9 | import { AgentWorkflow } from "@/components/agent-workflow";
  10 | import { AftermathResult } from "@/components/aftermath-result";
> 11 | import { ArchitectureView } from "@/components/architecture-view";
     | ^^^^^^^^^^^^^^^^^^^^^^^^^^^^^^^^^^^^^^^^^^^^^^^^^^^^^^^^^^^^^^^^^^
  12 | import { Disclaimer } from "@/components/disclaimer";
  13 |
  14 | export default function Home() {

Import map: aliased to relative './src/components/architecture-view' inside of [project]/

Import traces:
  Client Component Browser:
    ./src/app/page.tsx [Client Component Browser]
    ./src/app/page.tsx [Server Component]

  Client Component SSR:
    ./src/app/page.tsx [Client Component SSR]
    ./src/app/page.tsx [Server Component]

https://nextjs.org/docs/messages/module-not-found @ http://localhost:3000/_next/static/chunks/node_modules_next_dist_1gdrd03._.js:1945
[ 1025737ms] [ERROR] ./src/app/page.tsx:11:1
Module not found: Can't resolve '@/components/architecture-view'
   9 | import { AgentWorkflow } from "@/components/agent-workflow";
  10 | import { AftermathResult } from "@/components/aftermath-result";
> 11 | import { ArchitectureView } from "@/components/architecture-view";
     | ^^^^^^^^^^^^^^^^^^^^^^^^^^^^^^^^^^^^^^^^^^^^^^^^^^^^^^^^^^^^^^^^^^
  12 | import { Disclaimer } from "@/components/disclaimer";
  13 |
  14 | export default function Home() {

Import map: aliased to relative './src/components/architecture-view' inside of [project]/

Import traces:
  Client Component Browser:
    ./src/app/page.tsx [Client Component Browser]
    ./src/app/page.tsx [Server Component]

  Client Component SSR:
    ./src/app/page.tsx [Client Component SSR]
    ./src/app/page.tsx [Server Component]

https://nextjs.org/docs/messages/module-not-found @ http://localhost:3000/_next/static/chunks/node_modules_next_dist_1gdrd03._.js:1945
[ 1025801ms] [ERROR] ./src/app/page.tsx:11:1
Module not found: Can't resolve '@/components/architecture-view'
   9 | import { AgentWorkflow } from "@/components/agent-workflow";
  10 | import { AftermathResult } from "@/components/aftermath-result";
> 11 | import { ArchitectureView } from "@/components/architecture-view";
     | ^^^^^^^^^^^^^^^^^^^^^^^^^^^^^^^^^^^^^^^^^^^^^^^^^^^^^^^^^^^^^^^^^^
  12 | import { Disclaimer } from "@/components/disclaimer";
  13 |
  14 | export default function Home() {

Import map: aliased to relative './src/components/architecture-view' inside of [project]/

Import traces:
  Client Component Browser:
    ./src/app/page.tsx [Client Component Browser]
    ./src/app/page.tsx [Server Component]

  Client Component SSR:
    ./src/app/page.tsx [Client Component SSR]
    ./src/app/page.tsx [Server Component]

https://nextjs.org/docs/messages/module-not-found @ http://localhost:3000/_next/static/chunks/node_modules_next_dist_1gdrd03._.js:1945
[ 1025870ms] [ERROR] ./src/app/page.tsx:11:1
Module not found: Can't resolve '@/components/architecture-view'
   9 | import { AgentWorkflow } from "@/components/agent-workflow";
  10 | import { AftermathResult } from "@/components/aftermath-result";
> 11 | import { ArchitectureView } from "@/components/architecture-view";
     | ^^^^^^^^^^^^^^^^^^^^^^^^^^^^^^^^^^^^^^^^^^^^^^^^^^^^^^^^^^^^^^^^^^
  12 | import { Disclaimer } from "@/components/disclaimer";
  13 |
  14 | export default function Home() {

Import map: aliased to relative './src/components/architecture-view' inside of [project]/

Import traces:
  Client Component Browser:
    ./src/app/page.tsx [Client Component Browser]
    ./src/app/page.tsx [Server Component]

  Client Component SSR:
    ./src/app/page.tsx [Client Component SSR]
    ./src/app/page.tsx [Server Component]

https://nextjs.org/docs/messages/module-not-found @ http://localhost:3000/_next/static/chunks/node_modules_next_dist_1gdrd03._.js:1945
[ 1025933ms] [ERROR] ./src/app/page.tsx:11:1
Module not found: Can't resolve '@/components/architecture-view'
   9 | import { AgentWorkflow } from "@/components/agent-workflow";
  10 | import { AftermathResult } from "@/components/aftermath-result";
> 11 | import { ArchitectureView } from "@/components/architecture-view";
     | ^^^^^^^^^^^^^^^^^^^^^^^^^^^^^^^^^^^^^^^^^^^^^^^^^^^^^^^^^^^^^^^^^^
  12 | import { Disclaimer } from "@/components/disclaimer";
  13 |
  14 | export default function Home() {

Import map: aliased to relative './src/components/architecture-view' inside of [project]/

Import traces:
  Client Component Browser:
    ./src/app/page.tsx [Client Component Browser]
    ./src/app/page.tsx [Server Component]

  Client Component SSR:
    ./src/app/page.tsx [Client Component SSR]
    ./src/app/page.tsx [Server Component]

https://nextjs.org/docs/messages/module-not-found @ http://localhost:3000/_next/static/chunks/node_modules_next_dist_1gdrd03._.js:1945
[ 1025986ms] [ERROR] ./src/app/page.tsx:11:1
Module not found: Can't resolve '@/components/architecture-view'
   9 | import { AgentWorkflow } from "@/components/agent-workflow";
  10 | import { AftermathResult } from "@/components/aftermath-result";
> 11 | import { ArchitectureView } from "@/components/architecture-view";
     | ^^^^^^^^^^^^^^^^^^^^^^^^^^^^^^^^^^^^^^^^^^^^^^^^^^^^^^^^^^^^^^^^^^
  12 | import { Disclaimer } from "@/components/disclaimer";
  13 |
  14 | export default function Home() {

Import map: aliased to relative './src/components/architecture-view' inside of [project]/

Import traces:
  Client Component Browser:
    ./src/app/page.tsx [Client Component Browser]
    ./src/app/page.tsx [Server Component]

  Client Component SSR:
    ./src/app/page.tsx [Client Component SSR]
    ./src/app/page.tsx [Server Component]

https://nextjs.org/docs/messages/module-not-found @ http://localhost:3000/_next/static/chunks/node_modules_next_dist_1gdrd03._.js:1945
[ 1026054ms] [ERROR] ./src/app/page.tsx:11:1
Module not found: Can't resolve '@/components/architecture-view'
   9 | import { AgentWorkflow } from "@/components/agent-workflow";
  10 | import { AftermathResult } from "@/components/aftermath-result";
> 11 | import { ArchitectureView } from "@/components/architecture-view";
     | ^^^^^^^^^^^^^^^^^^^^^^^^^^^^^^^^^^^^^^^^^^^^^^^^^^^^^^^^^^^^^^^^^^
  12 | import { Disclaimer } from "@/components/disclaimer";
  13 |
  14 | export default function Home() {

Import map: aliased to relative './src/components/architecture-view' inside of [project]/

Import traces:
  Client Component Browser:
    ./src/app/page.tsx [Client Component Browser]
    ./src/app/page.tsx [Server Component]

  Client Component SSR:
    ./src/app/page.tsx [Client Component SSR]
    ./src/app/page.tsx [Server Component]

https://nextjs.org/docs/messages/module-not-found @ http://localhost:3000/_next/static/chunks/node_modules_next_dist_1gdrd03._.js:1945
[ 1026119ms] [ERROR] ./src/app/page.tsx:11:1
Module not found: Can't resolve '@/components/architecture-view'
   9 | import { AgentWorkflow } from "@/components/agent-workflow";
  10 | import { AftermathResult } from "@/components/aftermath-result";
> 11 | import { ArchitectureView } from "@/components/architecture-view";
     | ^^^^^^^^^^^^^^^^^^^^^^^^^^^^^^^^^^^^^^^^^^^^^^^^^^^^^^^^^^^^^^^^^^
  12 | import { Disclaimer } from "@/components/disclaimer";
  13 |
  14 | export default function Home() {

Import map: aliased to relative './src/components/architecture-view' inside of [project]/

Import traces:
  Client Component Browser:
    ./src/app/page.tsx [Client Component Browser]
    ./src/app/page.tsx [Server Component]

  Client Component SSR:
    ./src/app/page.tsx [Client Component SSR]
    ./src/app/page.tsx [Server Component]

https://nextjs.org/docs/messages/module-not-found @ http://localhost:3000/_next/static/chunks/node_modules_next_dist_1gdrd03._.js:1945
[ 1026169ms] [ERROR] ./src/app/page.tsx:11:1
Module not found: Can't resolve '@/components/architecture-view'
   9 | import { AgentWorkflow } from "@/components/agent-workflow";
  10 | import { AftermathResult } from "@/components/aftermath-result";
> 11 | import { ArchitectureView } from "@/components/architecture-view";
     | ^^^^^^^^^^^^^^^^^^^^^^^^^^^^^^^^^^^^^^^^^^^^^^^^^^^^^^^^^^^^^^^^^^
  12 | import { Disclaimer } from "@/components/disclaimer";
  13 |
  14 | export default function Home() {

Import map: aliased to relative './src/components/architecture-view' inside of [project]/

Import traces:
  Client Component Browser:
    ./src/app/page.tsx [Client Component Browser]
    ./src/app/page.tsx [Server Component]

  Client Component SSR:
    ./src/app/page.tsx [Client Component SSR]
    ./src/app/page.tsx [Server Component]

https://nextjs.org/docs/messages/module-not-found @ http://localhost:3000/_next/static/chunks/node_modules_next_dist_1gdrd03._.js:1945
[ 1026235ms] [ERROR] ./src/app/page.tsx:11:1
Module not found: Can't resolve '@/components/architecture-view'
   9 | import { AgentWorkflow } from "@/components/agent-workflow";
  10 | import { AftermathResult } from "@/components/aftermath-result";
> 11 | import { ArchitectureView } from "@/components/architecture-view";
     | ^^^^^^^^^^^^^^^^^^^^^^^^^^^^^^^^^^^^^^^^^^^^^^^^^^^^^^^^^^^^^^^^^^
  12 | import { Disclaimer } from "@/components/disclaimer";
  13 |
  14 | export default function Home() {

Import map: aliased to relative './src/components/architecture-view' inside of [project]/

Import traces:
  Client Component Browser:
    ./src/app/page.tsx [Client Component Browser]
    ./src/app/page.tsx [Server Component]

  Client Component SSR:
    ./src/app/page.tsx [Client Component SSR]
    ./src/app/page.tsx [Server Component]

https://nextjs.org/docs/messages/module-not-found @ http://localhost:3000/_next/static/chunks/node_modules_next_dist_1gdrd03._.js:1945
[ 1026287ms] [ERROR] ./src/app/page.tsx:11:1
Module not found: Can't resolve '@/components/architecture-view'
   9 | import { AgentWorkflow } from "@/components/agent-workflow";
  10 | import { AftermathResult } from "@/components/aftermath-result";
> 11 | import { ArchitectureView } from "@/components/architecture-view";
     | ^^^^^^^^^^^^^^^^^^^^^^^^^^^^^^^^^^^^^^^^^^^^^^^^^^^^^^^^^^^^^^^^^^
  12 | import { Disclaimer } from "@/components/disclaimer";
  13 |
  14 | export default function Home() {

Import map: aliased to relative './src/components/architecture-view' inside of [project]/

Import traces:
  Client Component Browser:
    ./src/app/page.tsx [Client Component Browser]
    ./src/app/page.tsx [Server Component]

  Client Component SSR:
    ./src/app/page.tsx [Client Component SSR]
    ./src/app/page.tsx [Server Component]

https://nextjs.org/docs/messages/module-not-found @ http://localhost:3000/_next/static/chunks/node_modules_next_dist_1gdrd03._.js:1945
[ 1026353ms] [ERROR] ./src/app/page.tsx:11:1
Module not found: Can't resolve '@/components/architecture-view'
   9 | import { AgentWorkflow } from "@/components/agent-workflow";
  10 | import { AftermathResult } from "@/components/aftermath-result";
> 11 | import { ArchitectureView } from "@/components/architecture-view";
     | ^^^^^^^^^^^^^^^^^^^^^^^^^^^^^^^^^^^^^^^^^^^^^^^^^^^^^^^^^^^^^^^^^^
  12 | import { Disclaimer } from "@/components/disclaimer";
  13 |
  14 | export default function Home() {

Import map: aliased to relative './src/components/architecture-view' inside of [project]/

Import traces:
  Client Component Browser:
    ./src/app/page.tsx [Client Component Browser]
    ./src/app/page.tsx [Server Component]

  Client Component SSR:
    ./src/app/page.tsx [Client Component SSR]
    ./src/app/page.tsx [Server Component]

https://nextjs.org/docs/messages/module-not-found @ http://localhost:3000/_next/static/chunks/node_modules_next_dist_1gdrd03._.js:1945
[ 1026419ms] [ERROR] ./src/app/page.tsx:11:1
Module not found: Can't resolve '@/components/architecture-view'
   9 | import { AgentWorkflow } from "@/components/agent-workflow";
  10 | import { AftermathResult } from "@/components/aftermath-result";
> 11 | import { ArchitectureView } from "@/components/architecture-view";
     | ^^^^^^^^^^^^^^^^^^^^^^^^^^^^^^^^^^^^^^^^^^^^^^^^^^^^^^^^^^^^^^^^^^
  12 | import { Disclaimer } from "@/components/disclaimer";
  13 |
  14 | export default function Home() {

Import map: aliased to relative './src/components/architecture-view' inside of [project]/

Import traces:
  Client Component Browser:
    ./src/app/page.tsx [Client Component Browser]
    ./src/app/page.tsx [Server Component]

  Client Component SSR:
    ./src/app/page.tsx [Client Component SSR]
    ./src/app/page.tsx [Server Component]

https://nextjs.org/docs/messages/module-not-found @ http://localhost:3000/_next/static/chunks/node_modules_next_dist_1gdrd03._.js:1945
[ 1026467ms] [ERROR] ./src/app/page.tsx:11:1
Module not found: Can't resolve '@/components/architecture-view'
   9 | import { AgentWorkflow } from "@/components/agent-workflow";
  10 | import { AftermathResult } from "@/components/aftermath-result";
> 11 | import { ArchitectureView } from "@/components/architecture-view";
     | ^^^^^^^^^^^^^^^^^^^^^^^^^^^^^^^^^^^^^^^^^^^^^^^^^^^^^^^^^^^^^^^^^^
  12 | import { Disclaimer } from "@/components/disclaimer";
  13 |
  14 | export default function Home() {

Import map: aliased to relative './src/components/architecture-view' inside of [project]/

Import traces:
  Client Component Browser:
    ./src/app/page.tsx [Client Component Browser]
    ./src/app/page.tsx [Server Component]

  Client Component SSR:
    ./src/app/page.tsx [Client Component SSR]
    ./src/app/page.tsx [Server Component]

https://nextjs.org/docs/messages/module-not-found @ http://localhost:3000/_next/static/chunks/node_modules_next_dist_1gdrd03._.js:1945
[ 1026521ms] [ERROR] ./src/app/page.tsx:11:1
Module not found: Can't resolve '@/components/architecture-view'
   9 | import { AgentWorkflow } from "@/components/agent-workflow";
  10 | import { AftermathResult } from "@/components/aftermath-result";
> 11 | import { ArchitectureView } from "@/components/architecture-view";
     | ^^^^^^^^^^^^^^^^^^^^^^^^^^^^^^^^^^^^^^^^^^^^^^^^^^^^^^^^^^^^^^^^^^
  12 | import { Disclaimer } from "@/components/disclaimer";
  13 |
  14 | export default function Home() {

Import map: aliased to relative './src/components/architecture-view' inside of [project]/

Import traces:
  Client Component Browser:
    ./src/app/page.tsx [Client Component Browser]
    ./src/app/page.tsx [Server Component]

  Client Component SSR:
    ./src/app/page.tsx [Client Component SSR]
    ./src/app/page.tsx [Server Component]

https://nextjs.org/docs/messages/module-not-found @ http://localhost:3000/_next/static/chunks/node_modules_next_dist_1gdrd03._.js:1945
[ 1026580ms] [ERROR] ./src/app/page.tsx:11:1
Module not found: Can't resolve '@/components/architecture-view'
   9 | import { AgentWorkflow } from "@/components/agent-workflow";
  10 | import { AftermathResult } from "@/components/aftermath-result";
> 11 | import { ArchitectureView } from "@/components/architecture-view";
     | ^^^^^^^^^^^^^^^^^^^^^^^^^^^^^^^^^^^^^^^^^^^^^^^^^^^^^^^^^^^^^^^^^^
  12 | import { Disclaimer } from "@/components/disclaimer";
  13 |
  14 | export default function Home() {

Import map: aliased to relative './src/components/architecture-view' inside of [project]/

Import traces:
  Client Component Browser:
    ./src/app/page.tsx [Client Component Browser]
    ./src/app/page.tsx [Server Component]

  Client Component SSR:
    ./src/app/page.tsx [Client Component SSR]
    ./src/app/page.tsx [Server Component]

https://nextjs.org/docs/messages/module-not-found @ http://localhost:3000/_next/static/chunks/node_modules_next_dist_1gdrd03._.js:1945
[ 1026620ms] [ERROR] ./src/app/page.tsx:11:1
Module not found: Can't resolve '@/components/architecture-view'
   9 | import { AgentWorkflow } from "@/components/agent-workflow";
  10 | import { AftermathResult } from "@/components/aftermath-result";
> 11 | import { ArchitectureView } from "@/components/architecture-view";
     | ^^^^^^^^^^^^^^^^^^^^^^^^^^^^^^^^^^^^^^^^^^^^^^^^^^^^^^^^^^^^^^^^^^
  12 | import { Disclaimer } from "@/components/disclaimer";
  13 |
  14 | export default function Home() {

Import map: aliased to relative './src/components/architecture-view' inside of [project]/

Import traces:
  Client Component Browser:
    ./src/app/page.tsx [Client Component Browser]
    ./src/app/page.tsx [Server Component]

  Client Component SSR:
    ./src/app/page.tsx [Client Component SSR]
    ./src/app/page.tsx [Server Component]

https://nextjs.org/docs/messages/module-not-found @ http://localhost:3000/_next/static/chunks/node_modules_next_dist_1gdrd03._.js:1945
[ 1026686ms] [ERROR] ./src/app/page.tsx:11:1
Module not found: Can't resolve '@/components/architecture-view'
   9 | import { AgentWorkflow } from "@/components/agent-workflow";
  10 | import { AftermathResult } from "@/components/aftermath-result";
> 11 | import { ArchitectureView } from "@/components/architecture-view";
     | ^^^^^^^^^^^^^^^^^^^^^^^^^^^^^^^^^^^^^^^^^^^^^^^^^^^^^^^^^^^^^^^^^^
  12 | import { Disclaimer } from "@/components/disclaimer";
  13 |
  14 | export default function Home() {

Import map: aliased to relative './src/components/architecture-view' inside of [project]/

Import traces:
  Client Component Browser:
    ./src/app/page.tsx [Client Component Browser]
    ./src/app/page.tsx [Server Component]

  Client Component SSR:
    ./src/app/page.tsx [Client Component SSR]
    ./src/app/page.tsx [Server Component]

https://nextjs.org/docs/messages/module-not-found @ http://localhost:3000/_next/static/chunks/node_modules_next_dist_1gdrd03._.js:1945
[ 1026753ms] [ERROR] ./src/app/page.tsx:11:1
Module not found: Can't resolve '@/components/architecture-view'
   9 | import { AgentWorkflow } from "@/components/agent-workflow";
  10 | import { AftermathResult } from "@/components/aftermath-result";
> 11 | import { ArchitectureView } from "@/components/architecture-view";
     | ^^^^^^^^^^^^^^^^^^^^^^^^^^^^^^^^^^^^^^^^^^^^^^^^^^^^^^^^^^^^^^^^^^
  12 | import { Disclaimer } from "@/components/disclaimer";
  13 |
  14 | export default function Home() {

Import map: aliased to relative './src/components/architecture-view' inside of [project]/

Import traces:
  Client Component Browser:
    ./src/app/page.tsx [Client Component Browser]
    ./src/app/page.tsx [Server Component]

  Client Component SSR:
    ./src/app/page.tsx [Client Component SSR]
    ./src/app/page.tsx [Server Component]

https://nextjs.org/docs/messages/module-not-found @ http://localhost:3000/_next/static/chunks/node_modules_next_dist_1gdrd03._.js:1945
[ 1026819ms] [ERROR] ./src/app/page.tsx:11:1
Module not found: Can't resolve '@/components/architecture-view'
   9 | import { AgentWorkflow } from "@/components/agent-workflow";
  10 | import { AftermathResult } from "@/components/aftermath-result";
> 11 | import { ArchitectureView } from "@/components/architecture-view";
     | ^^^^^^^^^^^^^^^^^^^^^^^^^^^^^^^^^^^^^^^^^^^^^^^^^^^^^^^^^^^^^^^^^^
  12 | import { Disclaimer } from "@/components/disclaimer";
  13 |
  14 | export default function Home() {

Import map: aliased to relative './src/components/architecture-view' inside of [project]/

Import traces:
  Client Component Browser:
    ./src/app/page.tsx [Client Component Browser]
    ./src/app/page.tsx [Server Component]

  Client Component SSR:
    ./src/app/page.tsx [Client Component SSR]
    ./src/app/page.tsx [Server Component]

https://nextjs.org/docs/messages/module-not-found @ http://localhost:3000/_next/static/chunks/node_modules_next_dist_1gdrd03._.js:1945
[ 1026886ms] [ERROR] ./src/app/page.tsx:11:1
Module not found: Can't resolve '@/components/architecture-view'
   9 | import { AgentWorkflow } from "@/components/agent-workflow";
  10 | import { AftermathResult } from "@/components/aftermath-result";
> 11 | import { ArchitectureView } from "@/components/architecture-view";
     | ^^^^^^^^^^^^^^^^^^^^^^^^^^^^^^^^^^^^^^^^^^^^^^^^^^^^^^^^^^^^^^^^^^
  12 | import { Disclaimer } from "@/components/disclaimer";
  13 |
  14 | export default function Home() {

Import map: aliased to relative './src/components/architecture-view' inside of [project]/

Import traces:
  Client Component Browser:
    ./src/app/page.tsx [Client Component Browser]
    ./src/app/page.tsx [Server Component]

  Client Component SSR:
    ./src/app/page.tsx [Client Component SSR]
    ./src/app/page.tsx [Server Component]

https://nextjs.org/docs/messages/module-not-found @ http://localhost:3000/_next/static/chunks/node_modules_next_dist_1gdrd03._.js:1945
[ 1026954ms] [ERROR] ./src/app/page.tsx:11:1
Module not found: Can't resolve '@/components/architecture-view'
   9 | import { AgentWorkflow } from "@/components/agent-workflow";
  10 | import { AftermathResult } from "@/components/aftermath-result";
> 11 | import { ArchitectureView } from "@/components/architecture-view";
     | ^^^^^^^^^^^^^^^^^^^^^^^^^^^^^^^^^^^^^^^^^^^^^^^^^^^^^^^^^^^^^^^^^^
  12 | import { Disclaimer } from "@/components/disclaimer";
  13 |
  14 | export default function Home() {

Import map: aliased to relative './src/components/architecture-view' inside of [project]/

Import traces:
  Client Component Browser:
    ./src/app/page.tsx [Client Component Browser]
    ./src/app/page.tsx [Server Component]

  Client Component SSR:
    ./src/app/page.tsx [Client Component SSR]
    ./src/app/page.tsx [Server Component]

https://nextjs.org/docs/messages/module-not-found @ http://localhost:3000/_next/static/chunks/node_modules_next_dist_1gdrd03._.js:1945
[ 1027003ms] [ERROR] ./src/app/page.tsx:11:1
Module not found: Can't resolve '@/components/architecture-view'
   9 | import { AgentWorkflow } from "@/components/agent-workflow";
  10 | import { AftermathResult } from "@/components/aftermath-result";
> 11 | import { ArchitectureView } from "@/components/architecture-view";
     | ^^^^^^^^^^^^^^^^^^^^^^^^^^^^^^^^^^^^^^^^^^^^^^^^^^^^^^^^^^^^^^^^^^
  12 | import { Disclaimer } from "@/components/disclaimer";
  13 |
  14 | export default function Home() {

Import map: aliased to relative './src/components/architecture-view' inside of [project]/

Import traces:
  Client Component Browser:
    ./src/app/page.tsx [Client Component Browser]
    ./src/app/page.tsx [Server Component]

  Client Component SSR:
    ./src/app/page.tsx [Client Component SSR]
    ./src/app/page.tsx [Server Component]

https://nextjs.org/docs/messages/module-not-found @ http://localhost:3000/_next/static/chunks/node_modules_next_dist_1gdrd03._.js:1945
[ 1027069ms] [ERROR] ./src/app/page.tsx:11:1
Module not found: Can't resolve '@/components/architecture-view'
   9 | import { AgentWorkflow } from "@/components/agent-workflow";
  10 | import { AftermathResult } from "@/components/aftermath-result";
> 11 | import { ArchitectureView } from "@/components/architecture-view";
     | ^^^^^^^^^^^^^^^^^^^^^^^^^^^^^^^^^^^^^^^^^^^^^^^^^^^^^^^^^^^^^^^^^^
  12 | import { Disclaimer } from "@/components/disclaimer";
  13 |
  14 | export default function Home() {

Import map: aliased to relative './src/components/architecture-view' inside of [project]/

Import traces:
  Client Component Browser:
    ./src/app/page.tsx [Client Component Browser]
    ./src/app/page.tsx [Server Component]

  Client Component SSR:
    ./src/app/page.tsx [Client Component SSR]
    ./src/app/page.tsx [Server Component]

https://nextjs.org/docs/messages/module-not-found @ http://localhost:3000/_next/static/chunks/node_modules_next_dist_1gdrd03._.js:1945
[ 1027136ms] [ERROR] ./src/app/page.tsx:11:1
Module not found: Can't resolve '@/components/architecture-view'
   9 | import { AgentWorkflow } from "@/components/agent-workflow";
  10 | import { AftermathResult } from "@/components/aftermath-result";
> 11 | import { ArchitectureView } from "@/components/architecture-view";
     | ^^^^^^^^^^^^^^^^^^^^^^^^^^^^^^^^^^^^^^^^^^^^^^^^^^^^^^^^^^^^^^^^^^
  12 | import { Disclaimer } from "@/components/disclaimer";
  13 |
  14 | export default function Home() {

Import map: aliased to relative './src/components/architecture-view' inside of [project]/

Import traces:
  Client Component Browser:
    ./src/app/page.tsx [Client Component Browser]
    ./src/app/page.tsx [Server Component]

  Client Component SSR:
    ./src/app/page.tsx [Client Component SSR]
    ./src/app/page.tsx [Server Component]

https://nextjs.org/docs/messages/module-not-found @ http://localhost:3000/_next/static/chunks/node_modules_next_dist_1gdrd03._.js:1945
[ 1027202ms] [ERROR] ./src/app/page.tsx:11:1
Module not found: Can't resolve '@/components/architecture-view'
   9 | import { AgentWorkflow } from "@/components/agent-workflow";
  10 | import { AftermathResult } from "@/components/aftermath-result";
> 11 | import { ArchitectureView } from "@/components/architecture-view";
     | ^^^^^^^^^^^^^^^^^^^^^^^^^^^^^^^^^^^^^^^^^^^^^^^^^^^^^^^^^^^^^^^^^^
  12 | import { Disclaimer } from "@/components/disclaimer";
  13 |
  14 | export default function Home() {

Import map: aliased to relative './src/components/architecture-view' inside of [project]/

Import traces:
  Client Component Browser:
    ./src/app/page.tsx [Client Component Browser]
    ./src/app/page.tsx [Server Component]

  Client Component SSR:
    ./src/app/page.tsx [Client Component SSR]
    ./src/app/page.tsx [Server Component]

https://nextjs.org/docs/messages/module-not-found @ http://localhost:3000/_next/static/chunks/node_modules_next_dist_1gdrd03._.js:1945
[ 1027253ms] [ERROR] ./src/app/page.tsx:11:1
Module not found: Can't resolve '@/components/architecture-view'
   9 | import { AgentWorkflow } from "@/components/agent-workflow";
  10 | import { AftermathResult } from "@/components/aftermath-result";
> 11 | import { ArchitectureView } from "@/components/architecture-view";
     | ^^^^^^^^^^^^^^^^^^^^^^^^^^^^^^^^^^^^^^^^^^^^^^^^^^^^^^^^^^^^^^^^^^
  12 | import { Disclaimer } from "@/components/disclaimer";
  13 |
  14 | export default function Home() {

Import map: aliased to relative './src/components/architecture-view' inside of [project]/

Import traces:
  Client Component Browser:
    ./src/app/page.tsx [Client Component Browser]
    ./src/app/page.tsx [Server Component]

  Client Component SSR:
    ./src/app/page.tsx [Client Component SSR]
    ./src/app/page.tsx [Server Component]

https://nextjs.org/docs/messages/module-not-found @ http://localhost:3000/_next/static/chunks/node_modules_next_dist_1gdrd03._.js:1945
[ 1027320ms] [ERROR] ./src/app/page.tsx:11:1
Module not found: Can't resolve '@/components/architecture-view'
   9 | import { AgentWorkflow } from "@/components/agent-workflow";
  10 | import { AftermathResult } from "@/components/aftermath-result";
> 11 | import { ArchitectureView } from "@/components/architecture-view";
     | ^^^^^^^^^^^^^^^^^^^^^^^^^^^^^^^^^^^^^^^^^^^^^^^^^^^^^^^^^^^^^^^^^^
  12 | import { Disclaimer } from "@/components/disclaimer";
  13 |
  14 | export default function Home() {

Import map: aliased to relative './src/components/architecture-view' inside of [project]/

Import traces:
  Client Component Browser:
    ./src/app/page.tsx [Client Component Browser]
    ./src/app/page.tsx [Server Component]

  Client Component SSR:
    ./src/app/page.tsx [Client Component SSR]
    ./src/app/page.tsx [Server Component]

https://nextjs.org/docs/messages/module-not-found @ http://localhost:3000/_next/static/chunks/node_modules_next_dist_1gdrd03._.js:1945
[ 1027386ms] [ERROR] ./src/app/page.tsx:11:1
Module not found: Can't resolve '@/components/architecture-view'
   9 | import { AgentWorkflow } from "@/components/agent-workflow";
  10 | import { AftermathResult } from "@/components/aftermath-result";
> 11 | import { ArchitectureView } from "@/components/architecture-view";
     | ^^^^^^^^^^^^^^^^^^^^^^^^^^^^^^^^^^^^^^^^^^^^^^^^^^^^^^^^^^^^^^^^^^
  12 | import { Disclaimer } from "@/components/disclaimer";
  13 |
  14 | export default function Home() {

Import map: aliased to relative './src/components/architecture-view' inside of [project]/

Import traces:
  Client Component Browser:
    ./src/app/page.tsx [Client Component Browser]
    ./src/app/page.tsx [Server Component]

  Client Component SSR:
    ./src/app/page.tsx [Client Component SSR]
    ./src/app/page.tsx [Server Component]

https://nextjs.org/docs/messages/module-not-found @ http://localhost:3000/_next/static/chunks/node_modules_next_dist_1gdrd03._.js:1945
[ 1027436ms] [ERROR] ./src/app/page.tsx:11:1
Module not found: Can't resolve '@/components/architecture-view'
   9 | import { AgentWorkflow } from "@/components/agent-workflow";
  10 | import { AftermathResult } from "@/components/aftermath-result";
> 11 | import { ArchitectureView } from "@/components/architecture-view";
     | ^^^^^^^^^^^^^^^^^^^^^^^^^^^^^^^^^^^^^^^^^^^^^^^^^^^^^^^^^^^^^^^^^^
  12 | import { Disclaimer } from "@/components/disclaimer";
  13 |
  14 | export default function Home() {

Import map: aliased to relative './src/components/architecture-view' inside of [project]/

Import traces:
  Client Component Browser:
    ./src/app/page.tsx [Client Component Browser]
    ./src/app/page.tsx [Server Component]

  Client Component SSR:
    ./src/app/page.tsx [Client Component SSR]
    ./src/app/page.tsx [Server Component]

https://nextjs.org/docs/messages/module-not-found @ http://localhost:3000/_next/static/chunks/node_modules_next_dist_1gdrd03._.js:1945
[ 1027486ms] [ERROR] ./src/app/page.tsx:11:1
Module not found: Can't resolve '@/components/architecture-view'
   9 | import { AgentWorkflow } from "@/components/agent-workflow";
  10 | import { AftermathResult } from "@/components/aftermath-result";
> 11 | import { ArchitectureView } from "@/components/architecture-view";
     | ^^^^^^^^^^^^^^^^^^^^^^^^^^^^^^^^^^^^^^^^^^^^^^^^^^^^^^^^^^^^^^^^^^
  12 | import { Disclaimer } from "@/components/disclaimer";
  13 |
  14 | export default function Home() {

Import map: aliased to relative './src/components/architecture-view' inside of [project]/

Import traces:
  Client Component Browser:
    ./src/app/page.tsx [Client Component Browser]
    ./src/app/page.tsx [Server Component]

  Client Component SSR:
    ./src/app/page.tsx [Client Component SSR]
    ./src/app/page.tsx [Server Component]

https://nextjs.org/docs/messages/module-not-found @ http://localhost:3000/_next/static/chunks/node_modules_next_dist_1gdrd03._.js:1945
[ 1027554ms] [ERROR] ./src/app/page.tsx:11:1
Module not found: Can't resolve '@/components/architecture-view'
   9 | import { AgentWorkflow } from "@/components/agent-workflow";
  10 | import { AftermathResult } from "@/components/aftermath-result";
> 11 | import { ArchitectureView } from "@/components/architecture-view";
     | ^^^^^^^^^^^^^^^^^^^^^^^^^^^^^^^^^^^^^^^^^^^^^^^^^^^^^^^^^^^^^^^^^^
  12 | import { Disclaimer } from "@/components/disclaimer";
  13 |
  14 | export default function Home() {

Import map: aliased to relative './src/components/architecture-view' inside of [project]/

Import traces:
  Client Component Browser:
    ./src/app/page.tsx [Client Component Browser]
    ./src/app/page.tsx [Server Component]

  Client Component SSR:
    ./src/app/page.tsx [Client Component SSR]
    ./src/app/page.tsx [Server Component]

https://nextjs.org/docs/messages/module-not-found @ http://localhost:3000/_next/static/chunks/node_modules_next_dist_1gdrd03._.js:1945
[ 1027602ms] [ERROR] ./src/app/page.tsx:11:1
Module not found: Can't resolve '@/components/architecture-view'
   9 | import { AgentWorkflow } from "@/components/agent-workflow";
  10 | import { AftermathResult } from "@/components/aftermath-result";
> 11 | import { ArchitectureView } from "@/components/architecture-view";
     | ^^^^^^^^^^^^^^^^^^^^^^^^^^^^^^^^^^^^^^^^^^^^^^^^^^^^^^^^^^^^^^^^^^
  12 | import { Disclaimer } from "@/components/disclaimer";
  13 |
  14 | export default function Home() {

Import map: aliased to relative './src/components/architecture-view' inside of [project]/

Import traces:
  Client Component Browser:
    ./src/app/page.tsx [Client Component Browser]
    ./src/app/page.tsx [Server Component]

  Client Component SSR:
    ./src/app/page.tsx [Client Component SSR]
    ./src/app/page.tsx [Server Component]

https://nextjs.org/docs/messages/module-not-found @ http://localhost:3000/_next/static/chunks/node_modules_next_dist_1gdrd03._.js:1945
[ 1027653ms] [ERROR] ./src/app/page.tsx:11:1
Module not found: Can't resolve '@/components/architecture-view'
   9 | import { AgentWorkflow } from "@/components/agent-workflow";
  10 | import { AftermathResult } from "@/components/aftermath-result";
> 11 | import { ArchitectureView } from "@/components/architecture-view";
     | ^^^^^^^^^^^^^^^^^^^^^^^^^^^^^^^^^^^^^^^^^^^^^^^^^^^^^^^^^^^^^^^^^^
  12 | import { Disclaimer } from "@/components/disclaimer";
  13 |
  14 | export default function Home() {

Import map: aliased to relative './src/components/architecture-view' inside of [project]/

Import traces:
  Client Component Browser:
    ./src/app/page.tsx [Client Component Browser]
    ./src/app/page.tsx [Server Component]

  Client Component SSR:
    ./src/app/page.tsx [Client Component SSR]
    ./src/app/page.tsx [Server Component]

https://nextjs.org/docs/messages/module-not-found @ http://localhost:3000/_next/static/chunks/node_modules_next_dist_1gdrd03._.js:1945
[ 1027719ms] [ERROR] ./src/app/page.tsx:11:1
Module not found: Can't resolve '@/components/architecture-view'
   9 | import { AgentWorkflow } from "@/components/agent-workflow";
  10 | import { AftermathResult } from "@/components/aftermath-result";
> 11 | import { ArchitectureView } from "@/components/architecture-view";
     | ^^^^^^^^^^^^^^^^^^^^^^^^^^^^^^^^^^^^^^^^^^^^^^^^^^^^^^^^^^^^^^^^^^
  12 | import { Disclaimer } from "@/components/disclaimer";
  13 |
  14 | export default function Home() {

Import map: aliased to relative './src/components/architecture-view' inside of [project]/

Import traces:
  Client Component Browser:
    ./src/app/page.tsx [Client Component Browser]
    ./src/app/page.tsx [Server Component]

  Client Component SSR:
    ./src/app/page.tsx [Client Component SSR]
    ./src/app/page.tsx [Server Component]

https://nextjs.org/docs/messages/module-not-found @ http://localhost:3000/_next/static/chunks/node_modules_next_dist_1gdrd03._.js:1945
[ 1027786ms] [ERROR] ./src/app/page.tsx:11:1
Module not found: Can't resolve '@/components/architecture-view'
   9 | import { AgentWorkflow } from "@/components/agent-workflow";
  10 | import { AftermathResult } from "@/components/aftermath-result";
> 11 | import { ArchitectureView } from "@/components/architecture-view";
     | ^^^^^^^^^^^^^^^^^^^^^^^^^^^^^^^^^^^^^^^^^^^^^^^^^^^^^^^^^^^^^^^^^^
  12 | import { Disclaimer } from "@/components/disclaimer";
  13 |
  14 | export default function Home() {

Import map: aliased to relative './src/components/architecture-view' inside of [project]/

Import traces:
  Client Component Browser:
    ./src/app/page.tsx [Client Component Browser]
    ./src/app/page.tsx [Server Component]

  Client Component SSR:
    ./src/app/page.tsx [Client Component SSR]
    ./src/app/page.tsx [Server Component]

https://nextjs.org/docs/messages/module-not-found @ http://localhost:3000/_next/static/chunks/node_modules_next_dist_1gdrd03._.js:1945
[ 1027852ms] [ERROR] ./src/app/page.tsx:11:1
Module not found: Can't resolve '@/components/architecture-view'
   9 | import { AgentWorkflow } from "@/components/agent-workflow";
  10 | import { AftermathResult } from "@/components/aftermath-result";
> 11 | import { ArchitectureView } from "@/components/architecture-view";
     | ^^^^^^^^^^^^^^^^^^^^^^^^^^^^^^^^^^^^^^^^^^^^^^^^^^^^^^^^^^^^^^^^^^
  12 | import { Disclaimer } from "@/components/disclaimer";
  13 |
  14 | export default function Home() {

Import map: aliased to relative './src/components/architecture-view' inside of [project]/

Import traces:
  Client Component Browser:
    ./src/app/page.tsx [Client Component Browser]
    ./src/app/page.tsx [Server Component]

  Client Component SSR:
    ./src/app/page.tsx [Client Component SSR]
    ./src/app/page.tsx [Server Component]

https://nextjs.org/docs/messages/module-not-found @ http://localhost:3000/_next/static/chunks/node_modules_next_dist_1gdrd03._.js:1945
[ 1027902ms] [ERROR] ./src/app/page.tsx:11:1
Module not found: Can't resolve '@/components/architecture-view'
   9 | import { AgentWorkflow } from "@/components/agent-workflow";
  10 | import { AftermathResult } from "@/components/aftermath-result";
> 11 | import { ArchitectureView } from "@/components/architecture-view";
     | ^^^^^^^^^^^^^^^^^^^^^^^^^^^^^^^^^^^^^^^^^^^^^^^^^^^^^^^^^^^^^^^^^^
  12 | import { Disclaimer } from "@/components/disclaimer";
  13 |
  14 | export default function Home() {

Import map: aliased to relative './src/components/architecture-view' inside of [project]/

Import traces:
  Client Component Browser:
    ./src/app/page.tsx [Client Component Browser]
    ./src/app/page.tsx [Server Component]

  Client Component SSR:
    ./src/app/page.tsx [Client Component SSR]
    ./src/app/page.tsx [Server Component]

https://nextjs.org/docs/messages/module-not-found @ http://localhost:3000/_next/static/chunks/node_modules_next_dist_1gdrd03._.js:1945
[ 1027968ms] [ERROR] ./src/app/page.tsx:11:1
Module not found: Can't resolve '@/components/architecture-view'
   9 | import { AgentWorkflow } from "@/components/agent-workflow";
  10 | import { AftermathResult } from "@/components/aftermath-result";
> 11 | import { ArchitectureView } from "@/components/architecture-view";
     | ^^^^^^^^^^^^^^^^^^^^^^^^^^^^^^^^^^^^^^^^^^^^^^^^^^^^^^^^^^^^^^^^^^
  12 | import { Disclaimer } from "@/components/disclaimer";
  13 |
  14 | export default function Home() {

Import map: aliased to relative './src/components/architecture-view' inside of [project]/

Import traces:
  Client Component Browser:
    ./src/app/page.tsx [Client Component Browser]
    ./src/app/page.tsx [Server Component]

  Client Component SSR:
    ./src/app/page.tsx [Client Component SSR]
    ./src/app/page.tsx [Server Component]

https://nextjs.org/docs/messages/module-not-found @ http://localhost:3000/_next/static/chunks/node_modules_next_dist_1gdrd03._.js:1945
[ 1028019ms] [ERROR] ./src/app/page.tsx:11:1
Module not found: Can't resolve '@/components/architecture-view'
   9 | import { AgentWorkflow } from "@/components/agent-workflow";
  10 | import { AftermathResult } from "@/components/aftermath-result";
> 11 | import { ArchitectureView } from "@/components/architecture-view";
     | ^^^^^^^^^^^^^^^^^^^^^^^^^^^^^^^^^^^^^^^^^^^^^^^^^^^^^^^^^^^^^^^^^^
  12 | import { Disclaimer } from "@/components/disclaimer";
  13 |
  14 | export default function Home() {

Import map: aliased to relative './src/components/architecture-view' inside of [project]/

Import traces:
  Client Component Browser:
    ./src/app/page.tsx [Client Component Browser]
    ./src/app/page.tsx [Server Component]

  Client Component SSR:
    ./src/app/page.tsx [Client Component SSR]
    ./src/app/page.tsx [Server Component]

https://nextjs.org/docs/messages/module-not-found @ http://localhost:3000/_next/static/chunks/node_modules_next_dist_1gdrd03._.js:1945
[ 1028069ms] [ERROR] ./src/app/page.tsx:11:1
Module not found: Can't resolve '@/components/architecture-view'
   9 | import { AgentWorkflow } from "@/components/agent-workflow";
  10 | import { AftermathResult } from "@/components/aftermath-result";
> 11 | import { ArchitectureView } from "@/components/architecture-view";
     | ^^^^^^^^^^^^^^^^^^^^^^^^^^^^^^^^^^^^^^^^^^^^^^^^^^^^^^^^^^^^^^^^^^
  12 | import { Disclaimer } from "@/components/disclaimer";
  13 |
  14 | export default function Home() {

Import map: aliased to relative './src/components/architecture-view' inside of [project]/

Import traces:
  Client Component Browser:
    ./src/app/page.tsx [Client Component Browser]
    ./src/app/page.tsx [Server Component]

  Client Component SSR:
    ./src/app/page.tsx [Client Component SSR]
    ./src/app/page.tsx [Server Component]

https://nextjs.org/docs/messages/module-not-found @ http://localhost:3000/_next/static/chunks/node_modules_next_dist_1gdrd03._.js:1945
[ 1028135ms] [ERROR] ./src/app/page.tsx:11:1
Module not found: Can't resolve '@/components/architecture-view'
   9 | import { AgentWorkflow } from "@/components/agent-workflow";
  10 | import { AftermathResult } from "@/components/aftermath-result";
> 11 | import { ArchitectureView } from "@/components/architecture-view";
     | ^^^^^^^^^^^^^^^^^^^^^^^^^^^^^^^^^^^^^^^^^^^^^^^^^^^^^^^^^^^^^^^^^^
  12 | import { Disclaimer } from "@/components/disclaimer";
  13 |
  14 | export default function Home() {

Import map: aliased to relative './src/components/architecture-view' inside of [project]/

Import traces:
  Client Component Browser:
    ./src/app/page.tsx [Client Component Browser]
    ./src/app/page.tsx [Server Component]

  Client Component SSR:
    ./src/app/page.tsx [Client Component SSR]
    ./src/app/page.tsx [Server Component]

https://nextjs.org/docs/messages/module-not-found @ http://localhost:3000/_next/static/chunks/node_modules_next_dist_1gdrd03._.js:1945
[ 1028185ms] [ERROR] ./src/app/page.tsx:11:1
Module not found: Can't resolve '@/components/architecture-view'
   9 | import { AgentWorkflow } from "@/components/agent-workflow";
  10 | import { AftermathResult } from "@/components/aftermath-result";
> 11 | import { ArchitectureView } from "@/components/architecture-view";
     | ^^^^^^^^^^^^^^^^^^^^^^^^^^^^^^^^^^^^^^^^^^^^^^^^^^^^^^^^^^^^^^^^^^
  12 | import { Disclaimer } from "@/components/disclaimer";
  13 |
  14 | export default function Home() {

Import map: aliased to relative './src/components/architecture-view' inside of [project]/

Import traces:
  Client Component Browser:
    ./src/app/page.tsx [Client Component Browser]
    ./src/app/page.tsx [Server Component]

  Client Component SSR:
    ./src/app/page.tsx [Client Component SSR]
    ./src/app/page.tsx [Server Component]

https://nextjs.org/docs/messages/module-not-found @ http://localhost:3000/_next/static/chunks/node_modules_next_dist_1gdrd03._.js:1945
[ 1028253ms] [ERROR] ./src/app/page.tsx:11:1
Module not found: Can't resolve '@/components/architecture-view'
   9 | import { AgentWorkflow } from "@/components/agent-workflow";
  10 | import { AftermathResult } from "@/components/aftermath-result";
> 11 | import { ArchitectureView } from "@/components/architecture-view";
     | ^^^^^^^^^^^^^^^^^^^^^^^^^^^^^^^^^^^^^^^^^^^^^^^^^^^^^^^^^^^^^^^^^^
  12 | import { Disclaimer } from "@/components/disclaimer";
  13 |
  14 | export default function Home() {

Import map: aliased to relative './src/components/architecture-view' inside of [project]/

Import traces:
  Client Component Browser:
    ./src/app/page.tsx [Client Component Browser]
    ./src/app/page.tsx [Server Component]

  Client Component SSR:
    ./src/app/page.tsx [Client Component SSR]
    ./src/app/page.tsx [Server Component]

https://nextjs.org/docs/messages/module-not-found @ http://localhost:3000/_next/static/chunks/node_modules_next_dist_1gdrd03._.js:1945
[ 1028318ms] [ERROR] ./src/app/page.tsx:11:1
Module not found: Can't resolve '@/components/architecture-view'
   9 | import { AgentWorkflow } from "@/components/agent-workflow";
  10 | import { AftermathResult } from "@/components/aftermath-result";
> 11 | import { ArchitectureView } from "@/components/architecture-view";
     | ^^^^^^^^^^^^^^^^^^^^^^^^^^^^^^^^^^^^^^^^^^^^^^^^^^^^^^^^^^^^^^^^^^
  12 | import { Disclaimer } from "@/components/disclaimer";
  13 |
  14 | export default function Home() {

Import map: aliased to relative './src/components/architecture-view' inside of [project]/

Import traces:
  Client Component Browser:
    ./src/app/page.tsx [Client Component Browser]
    ./src/app/page.tsx [Server Component]

  Client Component SSR:
    ./src/app/page.tsx [Client Component SSR]
    ./src/app/page.tsx [Server Component]

https://nextjs.org/docs/messages/module-not-found @ http://localhost:3000/_next/static/chunks/node_modules_next_dist_1gdrd03._.js:1945
[ 1028384ms] [ERROR] ./src/app/page.tsx:11:1
Module not found: Can't resolve '@/components/architecture-view'
   9 | import { AgentWorkflow } from "@/components/agent-workflow";
  10 | import { AftermathResult } from "@/components/aftermath-result";
> 11 | import { ArchitectureView } from "@/components/architecture-view";
     | ^^^^^^^^^^^^^^^^^^^^^^^^^^^^^^^^^^^^^^^^^^^^^^^^^^^^^^^^^^^^^^^^^^
  12 | import { Disclaimer } from "@/components/disclaimer";
  13 |
  14 | export default function Home() {

Import map: aliased to relative './src/components/architecture-view' inside of [project]/

Import traces:
  Client Component Browser:
    ./src/app/page.tsx [Client Component Browser]
    ./src/app/page.tsx [Server Component]

  Client Component SSR:
    ./src/app/page.tsx [Client Component SSR]
    ./src/app/page.tsx [Server Component]

https://nextjs.org/docs/messages/module-not-found @ http://localhost:3000/_next/static/chunks/node_modules_next_dist_1gdrd03._.js:1945
[ 1028433ms] [ERROR] ./src/app/page.tsx:11:1
Module not found: Can't resolve '@/components/architecture-view'
   9 | import { AgentWorkflow } from "@/components/agent-workflow";
  10 | import { AftermathResult } from "@/components/aftermath-result";
> 11 | import { ArchitectureView } from "@/components/architecture-view";
     | ^^^^^^^^^^^^^^^^^^^^^^^^^^^^^^^^^^^^^^^^^^^^^^^^^^^^^^^^^^^^^^^^^^
  12 | import { Disclaimer } from "@/components/disclaimer";
  13 |
  14 | export default function Home() {

Import map: aliased to relative './src/components/architecture-view' inside of [project]/

Import traces:
  Client Component Browser:
    ./src/app/page.tsx [Client Component Browser]
    ./src/app/page.tsx [Server Component]

  Client Component SSR:
    ./src/app/page.tsx [Client Component SSR]
    ./src/app/page.tsx [Server Component]

https://nextjs.org/docs/messages/module-not-found @ http://localhost:3000/_next/static/chunks/node_modules_next_dist_1gdrd03._.js:1945
[ 1028485ms] [ERROR] ./src/app/page.tsx:11:1
Module not found: Can't resolve '@/components/architecture-view'
   9 | import { AgentWorkflow } from "@/components/agent-workflow";
  10 | import { AftermathResult } from "@/components/aftermath-result";
> 11 | import { ArchitectureView } from "@/components/architecture-view";
     | ^^^^^^^^^^^^^^^^^^^^^^^^^^^^^^^^^^^^^^^^^^^^^^^^^^^^^^^^^^^^^^^^^^
  12 | import { Disclaimer } from "@/components/disclaimer";
  13 |
  14 | export default function Home() {

Import map: aliased to relative './src/components/architecture-view' inside of [project]/

Import traces:
  Client Component Browser:
    ./src/app/page.tsx [Client Component Browser]
    ./src/app/page.tsx [Server Component]

  Client Component SSR:
    ./src/app/page.tsx [Client Component SSR]
    ./src/app/page.tsx [Server Component]

https://nextjs.org/docs/messages/module-not-found @ http://localhost:3000/_next/static/chunks/node_modules_next_dist_1gdrd03._.js:1945
[ 1028537ms] [ERROR] ./src/app/page.tsx:11:1
Module not found: Can't resolve '@/components/architecture-view'
   9 | import { AgentWorkflow } from "@/components/agent-workflow";
  10 | import { AftermathResult } from "@/components/aftermath-result";
> 11 | import { ArchitectureView } from "@/components/architecture-view";
     | ^^^^^^^^^^^^^^^^^^^^^^^^^^^^^^^^^^^^^^^^^^^^^^^^^^^^^^^^^^^^^^^^^^
  12 | import { Disclaimer } from "@/components/disclaimer";
  13 |
  14 | export default function Home() {

Import map: aliased to relative './src/components/architecture-view' inside of [project]/

Import traces:
  Client Component Browser:
    ./src/app/page.tsx [Client Component Browser]
    ./src/app/page.tsx [Server Component]

  Client Component SSR:
    ./src/app/page.tsx [Client Component SSR]
    ./src/app/page.tsx [Server Component]

https://nextjs.org/docs/messages/module-not-found @ http://localhost:3000/_next/static/chunks/node_modules_next_dist_1gdrd03._.js:1945
[ 1028602ms] [ERROR] ./src/app/page.tsx:11:1
Module not found: Can't resolve '@/components/architecture-view'
   9 | import { AgentWorkflow } from "@/components/agent-workflow";
  10 | import { AftermathResult } from "@/components/aftermath-result";
> 11 | import { ArchitectureView } from "@/components/architecture-view";
     | ^^^^^^^^^^^^^^^^^^^^^^^^^^^^^^^^^^^^^^^^^^^^^^^^^^^^^^^^^^^^^^^^^^
  12 | import { Disclaimer } from "@/components/disclaimer";
  13 |
  14 | export default function Home() {

Import map: aliased to relative './src/components/architecture-view' inside of [project]/

Import traces:
  Client Component Browser:
    ./src/app/page.tsx [Client Component Browser]
    ./src/app/page.tsx [Server Component]

  Client Component SSR:
    ./src/app/page.tsx [Client Component SSR]
    ./src/app/page.tsx [Server Component]

https://nextjs.org/docs/messages/module-not-found @ http://localhost:3000/_next/static/chunks/node_modules_next_dist_1gdrd03._.js:1945
[ 1028670ms] [ERROR] ./src/app/page.tsx:11:1
Module not found: Can't resolve '@/components/architecture-view'
   9 | import { AgentWorkflow } from "@/components/agent-workflow";
  10 | import { AftermathResult } from "@/components/aftermath-result";
> 11 | import { ArchitectureView } from "@/components/architecture-view";
     | ^^^^^^^^^^^^^^^^^^^^^^^^^^^^^^^^^^^^^^^^^^^^^^^^^^^^^^^^^^^^^^^^^^
  12 | import { Disclaimer } from "@/components/disclaimer";
  13 |
  14 | export default function Home() {

Import map: aliased to relative './src/components/architecture-view' inside of [project]/

Import traces:
  Client Component Browser:
    ./src/app/page.tsx [Client Component Browser]
    ./src/app/page.tsx [Server Component]

  Client Component SSR:
    ./src/app/page.tsx [Client Component SSR]
    ./src/app/page.tsx [Server Component]

https://nextjs.org/docs/messages/module-not-found @ http://localhost:3000/_next/static/chunks/node_modules_next_dist_1gdrd03._.js:1945
[ 1028735ms] [ERROR] ./src/app/page.tsx:11:1
Module not found: Can't resolve '@/components/architecture-view'
   9 | import { AgentWorkflow } from "@/components/agent-workflow";
  10 | import { AftermathResult } from "@/components/aftermath-result";
> 11 | import { ArchitectureView } from "@/components/architecture-view";
     | ^^^^^^^^^^^^^^^^^^^^^^^^^^^^^^^^^^^^^^^^^^^^^^^^^^^^^^^^^^^^^^^^^^
  12 | import { Disclaimer } from "@/components/disclaimer";
  13 |
  14 | export default function Home() {

Import map: aliased to relative './src/components/architecture-view' inside of [project]/

Import traces:
  Client Component Browser:
    ./src/app/page.tsx [Client Component Browser]
    ./src/app/page.tsx [Server Component]

  Client Component SSR:
    ./src/app/page.tsx [Client Component SSR]
    ./src/app/page.tsx [Server Component]

https://nextjs.org/docs/messages/module-not-found @ http://localhost:3000/_next/static/chunks/node_modules_next_dist_1gdrd03._.js:1945
[ 1028802ms] [ERROR] ./src/app/page.tsx:11:1
Module not found: Can't resolve '@/components/architecture-view'
   9 | import { AgentWorkflow } from "@/components/agent-workflow";
  10 | import { AftermathResult } from "@/components/aftermath-result";
> 11 | import { ArchitectureView } from "@/components/architecture-view";
     | ^^^^^^^^^^^^^^^^^^^^^^^^^^^^^^^^^^^^^^^^^^^^^^^^^^^^^^^^^^^^^^^^^^
  12 | import { Disclaimer } from "@/components/disclaimer";
  13 |
  14 | export default function Home() {

Import map: aliased to relative './src/components/architecture-view' inside of [project]/

Import traces:
  Client Component Browser:
    ./src/app/page.tsx [Client Component Browser]
    ./src/app/page.tsx [Server Component]

  Client Component SSR:
    ./src/app/page.tsx [Client Component SSR]
    ./src/app/page.tsx [Server Component]

https://nextjs.org/docs/messages/module-not-found @ http://localhost:3000/_next/static/chunks/node_modules_next_dist_1gdrd03._.js:1945
[ 1028868ms] [ERROR] ./src/app/page.tsx:11:1
Module not found: Can't resolve '@/components/architecture-view'
   9 | import { AgentWorkflow } from "@/components/agent-workflow";
  10 | import { AftermathResult } from "@/components/aftermath-result";
> 11 | import { ArchitectureView } from "@/components/architecture-view";
     | ^^^^^^^^^^^^^^^^^^^^^^^^^^^^^^^^^^^^^^^^^^^^^^^^^^^^^^^^^^^^^^^^^^
  12 | import { Disclaimer } from "@/components/disclaimer";
  13 |
  14 | export default function Home() {

Import map: aliased to relative './src/components/architecture-view' inside of [project]/

Import traces:
  Client Component Browser:
    ./src/app/page.tsx [Client Component Browser]
    ./src/app/page.tsx [Server Component]

  Client Component SSR:
    ./src/app/page.tsx [Client Component SSR]
    ./src/app/page.tsx [Server Component]

https://nextjs.org/docs/messages/module-not-found @ http://localhost:3000/_next/static/chunks/node_modules_next_dist_1gdrd03._.js:1945
[ 1028935ms] [ERROR] ./src/app/page.tsx:11:1
Module not found: Can't resolve '@/components/architecture-view'
   9 | import { AgentWorkflow } from "@/components/agent-workflow";
  10 | import { AftermathResult } from "@/components/aftermath-result";
> 11 | import { ArchitectureView } from "@/components/architecture-view";
     | ^^^^^^^^^^^^^^^^^^^^^^^^^^^^^^^^^^^^^^^^^^^^^^^^^^^^^^^^^^^^^^^^^^
  12 | import { Disclaimer } from "@/components/disclaimer";
  13 |
  14 | export default function Home() {

Import map: aliased to relative './src/components/architecture-view' inside of [project]/

Import traces:
  Client Component Browser:
    ./src/app/page.tsx [Client Component Browser]
    ./src/app/page.tsx [Server Component]

  Client Component SSR:
    ./src/app/page.tsx [Client Component SSR]
    ./src/app/page.tsx [Server Component]

https://nextjs.org/docs/messages/module-not-found @ http://localhost:3000/_next/static/chunks/node_modules_next_dist_1gdrd03._.js:1945
[ 1028997ms] [ERROR] ./src/app/page.tsx:11:1
Module not found: Can't resolve '@/components/architecture-view'
   9 | import { AgentWorkflow } from "@/components/agent-workflow";
  10 | import { AftermathResult } from "@/components/aftermath-result";
> 11 | import { ArchitectureView } from "@/components/architecture-view";
     | ^^^^^^^^^^^^^^^^^^^^^^^^^^^^^^^^^^^^^^^^^^^^^^^^^^^^^^^^^^^^^^^^^^
  12 | import { Disclaimer } from "@/components/disclaimer";
  13 |
  14 | export default function Home() {

Import map: aliased to relative './src/components/architecture-view' inside of [project]/

Import traces:
  Client Component Browser:
    ./src/app/page.tsx [Client Component Browser]
    ./src/app/page.tsx [Server Component]

  Client Component SSR:
    ./src/app/page.tsx [Client Component SSR]
    ./src/app/page.tsx [Server Component]

https://nextjs.org/docs/messages/module-not-found @ http://localhost:3000/_next/static/chunks/node_modules_next_dist_1gdrd03._.js:1945
[ 1029053ms] [ERROR] ./src/app/page.tsx:11:1
Module not found: Can't resolve '@/components/architecture-view'
   9 | import { AgentWorkflow } from "@/components/agent-workflow";
  10 | import { AftermathResult } from "@/components/aftermath-result";
> 11 | import { ArchitectureView } from "@/components/architecture-view";
     | ^^^^^^^^^^^^^^^^^^^^^^^^^^^^^^^^^^^^^^^^^^^^^^^^^^^^^^^^^^^^^^^^^^
  12 | import { Disclaimer } from "@/components/disclaimer";
  13 |
  14 | export default function Home() {

Import map: aliased to relative './src/components/architecture-view' inside of [project]/

Import traces:
  Client Component Browser:
    ./src/app/page.tsx [Client Component Browser]
    ./src/app/page.tsx [Server Component]

  Client Component SSR:
    ./src/app/page.tsx [Client Component SSR]
    ./src/app/page.tsx [Server Component]

https://nextjs.org/docs/messages/module-not-found @ http://localhost:3000/_next/static/chunks/node_modules_next_dist_1gdrd03._.js:1945
[ 1029103ms] [ERROR] ./src/app/page.tsx:11:1
Module not found: Can't resolve '@/components/architecture-view'
   9 | import { AgentWorkflow } from "@/components/agent-workflow";
  10 | import { AftermathResult } from "@/components/aftermath-result";
> 11 | import { ArchitectureView } from "@/components/architecture-view";
     | ^^^^^^^^^^^^^^^^^^^^^^^^^^^^^^^^^^^^^^^^^^^^^^^^^^^^^^^^^^^^^^^^^^
  12 | import { Disclaimer } from "@/components/disclaimer";
  13 |
  14 | export default function Home() {

Import map: aliased to relative './src/components/architecture-view' inside of [project]/

Import traces:
  Client Component Browser:
    ./src/app/page.tsx [Client Component Browser]
    ./src/app/page.tsx [Server Component]

  Client Component SSR:
    ./src/app/page.tsx [Client Component SSR]
    ./src/app/page.tsx [Server Component]

https://nextjs.org/docs/messages/module-not-found @ http://localhost:3000/_next/static/chunks/node_modules_next_dist_1gdrd03._.js:1945
[ 1029151ms] [ERROR] ./src/app/page.tsx:11:1
Module not found: Can't resolve '@/components/architecture-view'
   9 | import { AgentWorkflow } from "@/components/agent-workflow";
  10 | import { AftermathResult } from "@/components/aftermath-result";
> 11 | import { ArchitectureView } from "@/components/architecture-view";
     | ^^^^^^^^^^^^^^^^^^^^^^^^^^^^^^^^^^^^^^^^^^^^^^^^^^^^^^^^^^^^^^^^^^
  12 | import { Disclaimer } from "@/components/disclaimer";
  13 |
  14 | export default function Home() {

Import map: aliased to relative './src/components/architecture-view' inside of [project]/

Import traces:
  Client Component Browser:
    ./src/app/page.tsx [Client Component Browser]
    ./src/app/page.tsx [Server Component]

  Client Component SSR:
    ./src/app/page.tsx [Client Component SSR]
    ./src/app/page.tsx [Server Component]

https://nextjs.org/docs/messages/module-not-found @ http://localhost:3000/_next/static/chunks/node_modules_next_dist_1gdrd03._.js:1945
[ 1029202ms] [ERROR] ./src/app/page.tsx:11:1
Module not found: Can't resolve '@/components/architecture-view'
   9 | import { AgentWorkflow } from "@/components/agent-workflow";
  10 | import { AftermathResult } from "@/components/aftermath-result";
> 11 | import { ArchitectureView } from "@/components/architecture-view";
     | ^^^^^^^^^^^^^^^^^^^^^^^^^^^^^^^^^^^^^^^^^^^^^^^^^^^^^^^^^^^^^^^^^^
  12 | import { Disclaimer } from "@/components/disclaimer";
  13 |
  14 | export default function Home() {

Import map: aliased to relative './src/components/architecture-view' inside of [project]/

Import traces:
  Client Component Browser:
    ./src/app/page.tsx [Client Component Browser]
    ./src/app/page.tsx [Server Component]

  Client Component SSR:
    ./src/app/page.tsx [Client Component SSR]
    ./src/app/page.tsx [Server Component]

https://nextjs.org/docs/messages/module-not-found @ http://localhost:3000/_next/static/chunks/node_modules_next_dist_1gdrd03._.js:1945
[ 1029254ms] [ERROR] ./src/app/page.tsx:11:1
Module not found: Can't resolve '@/components/architecture-view'
   9 | import { AgentWorkflow } from "@/components/agent-workflow";
  10 | import { AftermathResult } from "@/components/aftermath-result";
> 11 | import { ArchitectureView } from "@/components/architecture-view";
     | ^^^^^^^^^^^^^^^^^^^^^^^^^^^^^^^^^^^^^^^^^^^^^^^^^^^^^^^^^^^^^^^^^^
  12 | import { Disclaimer } from "@/components/disclaimer";
  13 |
  14 | export default function Home() {

Import map: aliased to relative './src/components/architecture-view' inside of [project]/

Import traces:
  Client Component Browser:
    ./src/app/page.tsx [Client Component Browser]
    ./src/app/page.tsx [Server Component]

  Client Component SSR:
    ./src/app/page.tsx [Client Component SSR]
    ./src/app/page.tsx [Server Component]

https://nextjs.org/docs/messages/module-not-found @ http://localhost:3000/_next/static/chunks/node_modules_next_dist_1gdrd03._.js:1945
[ 1029319ms] [ERROR] ./src/app/page.tsx:11:1
Module not found: Can't resolve '@/components/architecture-view'
   9 | import { AgentWorkflow } from "@/components/agent-workflow";
  10 | import { AftermathResult } from "@/components/aftermath-result";
> 11 | import { ArchitectureView } from "@/components/architecture-view";
     | ^^^^^^^^^^^^^^^^^^^^^^^^^^^^^^^^^^^^^^^^^^^^^^^^^^^^^^^^^^^^^^^^^^
  12 | import { Disclaimer } from "@/components/disclaimer";
  13 |
  14 | export default function Home() {

Import map: aliased to relative './src/components/architecture-view' inside of [project]/

Import traces:
  Client Component Browser:
    ./src/app/page.tsx [Client Component Browser]
    ./src/app/page.tsx [Server Component]

  Client Component SSR:
    ./src/app/page.tsx [Client Component SSR]
    ./src/app/page.tsx [Server Component]

https://nextjs.org/docs/messages/module-not-found @ http://localhost:3000/_next/static/chunks/node_modules_next_dist_1gdrd03._.js:1945
[ 1029387ms] [ERROR] ./src/app/page.tsx:11:1
Module not found: Can't resolve '@/components/architecture-view'
   9 | import { AgentWorkflow } from "@/components/agent-workflow";
  10 | import { AftermathResult } from "@/components/aftermath-result";
> 11 | import { ArchitectureView } from "@/components/architecture-view";
     | ^^^^^^^^^^^^^^^^^^^^^^^^^^^^^^^^^^^^^^^^^^^^^^^^^^^^^^^^^^^^^^^^^^
  12 | import { Disclaimer } from "@/components/disclaimer";
  13 |
  14 | export default function Home() {

Import map: aliased to relative './src/components/architecture-view' inside of [project]/

Import traces:
  Client Component Browser:
    ./src/app/page.tsx [Client Component Browser]
    ./src/app/page.tsx [Server Component]

  Client Component SSR:
    ./src/app/page.tsx [Client Component SSR]
    ./src/app/page.tsx [Server Component]

https://nextjs.org/docs/messages/module-not-found @ http://localhost:3000/_next/static/chunks/node_modules_next_dist_1gdrd03._.js:1945
[ 1029453ms] [ERROR] ./src/app/page.tsx:11:1
Module not found: Can't resolve '@/components/architecture-view'
   9 | import { AgentWorkflow } from "@/components/agent-workflow";
  10 | import { AftermathResult } from "@/components/aftermath-result";
> 11 | import { ArchitectureView } from "@/components/architecture-view";
     | ^^^^^^^^^^^^^^^^^^^^^^^^^^^^^^^^^^^^^^^^^^^^^^^^^^^^^^^^^^^^^^^^^^
  12 | import { Disclaimer } from "@/components/disclaimer";
  13 |
  14 | export default function Home() {

Import map: aliased to relative './src/components/architecture-view' inside of [project]/

Import traces:
  Client Component Browser:
    ./src/app/page.tsx [Client Component Browser]
    ./src/app/page.tsx [Server Component]

  Client Component SSR:
    ./src/app/page.tsx [Client Component SSR]
    ./src/app/page.tsx [Server Component]

https://nextjs.org/docs/messages/module-not-found @ http://localhost:3000/_next/static/chunks/node_modules_next_dist_1gdrd03._.js:1945
[ 1029503ms] [ERROR] ./src/app/page.tsx:11:1
Module not found: Can't resolve '@/components/architecture-view'
   9 | import { AgentWorkflow } from "@/components/agent-workflow";
  10 | import { AftermathResult } from "@/components/aftermath-result";
> 11 | import { ArchitectureView } from "@/components/architecture-view";
     | ^^^^^^^^^^^^^^^^^^^^^^^^^^^^^^^^^^^^^^^^^^^^^^^^^^^^^^^^^^^^^^^^^^
  12 | import { Disclaimer } from "@/components/disclaimer";
  13 |
  14 | export default function Home() {

Import map: aliased to relative './src/components/architecture-view' inside of [project]/

Import traces:
  Client Component Browser:
    ./src/app/page.tsx [Client Component Browser]
    ./src/app/page.tsx [Server Component]

  Client Component SSR:
    ./src/app/page.tsx [Client Component SSR]
    ./src/app/page.tsx [Server Component]

https://nextjs.org/docs/messages/module-not-found @ http://localhost:3000/_next/static/chunks/node_modules_next_dist_1gdrd03._.js:1945
[ 1029570ms] [ERROR] ./src/app/page.tsx:11:1
Module not found: Can't resolve '@/components/architecture-view'
   9 | import { AgentWorkflow } from "@/components/agent-workflow";
  10 | import { AftermathResult } from "@/components/aftermath-result";
> 11 | import { ArchitectureView } from "@/components/architecture-view";
     | ^^^^^^^^^^^^^^^^^^^^^^^^^^^^^^^^^^^^^^^^^^^^^^^^^^^^^^^^^^^^^^^^^^
  12 | import { Disclaimer } from "@/components/disclaimer";
  13 |
  14 | export default function Home() {

Import map: aliased to relative './src/components/architecture-view' inside of [project]/

Import traces:
  Client Component Browser:
    ./src/app/page.tsx [Client Component Browser]
    ./src/app/page.tsx [Server Component]

  Client Component SSR:
    ./src/app/page.tsx [Client Component SSR]
    ./src/app/page.tsx [Server Component]

https://nextjs.org/docs/messages/module-not-found @ http://localhost:3000/_next/static/chunks/node_modules_next_dist_1gdrd03._.js:1945
[ 1029632ms] [ERROR] ./src/app/page.tsx:11:1
Module not found: Can't resolve '@/components/architecture-view'
   9 | import { AgentWorkflow } from "@/components/agent-workflow";
  10 | import { AftermathResult } from "@/components/aftermath-result";
> 11 | import { ArchitectureView } from "@/components/architecture-view";
     | ^^^^^^^^^^^^^^^^^^^^^^^^^^^^^^^^^^^^^^^^^^^^^^^^^^^^^^^^^^^^^^^^^^
  12 | import { Disclaimer } from "@/components/disclaimer";
  13 |
  14 | export default function Home() {

Import map: aliased to relative './src/components/architecture-view' inside of [project]/

Import traces:
  Client Component Browser:
    ./src/app/page.tsx [Client Component Browser]
    ./src/app/page.tsx [Server Component]

  Client Component SSR:
    ./src/app/page.tsx [Client Component SSR]
    ./src/app/page.tsx [Server Component]

https://nextjs.org/docs/messages/module-not-found @ http://localhost:3000/_next/static/chunks/node_modules_next_dist_1gdrd03._.js:1945
[ 1029686ms] [ERROR] ./src/app/page.tsx:11:1
Module not found: Can't resolve '@/components/architecture-view'
   9 | import { AgentWorkflow } from "@/components/agent-workflow";
  10 | import { AftermathResult } from "@/components/aftermath-result";
> 11 | import { ArchitectureView } from "@/components/architecture-view";
     | ^^^^^^^^^^^^^^^^^^^^^^^^^^^^^^^^^^^^^^^^^^^^^^^^^^^^^^^^^^^^^^^^^^
  12 | import { Disclaimer } from "@/components/disclaimer";
  13 |
  14 | export default function Home() {

Import map: aliased to relative './src/components/architecture-view' inside of [project]/

Import traces:
  Client Component Browser:
    ./src/app/page.tsx [Client Component Browser]
    ./src/app/page.tsx [Server Component]

  Client Component SSR:
    ./src/app/page.tsx [Client Component SSR]
    ./src/app/page.tsx [Server Component]

https://nextjs.org/docs/messages/module-not-found @ http://localhost:3000/_next/static/chunks/node_modules_next_dist_1gdrd03._.js:1945
[ 1029752ms] [ERROR] ./src/app/page.tsx:11:1
Module not found: Can't resolve '@/components/architecture-view'
   9 | import { AgentWorkflow } from "@/components/agent-workflow";
  10 | import { AftermathResult } from "@/components/aftermath-result";
> 11 | import { ArchitectureView } from "@/components/architecture-view";
     | ^^^^^^^^^^^^^^^^^^^^^^^^^^^^^^^^^^^^^^^^^^^^^^^^^^^^^^^^^^^^^^^^^^
  12 | import { Disclaimer } from "@/components/disclaimer";
  13 |
  14 | export default function Home() {

Import map: aliased to relative './src/components/architecture-view' inside of [project]/

Import traces:
  Client Component Browser:
    ./src/app/page.tsx [Client Component Browser]
    ./src/app/page.tsx [Server Component]

  Client Component SSR:
    ./src/app/page.tsx [Client Component SSR]
    ./src/app/page.tsx [Server Component]

https://nextjs.org/docs/messages/module-not-found @ http://localhost:3000/_next/static/chunks/node_modules_next_dist_1gdrd03._.js:1945
[ 1029819ms] [ERROR] ./src/app/page.tsx:11:1
Module not found: Can't resolve '@/components/architecture-view'
   9 | import { AgentWorkflow } from "@/components/agent-workflow";
  10 | import { AftermathResult } from "@/components/aftermath-result";
> 11 | import { ArchitectureView } from "@/components/architecture-view";
     | ^^^^^^^^^^^^^^^^^^^^^^^^^^^^^^^^^^^^^^^^^^^^^^^^^^^^^^^^^^^^^^^^^^
  12 | import { Disclaimer } from "@/components/disclaimer";
  13 |
  14 | export default function Home() {

Import map: aliased to relative './src/components/architecture-view' inside of [project]/

Import traces:
  Client Component Browser:
    ./src/app/page.tsx [Client Component Browser]
    ./src/app/page.tsx [Server Component]

  Client Component SSR:
    ./src/app/page.tsx [Client Component SSR]
    ./src/app/page.tsx [Server Component]

https://nextjs.org/docs/messages/module-not-found @ http://localhost:3000/_next/static/chunks/node_modules_next_dist_1gdrd03._.js:1945
[ 1029887ms] [ERROR] ./src/app/page.tsx:11:1
Module not found: Can't resolve '@/components/architecture-view'
   9 | import { AgentWorkflow } from "@/components/agent-workflow";
  10 | import { AftermathResult } from "@/components/aftermath-result";
> 11 | import { ArchitectureView } from "@/components/architecture-view";
     | ^^^^^^^^^^^^^^^^^^^^^^^^^^^^^^^^^^^^^^^^^^^^^^^^^^^^^^^^^^^^^^^^^^
  12 | import { Disclaimer } from "@/components/disclaimer";
  13 |
  14 | export default function Home() {

Import map: aliased to relative './src/components/architecture-view' inside of [project]/

Import traces:
  Client Component Browser:
    ./src/app/page.tsx [Client Component Browser]
    ./src/app/page.tsx [Server Component]

  Client Component SSR:
    ./src/app/page.tsx [Client Component SSR]
    ./src/app/page.tsx [Server Component]

https://nextjs.org/docs/messages/module-not-found @ http://localhost:3000/_next/static/chunks/node_modules_next_dist_1gdrd03._.js:1945
[ 1029937ms] [ERROR] ./src/app/page.tsx:11:1
Module not found: Can't resolve '@/components/architecture-view'
   9 | import { AgentWorkflow } from "@/components/agent-workflow";
  10 | import { AftermathResult } from "@/components/aftermath-result";
> 11 | import { ArchitectureView } from "@/components/architecture-view";
     | ^^^^^^^^^^^^^^^^^^^^^^^^^^^^^^^^^^^^^^^^^^^^^^^^^^^^^^^^^^^^^^^^^^
  12 | import { Disclaimer } from "@/components/disclaimer";
  13 |
  14 | export default function Home() {

Import map: aliased to relative './src/components/architecture-view' inside of [project]/

Import traces:
  Client Component Browser:
    ./src/app/page.tsx [Client Component Browser]
    ./src/app/page.tsx [Server Component]

  Client Component SSR:
    ./src/app/page.tsx [Client Component SSR]
    ./src/app/page.tsx [Server Component]

https://nextjs.org/docs/messages/module-not-found @ http://localhost:3000/_next/static/chunks/node_modules_next_dist_1gdrd03._.js:1945
[ 1030003ms] [ERROR] ./src/app/page.tsx:11:1
Module not found: Can't resolve '@/components/architecture-view'
   9 | import { AgentWorkflow } from "@/components/agent-workflow";
  10 | import { AftermathResult } from "@/components/aftermath-result";
> 11 | import { ArchitectureView } from "@/components/architecture-view";
     | ^^^^^^^^^^^^^^^^^^^^^^^^^^^^^^^^^^^^^^^^^^^^^^^^^^^^^^^^^^^^^^^^^^
  12 | import { Disclaimer } from "@/components/disclaimer";
  13 |
  14 | export default function Home() {

Import map: aliased to relative './src/components/architecture-view' inside of [project]/

Import traces:
  Client Component Browser:
    ./src/app/page.tsx [Client Component Browser]
    ./src/app/page.tsx [Server Component]

  Client Component SSR:
    ./src/app/page.tsx [Client Component SSR]
    ./src/app/page.tsx [Server Component]

https://nextjs.org/docs/messages/module-not-found @ http://localhost:3000/_next/static/chunks/node_modules_next_dist_1gdrd03._.js:1945
[ 1030070ms] [ERROR] ./src/app/page.tsx:11:1
Module not found: Can't resolve '@/components/architecture-view'
   9 | import { AgentWorkflow } from "@/components/agent-workflow";
  10 | import { AftermathResult } from "@/components/aftermath-result";
> 11 | import { ArchitectureView } from "@/components/architecture-view";
     | ^^^^^^^^^^^^^^^^^^^^^^^^^^^^^^^^^^^^^^^^^^^^^^^^^^^^^^^^^^^^^^^^^^
  12 | import { Disclaimer } from "@/components/disclaimer";
  13 |
  14 | export default function Home() {

Import map: aliased to relative './src/components/architecture-view' inside of [project]/

Import traces:
  Client Component Browser:
    ./src/app/page.tsx [Client Component Browser]
    ./src/app/page.tsx [Server Component]

  Client Component SSR:
    ./src/app/page.tsx [Client Component SSR]
    ./src/app/page.tsx [Server Component]

https://nextjs.org/docs/messages/module-not-found @ http://localhost:3000/_next/static/chunks/node_modules_next_dist_1gdrd03._.js:1945
[ 1030120ms] [ERROR] ./src/app/page.tsx:11:1
Module not found: Can't resolve '@/components/architecture-view'
   9 | import { AgentWorkflow } from "@/components/agent-workflow";
  10 | import { AftermathResult } from "@/components/aftermath-result";
> 11 | import { ArchitectureView } from "@/components/architecture-view";
     | ^^^^^^^^^^^^^^^^^^^^^^^^^^^^^^^^^^^^^^^^^^^^^^^^^^^^^^^^^^^^^^^^^^
  12 | import { Disclaimer } from "@/components/disclaimer";
  13 |
  14 | export default function Home() {

Import map: aliased to relative './src/components/architecture-view' inside of [project]/

Import traces:
  Client Component Browser:
    ./src/app/page.tsx [Client Component Browser]
    ./src/app/page.tsx [Server Component]

  Client Component SSR:
    ./src/app/page.tsx [Client Component SSR]
    ./src/app/page.tsx [Server Component]

https://nextjs.org/docs/messages/module-not-found @ http://localhost:3000/_next/static/chunks/node_modules_next_dist_1gdrd03._.js:1945
[ 1030186ms] [ERROR] ./src/app/page.tsx:11:1
Module not found: Can't resolve '@/components/architecture-view'
   9 | import { AgentWorkflow } from "@/components/agent-workflow";
  10 | import { AftermathResult } from "@/components/aftermath-result";
> 11 | import { ArchitectureView } from "@/components/architecture-view";
     | ^^^^^^^^^^^^^^^^^^^^^^^^^^^^^^^^^^^^^^^^^^^^^^^^^^^^^^^^^^^^^^^^^^
  12 | import { Disclaimer } from "@/components/disclaimer";
  13 |
  14 | export default function Home() {

Import map: aliased to relative './src/components/architecture-view' inside of [project]/

Import traces:
  Client Component Browser:
    ./src/app/page.tsx [Client Component Browser]
    ./src/app/page.tsx [Server Component]

  Client Component SSR:
    ./src/app/page.tsx [Client Component SSR]
    ./src/app/page.tsx [Server Component]

https://nextjs.org/docs/messages/module-not-found @ http://localhost:3000/_next/static/chunks/node_modules_next_dist_1gdrd03._.js:1945
[ 1030253ms] [ERROR] ./src/app/page.tsx:11:1
Module not found: Can't resolve '@/components/architecture-view'
   9 | import { AgentWorkflow } from "@/components/agent-workflow";
  10 | import { AftermathResult } from "@/components/aftermath-result";
> 11 | import { ArchitectureView } from "@/components/architecture-view";
     | ^^^^^^^^^^^^^^^^^^^^^^^^^^^^^^^^^^^^^^^^^^^^^^^^^^^^^^^^^^^^^^^^^^
  12 | import { Disclaimer } from "@/components/disclaimer";
  13 |
  14 | export default function Home() {

Import map: aliased to relative './src/components/architecture-view' inside of [project]/

Import traces:
  Client Component Browser:
    ./src/app/page.tsx [Client Component Browser]
    ./src/app/page.tsx [Server Component]

  Client Component SSR:
    ./src/app/page.tsx [Client Component SSR]
    ./src/app/page.tsx [Server Component]

https://nextjs.org/docs/messages/module-not-found @ http://localhost:3000/_next/static/chunks/node_modules_next_dist_1gdrd03._.js:1945
[ 1030318ms] [ERROR] ./src/app/page.tsx:11:1
Module not found: Can't resolve '@/components/architecture-view'
   9 | import { AgentWorkflow } from "@/components/agent-workflow";
  10 | import { AftermathResult } from "@/components/aftermath-result";
> 11 | import { ArchitectureView } from "@/components/architecture-view";
     | ^^^^^^^^^^^^^^^^^^^^^^^^^^^^^^^^^^^^^^^^^^^^^^^^^^^^^^^^^^^^^^^^^^
  12 | import { Disclaimer } from "@/components/disclaimer";
  13 |
  14 | export default function Home() {

Import map: aliased to relative './src/components/architecture-view' inside of [project]/

Import traces:
  Client Component Browser:
    ./src/app/page.tsx [Client Component Browser]
    ./src/app/page.tsx [Server Component]

  Client Component SSR:
    ./src/app/page.tsx [Client Component SSR]
    ./src/app/page.tsx [Server Component]

https://nextjs.org/docs/messages/module-not-found @ http://localhost:3000/_next/static/chunks/node_modules_next_dist_1gdrd03._.js:1945
[ 1030370ms] [ERROR] ./src/app/page.tsx:11:1
Module not found: Can't resolve '@/components/architecture-view'
   9 | import { AgentWorkflow } from "@/components/agent-workflow";
  10 | import { AftermathResult } from "@/components/aftermath-result";
> 11 | import { ArchitectureView } from "@/components/architecture-view";
     | ^^^^^^^^^^^^^^^^^^^^^^^^^^^^^^^^^^^^^^^^^^^^^^^^^^^^^^^^^^^^^^^^^^
  12 | import { Disclaimer } from "@/components/disclaimer";
  13 |
  14 | export default function Home() {

Import map: aliased to relative './src/components/architecture-view' inside of [project]/

Import traces:
  Client Component Browser:
    ./src/app/page.tsx [Client Component Browser]
    ./src/app/page.tsx [Server Component]

  Client Component SSR:
    ./src/app/page.tsx [Client Component SSR]
    ./src/app/page.tsx [Server Component]

https://nextjs.org/docs/messages/module-not-found @ http://localhost:3000/_next/static/chunks/node_modules_next_dist_1gdrd03._.js:1945
[ 1030437ms] [ERROR] ./src/app/page.tsx:11:1
Module not found: Can't resolve '@/components/architecture-view'
   9 | import { AgentWorkflow } from "@/components/agent-workflow";
  10 | import { AftermathResult } from "@/components/aftermath-result";
> 11 | import { ArchitectureView } from "@/components/architecture-view";
     | ^^^^^^^^^^^^^^^^^^^^^^^^^^^^^^^^^^^^^^^^^^^^^^^^^^^^^^^^^^^^^^^^^^
  12 | import { Disclaimer } from "@/components/disclaimer";
  13 |
  14 | export default function Home() {

Import map: aliased to relative './src/components/architecture-view' inside of [project]/

Import traces:
  Client Component Browser:
    ./src/app/page.tsx [Client Component Browser]
    ./src/app/page.tsx [Server Component]

  Client Component SSR:
    ./src/app/page.tsx [Client Component SSR]
    ./src/app/page.tsx [Server Component]

https://nextjs.org/docs/messages/module-not-found @ http://localhost:3000/_next/static/chunks/node_modules_next_dist_1gdrd03._.js:1945
[ 1030500ms] [ERROR] ./src/app/page.tsx:11:1
Module not found: Can't resolve '@/components/architecture-view'
   9 | import { AgentWorkflow } from "@/components/agent-workflow";
  10 | import { AftermathResult } from "@/components/aftermath-result";
> 11 | import { ArchitectureView } from "@/components/architecture-view";
     | ^^^^^^^^^^^^^^^^^^^^^^^^^^^^^^^^^^^^^^^^^^^^^^^^^^^^^^^^^^^^^^^^^^
  12 | import { Disclaimer } from "@/components/disclaimer";
  13 |
  14 | export default function Home() {

Import map: aliased to relative './src/components/architecture-view' inside of [project]/

Import traces:
  Client Component Browser:
    ./src/app/page.tsx [Client Component Browser]
    ./src/app/page.tsx [Server Component]

  Client Component SSR:
    ./src/app/page.tsx [Client Component SSR]
    ./src/app/page.tsx [Server Component]

https://nextjs.org/docs/messages/module-not-found @ http://localhost:3000/_next/static/chunks/node_modules_next_dist_1gdrd03._.js:1945
[ 1030553ms] [ERROR] ./src/app/page.tsx:11:1
Module not found: Can't resolve '@/components/architecture-view'
   9 | import { AgentWorkflow } from "@/components/agent-workflow";
  10 | import { AftermathResult } from "@/components/aftermath-result";
> 11 | import { ArchitectureView } from "@/components/architecture-view";
     | ^^^^^^^^^^^^^^^^^^^^^^^^^^^^^^^^^^^^^^^^^^^^^^^^^^^^^^^^^^^^^^^^^^
  12 | import { Disclaimer } from "@/components/disclaimer";
  13 |
  14 | export default function Home() {

Import map: aliased to relative './src/components/architecture-view' inside of [project]/

Import traces:
  Client Component Browser:
    ./src/app/page.tsx [Client Component Browser]
    ./src/app/page.tsx [Server Component]

  Client Component SSR:
    ./src/app/page.tsx [Client Component SSR]
    ./src/app/page.tsx [Server Component]

https://nextjs.org/docs/messages/module-not-found @ http://localhost:3000/_next/static/chunks/node_modules_next_dist_1gdrd03._.js:1945
[ 1030619ms] [ERROR] ./src/app/page.tsx:11:1
Module not found: Can't resolve '@/components/architecture-view'
   9 | import { AgentWorkflow } from "@/components/agent-workflow";
  10 | import { AftermathResult } from "@/components/aftermath-result";
> 11 | import { ArchitectureView } from "@/components/architecture-view";
     | ^^^^^^^^^^^^^^^^^^^^^^^^^^^^^^^^^^^^^^^^^^^^^^^^^^^^^^^^^^^^^^^^^^
  12 | import { Disclaimer } from "@/components/disclaimer";
  13 |
  14 | export default function Home() {

Import map: aliased to relative './src/components/architecture-view' inside of [project]/

Import traces:
  Client Component Browser:
    ./src/app/page.tsx [Client Component Browser]
    ./src/app/page.tsx [Server Component]

  Client Component SSR:
    ./src/app/page.tsx [Client Component SSR]
    ./src/app/page.tsx [Server Component]

https://nextjs.org/docs/messages/module-not-found @ http://localhost:3000/_next/static/chunks/node_modules_next_dist_1gdrd03._.js:1945
[ 1030670ms] [ERROR] ./src/app/page.tsx:11:1
Module not found: Can't resolve '@/components/architecture-view'
   9 | import { AgentWorkflow } from "@/components/agent-workflow";
  10 | import { AftermathResult } from "@/components/aftermath-result";
> 11 | import { ArchitectureView } from "@/components/architecture-view";
     | ^^^^^^^^^^^^^^^^^^^^^^^^^^^^^^^^^^^^^^^^^^^^^^^^^^^^^^^^^^^^^^^^^^
  12 | import { Disclaimer } from "@/components/disclaimer";
  13 |
  14 | export default function Home() {

Import map: aliased to relative './src/components/architecture-view' inside of [project]/

Import traces:
  Client Component Browser:
    ./src/app/page.tsx [Client Component Browser]
    ./src/app/page.tsx [Server Component]

  Client Component SSR:
    ./src/app/page.tsx [Client Component SSR]
    ./src/app/page.tsx [Server Component]

https://nextjs.org/docs/messages/module-not-found @ http://localhost:3000/_next/static/chunks/node_modules_next_dist_1gdrd03._.js:1945
[ 1030736ms] [ERROR] ./src/app/page.tsx:11:1
Module not found: Can't resolve '@/components/architecture-view'
   9 | import { AgentWorkflow } from "@/components/agent-workflow";
  10 | import { AftermathResult } from "@/components/aftermath-result";
> 11 | import { ArchitectureView } from "@/components/architecture-view";
     | ^^^^^^^^^^^^^^^^^^^^^^^^^^^^^^^^^^^^^^^^^^^^^^^^^^^^^^^^^^^^^^^^^^
  12 | import { Disclaimer } from "@/components/disclaimer";
  13 |
  14 | export default function Home() {

Import map: aliased to relative './src/components/architecture-view' inside of [project]/

Import traces:
  Client Component Browser:
    ./src/app/page.tsx [Client Component Browser]
    ./src/app/page.tsx [Server Component]

  Client Component SSR:
    ./src/app/page.tsx [Client Component SSR]
    ./src/app/page.tsx [Server Component]

https://nextjs.org/docs/messages/module-not-found @ http://localhost:3000/_next/static/chunks/node_modules_next_dist_1gdrd03._.js:1945
[ 1030802ms] [ERROR] ./src/app/page.tsx:11:1
Module not found: Can't resolve '@/components/architecture-view'
   9 | import { AgentWorkflow } from "@/components/agent-workflow";
  10 | import { AftermathResult } from "@/components/aftermath-result";
> 11 | import { ArchitectureView } from "@/components/architecture-view";
     | ^^^^^^^^^^^^^^^^^^^^^^^^^^^^^^^^^^^^^^^^^^^^^^^^^^^^^^^^^^^^^^^^^^
  12 | import { Disclaimer } from "@/components/disclaimer";
  13 |
  14 | export default function Home() {

Import map: aliased to relative './src/components/architecture-view' inside of [project]/

Import traces:
  Client Component Browser:
    ./src/app/page.tsx [Client Component Browser]
    ./src/app/page.tsx [Server Component]

  Client Component SSR:
    ./src/app/page.tsx [Client Component SSR]
    ./src/app/page.tsx [Server Component]

https://nextjs.org/docs/messages/module-not-found @ http://localhost:3000/_next/static/chunks/node_modules_next_dist_1gdrd03._.js:1945
[ 1030870ms] [ERROR] ./src/app/page.tsx:11:1
Module not found: Can't resolve '@/components/architecture-view'
   9 | import { AgentWorkflow } from "@/components/agent-workflow";
  10 | import { AftermathResult } from "@/components/aftermath-result";
> 11 | import { ArchitectureView } from "@/components/architecture-view";
     | ^^^^^^^^^^^^^^^^^^^^^^^^^^^^^^^^^^^^^^^^^^^^^^^^^^^^^^^^^^^^^^^^^^
  12 | import { Disclaimer } from "@/components/disclaimer";
  13 |
  14 | export default function Home() {

Import map: aliased to relative './src/components/architecture-view' inside of [project]/

Import traces:
  Client Component Browser:
    ./src/app/page.tsx [Client Component Browser]
    ./src/app/page.tsx [Server Component]

  Client Component SSR:
    ./src/app/page.tsx [Client Component SSR]
    ./src/app/page.tsx [Server Component]

https://nextjs.org/docs/messages/module-not-found @ http://localhost:3000/_next/static/chunks/node_modules_next_dist_1gdrd03._.js:1945
[ 1030936ms] [ERROR] ./src/app/page.tsx:11:1
Module not found: Can't resolve '@/components/architecture-view'
   9 | import { AgentWorkflow } from "@/components/agent-workflow";
  10 | import { AftermathResult } from "@/components/aftermath-result";
> 11 | import { ArchitectureView } from "@/components/architecture-view";
     | ^^^^^^^^^^^^^^^^^^^^^^^^^^^^^^^^^^^^^^^^^^^^^^^^^^^^^^^^^^^^^^^^^^
  12 | import { Disclaimer } from "@/components/disclaimer";
  13 |
  14 | export default function Home() {

Import map: aliased to relative './src/components/architecture-view' inside of [project]/

Import traces:
  Client Component Browser:
    ./src/app/page.tsx [Client Component Browser]
    ./src/app/page.tsx [Server Component]

  Client Component SSR:
    ./src/app/page.tsx [Client Component SSR]
    ./src/app/page.tsx [Server Component]

https://nextjs.org/docs/messages/module-not-found @ http://localhost:3000/_next/static/chunks/node_modules_next_dist_1gdrd03._.js:1945
[ 1031001ms] [ERROR] ./src/app/page.tsx:11:1
Module not found: Can't resolve '@/components/architecture-view'
   9 | import { AgentWorkflow } from "@/components/agent-workflow";
  10 | import { AftermathResult } from "@/components/aftermath-result";
> 11 | import { ArchitectureView } from "@/components/architecture-view";
     | ^^^^^^^^^^^^^^^^^^^^^^^^^^^^^^^^^^^^^^^^^^^^^^^^^^^^^^^^^^^^^^^^^^
  12 | import { Disclaimer } from "@/components/disclaimer";
  13 |
  14 | export default function Home() {

Import map: aliased to relative './src/components/architecture-view' inside of [project]/

Import traces:
  Client Component Browser:
    ./src/app/page.tsx [Client Component Browser]
    ./src/app/page.tsx [Server Component]

  Client Component SSR:
    ./src/app/page.tsx [Client Component SSR]
    ./src/app/page.tsx [Server Component]

https://nextjs.org/docs/messages/module-not-found @ http://localhost:3000/_next/static/chunks/node_modules_next_dist_1gdrd03._.js:1945
[ 1031059ms] [ERROR] ./src/app/page.tsx:11:1
Module not found: Can't resolve '@/components/architecture-view'
   9 | import { AgentWorkflow } from "@/components/agent-workflow";
  10 | import { AftermathResult } from "@/components/aftermath-result";
> 11 | import { ArchitectureView } from "@/components/architecture-view";
     | ^^^^^^^^^^^^^^^^^^^^^^^^^^^^^^^^^^^^^^^^^^^^^^^^^^^^^^^^^^^^^^^^^^
  12 | import { Disclaimer } from "@/components/disclaimer";
  13 |
  14 | export default function Home() {

Import map: aliased to relative './src/components/architecture-view' inside of [project]/

Import traces:
  Client Component Browser:
    ./src/app/page.tsx [Client Component Browser]
    ./src/app/page.tsx [Server Component]

  Client Component SSR:
    ./src/app/page.tsx [Client Component SSR]
    ./src/app/page.tsx [Server Component]

https://nextjs.org/docs/messages/module-not-found @ http://localhost:3000/_next/static/chunks/node_modules_next_dist_1gdrd03._.js:1945
[ 1031120ms] [ERROR] ./src/app/page.tsx:11:1
Module not found: Can't resolve '@/components/architecture-view'
   9 | import { AgentWorkflow } from "@/components/agent-workflow";
  10 | import { AftermathResult } from "@/components/aftermath-result";
> 11 | import { ArchitectureView } from "@/components/architecture-view";
     | ^^^^^^^^^^^^^^^^^^^^^^^^^^^^^^^^^^^^^^^^^^^^^^^^^^^^^^^^^^^^^^^^^^
  12 | import { Disclaimer } from "@/components/disclaimer";
  13 |
  14 | export default function Home() {

Import map: aliased to relative './src/components/architecture-view' inside of [project]/

Import traces:
  Client Component Browser:
    ./src/app/page.tsx [Client Component Browser]
    ./src/app/page.tsx [Server Component]

  Client Component SSR:
    ./src/app/page.tsx [Client Component SSR]
    ./src/app/page.tsx [Server Component]

https://nextjs.org/docs/messages/module-not-found @ http://localhost:3000/_next/static/chunks/node_modules_next_dist_1gdrd03._.js:1945
[ 1031181ms] [ERROR] ./src/app/page.tsx:11:1
Module not found: Can't resolve '@/components/architecture-view'
   9 | import { AgentWorkflow } from "@/components/agent-workflow";
  10 | import { AftermathResult } from "@/components/aftermath-result";
> 11 | import { ArchitectureView } from "@/components/architecture-view";
     | ^^^^^^^^^^^^^^^^^^^^^^^^^^^^^^^^^^^^^^^^^^^^^^^^^^^^^^^^^^^^^^^^^^
  12 | import { Disclaimer } from "@/components/disclaimer";
  13 |
  14 | export default function Home() {

Import map: aliased to relative './src/components/architecture-view' inside of [project]/

Import traces:
  Client Component Browser:
    ./src/app/page.tsx [Client Component Browser]
    ./src/app/page.tsx [Server Component]

  Client Component SSR:
    ./src/app/page.tsx [Client Component SSR]
    ./src/app/page.tsx [Server Component]

https://nextjs.org/docs/messages/module-not-found @ http://localhost:3000/_next/static/chunks/node_modules_next_dist_1gdrd03._.js:1945
[ 1031237ms] [ERROR] ./src/app/page.tsx:11:1
Module not found: Can't resolve '@/components/architecture-view'
   9 | import { AgentWorkflow } from "@/components/agent-workflow";
  10 | import { AftermathResult } from "@/components/aftermath-result";
> 11 | import { ArchitectureView } from "@/components/architecture-view";
     | ^^^^^^^^^^^^^^^^^^^^^^^^^^^^^^^^^^^^^^^^^^^^^^^^^^^^^^^^^^^^^^^^^^
  12 | import { Disclaimer } from "@/components/disclaimer";
  13 |
  14 | export default function Home() {

Import map: aliased to relative './src/components/architecture-view' inside of [project]/

Import traces:
  Client Component Browser:
    ./src/app/page.tsx [Client Component Browser]
    ./src/app/page.tsx [Server Component]

  Client Component SSR:
    ./src/app/page.tsx [Client Component SSR]
    ./src/app/page.tsx [Server Component]

https://nextjs.org/docs/messages/module-not-found @ http://localhost:3000/_next/static/chunks/node_modules_next_dist_1gdrd03._.js:1945
[ 1031286ms] [ERROR] ./src/app/page.tsx:11:1
Module not found: Can't resolve '@/components/architecture-view'
   9 | import { AgentWorkflow } from "@/components/agent-workflow";
  10 | import { AftermathResult } from "@/components/aftermath-result";
> 11 | import { ArchitectureView } from "@/components/architecture-view";
     | ^^^^^^^^^^^^^^^^^^^^^^^^^^^^^^^^^^^^^^^^^^^^^^^^^^^^^^^^^^^^^^^^^^
  12 | import { Disclaimer } from "@/components/disclaimer";
  13 |
  14 | export default function Home() {

Import map: aliased to relative './src/components/architecture-view' inside of [project]/

Import traces:
  Client Component Browser:
    ./src/app/page.tsx [Client Component Browser]
    ./src/app/page.tsx [Server Component]

  Client Component SSR:
    ./src/app/page.tsx [Client Component SSR]
    ./src/app/page.tsx [Server Component]

https://nextjs.org/docs/messages/module-not-found @ http://localhost:3000/_next/static/chunks/node_modules_next_dist_1gdrd03._.js:1945
[ 1031350ms] [ERROR] ./src/app/page.tsx:11:1
Module not found: Can't resolve '@/components/architecture-view'
   9 | import { AgentWorkflow } from "@/components/agent-workflow";
  10 | import { AftermathResult } from "@/components/aftermath-result";
> 11 | import { ArchitectureView } from "@/components/architecture-view";
     | ^^^^^^^^^^^^^^^^^^^^^^^^^^^^^^^^^^^^^^^^^^^^^^^^^^^^^^^^^^^^^^^^^^
  12 | import { Disclaimer } from "@/components/disclaimer";
  13 |
  14 | export default function Home() {

Import map: aliased to relative './src/components/architecture-view' inside of [project]/

Import traces:
  Client Component Browser:
    ./src/app/page.tsx [Client Component Browser]
    ./src/app/page.tsx [Server Component]

  Client Component SSR:
    ./src/app/page.tsx [Client Component SSR]
    ./src/app/page.tsx [Server Component]

https://nextjs.org/docs/messages/module-not-found @ http://localhost:3000/_next/static/chunks/node_modules_next_dist_1gdrd03._.js:1945
[ 1031403ms] [ERROR] ./src/app/page.tsx:11:1
Module not found: Can't resolve '@/components/architecture-view'
   9 | import { AgentWorkflow } from "@/components/agent-workflow";
  10 | import { AftermathResult } from "@/components/aftermath-result";
> 11 | import { ArchitectureView } from "@/components/architecture-view";
     | ^^^^^^^^^^^^^^^^^^^^^^^^^^^^^^^^^^^^^^^^^^^^^^^^^^^^^^^^^^^^^^^^^^
  12 | import { Disclaimer } from "@/components/disclaimer";
  13 |
  14 | export default function Home() {

Import map: aliased to relative './src/components/architecture-view' inside of [project]/

Import traces:
  Client Component Browser:
    ./src/app/page.tsx [Client Component Browser]
    ./src/app/page.tsx [Server Component]

  Client Component SSR:
    ./src/app/page.tsx [Client Component SSR]
    ./src/app/page.tsx [Server Component]

https://nextjs.org/docs/messages/module-not-found @ http://localhost:3000/_next/static/chunks/node_modules_next_dist_1gdrd03._.js:1945
[ 1031469ms] [ERROR] ./src/app/page.tsx:11:1
Module not found: Can't resolve '@/components/architecture-view'
   9 | import { AgentWorkflow } from "@/components/agent-workflow";
  10 | import { AftermathResult } from "@/components/aftermath-result";
> 11 | import { ArchitectureView } from "@/components/architecture-view";
     | ^^^^^^^^^^^^^^^^^^^^^^^^^^^^^^^^^^^^^^^^^^^^^^^^^^^^^^^^^^^^^^^^^^
  12 | import { Disclaimer } from "@/components/disclaimer";
  13 |
  14 | export default function Home() {

Import map: aliased to relative './src/components/architecture-view' inside of [project]/

Import traces:
  Client Component Browser:
    ./src/app/page.tsx [Client Component Browser]
    ./src/app/page.tsx [Server Component]

  Client Component SSR:
    ./src/app/page.tsx [Client Component SSR]
    ./src/app/page.tsx [Server Component]

https://nextjs.org/docs/messages/module-not-found @ http://localhost:3000/_next/static/chunks/node_modules_next_dist_1gdrd03._.js:1945
[ 1031534ms] [ERROR] ./src/app/page.tsx:11:1
Module not found: Can't resolve '@/components/architecture-view'
   9 | import { AgentWorkflow } from "@/components/agent-workflow";
  10 | import { AftermathResult } from "@/components/aftermath-result";
> 11 | import { ArchitectureView } from "@/components/architecture-view";
     | ^^^^^^^^^^^^^^^^^^^^^^^^^^^^^^^^^^^^^^^^^^^^^^^^^^^^^^^^^^^^^^^^^^
  12 | import { Disclaimer } from "@/components/disclaimer";
  13 |
  14 | export default function Home() {

Import map: aliased to relative './src/components/architecture-view' inside of [project]/

Import traces:
  Client Component Browser:
    ./src/app/page.tsx [Client Component Browser]
    ./src/app/page.tsx [Server Component]

  Client Component SSR:
    ./src/app/page.tsx [Client Component SSR]
    ./src/app/page.tsx [Server Component]

https://nextjs.org/docs/messages/module-not-found @ http://localhost:3000/_next/static/chunks/node_modules_next_dist_1gdrd03._.js:1945
[ 1031586ms] [ERROR] ./src/app/page.tsx:11:1
Module not found: Can't resolve '@/components/architecture-view'
   9 | import { AgentWorkflow } from "@/components/agent-workflow";
  10 | import { AftermathResult } from "@/components/aftermath-result";
> 11 | import { ArchitectureView } from "@/components/architecture-view";
     | ^^^^^^^^^^^^^^^^^^^^^^^^^^^^^^^^^^^^^^^^^^^^^^^^^^^^^^^^^^^^^^^^^^
  12 | import { Disclaimer } from "@/components/disclaimer";
  13 |
  14 | export default function Home() {

Import map: aliased to relative './src/components/architecture-view' inside of [project]/

Import traces:
  Client Component Browser:
    ./src/app/page.tsx [Client Component Browser]
    ./src/app/page.tsx [Server Component]

  Client Component SSR:
    ./src/app/page.tsx [Client Component SSR]
    ./src/app/page.tsx [Server Component]

https://nextjs.org/docs/messages/module-not-found @ http://localhost:3000/_next/static/chunks/node_modules_next_dist_1gdrd03._.js:1945
[ 1031652ms] [ERROR] ./src/app/page.tsx:11:1
Module not found: Can't resolve '@/components/architecture-view'
   9 | import { AgentWorkflow } from "@/components/agent-workflow";
  10 | import { AftermathResult } from "@/components/aftermath-result";
> 11 | import { ArchitectureView } from "@/components/architecture-view";
     | ^^^^^^^^^^^^^^^^^^^^^^^^^^^^^^^^^^^^^^^^^^^^^^^^^^^^^^^^^^^^^^^^^^
  12 | import { Disclaimer } from "@/components/disclaimer";
  13 |
  14 | export default function Home() {

Import map: aliased to relative './src/components/architecture-view' inside of [project]/

Import traces:
  Client Component Browser:
    ./src/app/page.tsx [Client Component Browser]
    ./src/app/page.tsx [Server Component]

  Client Component SSR:
    ./src/app/page.tsx [Client Component SSR]
    ./src/app/page.tsx [Server Component]

https://nextjs.org/docs/messages/module-not-found @ http://localhost:3000/_next/static/chunks/node_modules_next_dist_1gdrd03._.js:1945
[ 1031717ms] [ERROR] ./src/app/page.tsx:11:1
Module not found: Can't resolve '@/components/architecture-view'
   9 | import { AgentWorkflow } from "@/components/agent-workflow";
  10 | import { AftermathResult } from "@/components/aftermath-result";
> 11 | import { ArchitectureView } from "@/components/architecture-view";
     | ^^^^^^^^^^^^^^^^^^^^^^^^^^^^^^^^^^^^^^^^^^^^^^^^^^^^^^^^^^^^^^^^^^
  12 | import { Disclaimer } from "@/components/disclaimer";
  13 |
  14 | export default function Home() {

Import map: aliased to relative './src/components/architecture-view' inside of [project]/

Import traces:
  Client Component Browser:
    ./src/app/page.tsx [Client Component Browser]
    ./src/app/page.tsx [Server Component]

  Client Component SSR:
    ./src/app/page.tsx [Client Component SSR]
    ./src/app/page.tsx [Server Component]

https://nextjs.org/docs/messages/module-not-found @ http://localhost:3000/_next/static/chunks/node_modules_next_dist_1gdrd03._.js:1945
[ 1031780ms] [ERROR] ./src/app/page.tsx:11:1
Module not found: Can't resolve '@/components/architecture-view'
   9 | import { AgentWorkflow } from "@/components/agent-workflow";
  10 | import { AftermathResult } from "@/components/aftermath-result";
> 11 | import { ArchitectureView } from "@/components/architecture-view";
     | ^^^^^^^^^^^^^^^^^^^^^^^^^^^^^^^^^^^^^^^^^^^^^^^^^^^^^^^^^^^^^^^^^^
  12 | import { Disclaimer } from "@/components/disclaimer";
  13 |
  14 | export default function Home() {

Import map: aliased to relative './src/components/architecture-view' inside of [project]/

Import traces:
  Client Component Browser:
    ./src/app/page.tsx [Client Component Browser]
    ./src/app/page.tsx [Server Component]

  Client Component SSR:
    ./src/app/page.tsx [Client Component SSR]
    ./src/app/page.tsx [Server Component]

https://nextjs.org/docs/messages/module-not-found @ http://localhost:3000/_next/static/chunks/node_modules_next_dist_1gdrd03._.js:1945
[ 1031835ms] [ERROR] ./src/app/page.tsx:11:1
Module not found: Can't resolve '@/components/architecture-view'
   9 | import { AgentWorkflow } from "@/components/agent-workflow";
  10 | import { AftermathResult } from "@/components/aftermath-result";
> 11 | import { ArchitectureView } from "@/components/architecture-view";
     | ^^^^^^^^^^^^^^^^^^^^^^^^^^^^^^^^^^^^^^^^^^^^^^^^^^^^^^^^^^^^^^^^^^
  12 | import { Disclaimer } from "@/components/disclaimer";
  13 |
  14 | export default function Home() {

Import map: aliased to relative './src/components/architecture-view' inside of [project]/

Import traces:
  Client Component Browser:
    ./src/app/page.tsx [Client Component Browser]
    ./src/app/page.tsx [Server Component]

  Client Component SSR:
    ./src/app/page.tsx [Client Component SSR]
    ./src/app/page.tsx [Server Component]

https://nextjs.org/docs/messages/module-not-found @ http://localhost:3000/_next/static/chunks/node_modules_next_dist_1gdrd03._.js:1945
[ 1031903ms] [ERROR] ./src/app/page.tsx:11:1
Module not found: Can't resolve '@/components/architecture-view'
   9 | import { AgentWorkflow } from "@/components/agent-workflow";
  10 | import { AftermathResult } from "@/components/aftermath-result";
> 11 | import { ArchitectureView } from "@/components/architecture-view";
     | ^^^^^^^^^^^^^^^^^^^^^^^^^^^^^^^^^^^^^^^^^^^^^^^^^^^^^^^^^^^^^^^^^^
  12 | import { Disclaimer } from "@/components/disclaimer";
  13 |
  14 | export default function Home() {

Import map: aliased to relative './src/components/architecture-view' inside of [project]/

Import traces:
  Client Component Browser:
    ./src/app/page.tsx [Client Component Browser]
    ./src/app/page.tsx [Server Component]

  Client Component SSR:
    ./src/app/page.tsx [Client Component SSR]
    ./src/app/page.tsx [Server Component]

https://nextjs.org/docs/messages/module-not-found @ http://localhost:3000/_next/static/chunks/node_modules_next_dist_1gdrd03._.js:1945
[ 1031970ms] [ERROR] ./src/app/page.tsx:11:1
Module not found: Can't resolve '@/components/architecture-view'
   9 | import { AgentWorkflow } from "@/components/agent-workflow";
  10 | import { AftermathResult } from "@/components/aftermath-result";
> 11 | import { ArchitectureView } from "@/components/architecture-view";
     | ^^^^^^^^^^^^^^^^^^^^^^^^^^^^^^^^^^^^^^^^^^^^^^^^^^^^^^^^^^^^^^^^^^
  12 | import { Disclaimer } from "@/components/disclaimer";
  13 |
  14 | export default function Home() {

Import map: aliased to relative './src/components/architecture-view' inside of [project]/

Import traces:
  Client Component Browser:
    ./src/app/page.tsx [Client Component Browser]
    ./src/app/page.tsx [Server Component]

  Client Component SSR:
    ./src/app/page.tsx [Client Component SSR]
    ./src/app/page.tsx [Server Component]

https://nextjs.org/docs/messages/module-not-found @ http://localhost:3000/_next/static/chunks/node_modules_next_dist_1gdrd03._.js:1945
[ 1032019ms] [ERROR] ./src/app/page.tsx:11:1
Module not found: Can't resolve '@/components/architecture-view'
   9 | import { AgentWorkflow } from "@/components/agent-workflow";
  10 | import { AftermathResult } from "@/components/aftermath-result";
> 11 | import { ArchitectureView } from "@/components/architecture-view";
     | ^^^^^^^^^^^^^^^^^^^^^^^^^^^^^^^^^^^^^^^^^^^^^^^^^^^^^^^^^^^^^^^^^^
  12 | import { Disclaimer } from "@/components/disclaimer";
  13 |
  14 | export default function Home() {

Import map: aliased to relative './src/components/architecture-view' inside of [project]/

Import traces:
  Client Component Browser:
    ./src/app/page.tsx [Client Component Browser]
    ./src/app/page.tsx [Server Component]

  Client Component SSR:
    ./src/app/page.tsx [Client Component SSR]
    ./src/app/page.tsx [Server Component]

https://nextjs.org/docs/messages/module-not-found @ http://localhost:3000/_next/static/chunks/node_modules_next_dist_1gdrd03._.js:1945
[ 1032070ms] [ERROR] ./src/app/page.tsx:11:1
Module not found: Can't resolve '@/components/architecture-view'
   9 | import { AgentWorkflow } from "@/components/agent-workflow";
  10 | import { AftermathResult } from "@/components/aftermath-result";
> 11 | import { ArchitectureView } from "@/components/architecture-view";
     | ^^^^^^^^^^^^^^^^^^^^^^^^^^^^^^^^^^^^^^^^^^^^^^^^^^^^^^^^^^^^^^^^^^
  12 | import { Disclaimer } from "@/components/disclaimer";
  13 |
  14 | export default function Home() {

Import map: aliased to relative './src/components/architecture-view' inside of [project]/

Import traces:
  Client Component Browser:
    ./src/app/page.tsx [Client Component Browser]
    ./src/app/page.tsx [Server Component]

  Client Component SSR:
    ./src/app/page.tsx [Client Component SSR]
    ./src/app/page.tsx [Server Component]

https://nextjs.org/docs/messages/module-not-found @ http://localhost:3000/_next/static/chunks/node_modules_next_dist_1gdrd03._.js:1945
[ 1032136ms] [ERROR] ./src/app/page.tsx:11:1
Module not found: Can't resolve '@/components/architecture-view'
   9 | import { AgentWorkflow } from "@/components/agent-workflow";
  10 | import { AftermathResult } from "@/components/aftermath-result";
> 11 | import { ArchitectureView } from "@/components/architecture-view";
     | ^^^^^^^^^^^^^^^^^^^^^^^^^^^^^^^^^^^^^^^^^^^^^^^^^^^^^^^^^^^^^^^^^^
  12 | import { Disclaimer } from "@/components/disclaimer";
  13 |
  14 | export default function Home() {

Import map: aliased to relative './src/components/architecture-view' inside of [project]/

Import traces:
  Client Component Browser:
    ./src/app/page.tsx [Client Component Browser]
    ./src/app/page.tsx [Server Component]

  Client Component SSR:
    ./src/app/page.tsx [Client Component SSR]
    ./src/app/page.tsx [Server Component]

https://nextjs.org/docs/messages/module-not-found @ http://localhost:3000/_next/static/chunks/node_modules_next_dist_1gdrd03._.js:1945
[ 1032186ms] [ERROR] ./src/app/page.tsx:11:1
Module not found: Can't resolve '@/components/architecture-view'
   9 | import { AgentWorkflow } from "@/components/agent-workflow";
  10 | import { AftermathResult } from "@/components/aftermath-result";
> 11 | import { ArchitectureView } from "@/components/architecture-view";
     | ^^^^^^^^^^^^^^^^^^^^^^^^^^^^^^^^^^^^^^^^^^^^^^^^^^^^^^^^^^^^^^^^^^
  12 | import { Disclaimer } from "@/components/disclaimer";
  13 |
  14 | export default function Home() {

Import map: aliased to relative './src/components/architecture-view' inside of [project]/

Import traces:
  Client Component Browser:
    ./src/app/page.tsx [Client Component Browser]
    ./src/app/page.tsx [Server Component]

  Client Component SSR:
    ./src/app/page.tsx [Client Component SSR]
    ./src/app/page.tsx [Server Component]

https://nextjs.org/docs/messages/module-not-found @ http://localhost:3000/_next/static/chunks/node_modules_next_dist_1gdrd03._.js:1945
[ 1032254ms] [ERROR] ./src/app/page.tsx:11:1
Module not found: Can't resolve '@/components/architecture-view'
   9 | import { AgentWorkflow } from "@/components/agent-workflow";
  10 | import { AftermathResult } from "@/components/aftermath-result";
> 11 | import { ArchitectureView } from "@/components/architecture-view";
     | ^^^^^^^^^^^^^^^^^^^^^^^^^^^^^^^^^^^^^^^^^^^^^^^^^^^^^^^^^^^^^^^^^^
  12 | import { Disclaimer } from "@/components/disclaimer";
  13 |
  14 | export default function Home() {

Import map: aliased to relative './src/components/architecture-view' inside of [project]/

Import traces:
  Client Component Browser:
    ./src/app/page.tsx [Client Component Browser]
    ./src/app/page.tsx [Server Component]

  Client Component SSR:
    ./src/app/page.tsx [Client Component SSR]
    ./src/app/page.tsx [Server Component]

https://nextjs.org/docs/messages/module-not-found @ http://localhost:3000/_next/static/chunks/node_modules_next_dist_1gdrd03._.js:1945
[ 1032316ms] [ERROR] ./src/app/page.tsx:11:1
Module not found: Can't resolve '@/components/architecture-view'
   9 | import { AgentWorkflow } from "@/components/agent-workflow";
  10 | import { AftermathResult } from "@/components/aftermath-result";
> 11 | import { ArchitectureView } from "@/components/architecture-view";
     | ^^^^^^^^^^^^^^^^^^^^^^^^^^^^^^^^^^^^^^^^^^^^^^^^^^^^^^^^^^^^^^^^^^
  12 | import { Disclaimer } from "@/components/disclaimer";
  13 |
  14 | export default function Home() {

Import map: aliased to relative './src/components/architecture-view' inside of [project]/

Import traces:
  Client Component Browser:
    ./src/app/page.tsx [Client Component Browser]
    ./src/app/page.tsx [Server Component]

  Client Component SSR:
    ./src/app/page.tsx [Client Component SSR]
    ./src/app/page.tsx [Server Component]

https://nextjs.org/docs/messages/module-not-found @ http://localhost:3000/_next/static/chunks/node_modules_next_dist_1gdrd03._.js:1945
[ 1032368ms] [ERROR] ./src/app/page.tsx:11:1
Module not found: Can't resolve '@/components/architecture-view'
   9 | import { AgentWorkflow } from "@/components/agent-workflow";
  10 | import { AftermathResult } from "@/components/aftermath-result";
> 11 | import { ArchitectureView } from "@/components/architecture-view";
     | ^^^^^^^^^^^^^^^^^^^^^^^^^^^^^^^^^^^^^^^^^^^^^^^^^^^^^^^^^^^^^^^^^^
  12 | import { Disclaimer } from "@/components/disclaimer";
  13 |
  14 | export default function Home() {

Import map: aliased to relative './src/components/architecture-view' inside of [project]/

Import traces:
  Client Component Browser:
    ./src/app/page.tsx [Client Component Browser]
    ./src/app/page.tsx [Server Component]

  Client Component SSR:
    ./src/app/page.tsx [Client Component SSR]
    ./src/app/page.tsx [Server Component]

https://nextjs.org/docs/messages/module-not-found @ http://localhost:3000/_next/static/chunks/node_modules_next_dist_1gdrd03._.js:1945
[ 1032418ms] [ERROR] ./src/app/page.tsx:11:1
Module not found: Can't resolve '@/components/architecture-view'
   9 | import { AgentWorkflow } from "@/components/agent-workflow";
  10 | import { AftermathResult } from "@/components/aftermath-result";
> 11 | import { ArchitectureView } from "@/components/architecture-view";
     | ^^^^^^^^^^^^^^^^^^^^^^^^^^^^^^^^^^^^^^^^^^^^^^^^^^^^^^^^^^^^^^^^^^
  12 | import { Disclaimer } from "@/components/disclaimer";
  13 |
  14 | export default function Home() {

Import map: aliased to relative './src/components/architecture-view' inside of [project]/

Import traces:
  Client Component Browser:
    ./src/app/page.tsx [Client Component Browser]
    ./src/app/page.tsx [Server Component]

  Client Component SSR:
    ./src/app/page.tsx [Client Component SSR]
    ./src/app/page.tsx [Server Component]

https://nextjs.org/docs/messages/module-not-found @ http://localhost:3000/_next/static/chunks/node_modules_next_dist_1gdrd03._.js:1945
[ 1032486ms] [ERROR] ./src/app/page.tsx:11:1
Module not found: Can't resolve '@/components/architecture-view'
   9 | import { AgentWorkflow } from "@/components/agent-workflow";
  10 | import { AftermathResult } from "@/components/aftermath-result";
> 11 | import { ArchitectureView } from "@/components/architecture-view";
     | ^^^^^^^^^^^^^^^^^^^^^^^^^^^^^^^^^^^^^^^^^^^^^^^^^^^^^^^^^^^^^^^^^^
  12 | import { Disclaimer } from "@/components/disclaimer";
  13 |
  14 | export default function Home() {

Import map: aliased to relative './src/components/architecture-view' inside of [project]/

Import traces:
  Client Component Browser:
    ./src/app/page.tsx [Client Component Browser]
    ./src/app/page.tsx [Server Component]

  Client Component SSR:
    ./src/app/page.tsx [Client Component SSR]
    ./src/app/page.tsx [Server Component]

https://nextjs.org/docs/messages/module-not-found @ http://localhost:3000/_next/static/chunks/node_modules_next_dist_1gdrd03._.js:1945
[ 1032536ms] [ERROR] ./src/app/page.tsx:11:1
Module not found: Can't resolve '@/components/architecture-view'
   9 | import { AgentWorkflow } from "@/components/agent-workflow";
  10 | import { AftermathResult } from "@/components/aftermath-result";
> 11 | import { ArchitectureView } from "@/components/architecture-view";
     | ^^^^^^^^^^^^^^^^^^^^^^^^^^^^^^^^^^^^^^^^^^^^^^^^^^^^^^^^^^^^^^^^^^
  12 | import { Disclaimer } from "@/components/disclaimer";
  13 |
  14 | export default function Home() {

Import map: aliased to relative './src/components/architecture-view' inside of [project]/

Import traces:
  Client Component Browser:
    ./src/app/page.tsx [Client Component Browser]
    ./src/app/page.tsx [Server Component]

  Client Component SSR:
    ./src/app/page.tsx [Client Component SSR]
    ./src/app/page.tsx [Server Component]

https://nextjs.org/docs/messages/module-not-found @ http://localhost:3000/_next/static/chunks/node_modules_next_dist_1gdrd03._.js:1945
[ 1032602ms] [ERROR] ./src/app/page.tsx:11:1
Module not found: Can't resolve '@/components/architecture-view'
   9 | import { AgentWorkflow } from "@/components/agent-workflow";
  10 | import { AftermathResult } from "@/components/aftermath-result";
> 11 | import { ArchitectureView } from "@/components/architecture-view";
     | ^^^^^^^^^^^^^^^^^^^^^^^^^^^^^^^^^^^^^^^^^^^^^^^^^^^^^^^^^^^^^^^^^^
  12 | import { Disclaimer } from "@/components/disclaimer";
  13 |
  14 | export default function Home() {

Import map: aliased to relative './src/components/architecture-view' inside of [project]/

Import traces:
  Client Component Browser:
    ./src/app/page.tsx [Client Component Browser]
    ./src/app/page.tsx [Server Component]

  Client Component SSR:
    ./src/app/page.tsx [Client Component SSR]
    ./src/app/page.tsx [Server Component]

https://nextjs.org/docs/messages/module-not-found @ http://localhost:3000/_next/static/chunks/node_modules_next_dist_1gdrd03._.js:1945
[ 1032652ms] [ERROR] ./src/app/page.tsx:11:1
Module not found: Can't resolve '@/components/architecture-view'
   9 | import { AgentWorkflow } from "@/components/agent-workflow";
  10 | import { AftermathResult } from "@/components/aftermath-result";
> 11 | import { ArchitectureView } from "@/components/architecture-view";
     | ^^^^^^^^^^^^^^^^^^^^^^^^^^^^^^^^^^^^^^^^^^^^^^^^^^^^^^^^^^^^^^^^^^
  12 | import { Disclaimer } from "@/components/disclaimer";
  13 |
  14 | export default function Home() {

Import map: aliased to relative './src/components/architecture-view' inside of [project]/

Import traces:
  Client Component Browser:
    ./src/app/page.tsx [Client Component Browser]
    ./src/app/page.tsx [Server Component]

  Client Component SSR:
    ./src/app/page.tsx [Client Component SSR]
    ./src/app/page.tsx [Server Component]

https://nextjs.org/docs/messages/module-not-found @ http://localhost:3000/_next/static/chunks/node_modules_next_dist_1gdrd03._.js:1945
[ 1032719ms] [ERROR] ./src/app/page.tsx:11:1
Module not found: Can't resolve '@/components/architecture-view'
   9 | import { AgentWorkflow } from "@/components/agent-workflow";
  10 | import { AftermathResult } from "@/components/aftermath-result";
> 11 | import { ArchitectureView } from "@/components/architecture-view";
     | ^^^^^^^^^^^^^^^^^^^^^^^^^^^^^^^^^^^^^^^^^^^^^^^^^^^^^^^^^^^^^^^^^^
  12 | import { Disclaimer } from "@/components/disclaimer";
  13 |
  14 | export default function Home() {

Import map: aliased to relative './src/components/architecture-view' inside of [project]/

Import traces:
  Client Component Browser:
    ./src/app/page.tsx [Client Component Browser]
    ./src/app/page.tsx [Server Component]

  Client Component SSR:
    ./src/app/page.tsx [Client Component SSR]
    ./src/app/page.tsx [Server Component]

https://nextjs.org/docs/messages/module-not-found @ http://localhost:3000/_next/static/chunks/node_modules_next_dist_1gdrd03._.js:1945
[ 1032786ms] [ERROR] ./src/app/page.tsx:11:1
Module not found: Can't resolve '@/components/architecture-view'
   9 | import { AgentWorkflow } from "@/components/agent-workflow";
  10 | import { AftermathResult } from "@/components/aftermath-result";
> 11 | import { ArchitectureView } from "@/components/architecture-view";
     | ^^^^^^^^^^^^^^^^^^^^^^^^^^^^^^^^^^^^^^^^^^^^^^^^^^^^^^^^^^^^^^^^^^
  12 | import { Disclaimer } from "@/components/disclaimer";
  13 |
  14 | export default function Home() {

Import map: aliased to relative './src/components/architecture-view' inside of [project]/

Import traces:
  Client Component Browser:
    ./src/app/page.tsx [Client Component Browser]
    ./src/app/page.tsx [Server Component]

  Client Component SSR:
    ./src/app/page.tsx [Client Component SSR]
    ./src/app/page.tsx [Server Component]

https://nextjs.org/docs/messages/module-not-found @ http://localhost:3000/_next/static/chunks/node_modules_next_dist_1gdrd03._.js:1945
[ 1032845ms] [ERROR] ./src/app/page.tsx:11:1
Module not found: Can't resolve '@/components/architecture-view'
   9 | import { AgentWorkflow } from "@/components/agent-workflow";
  10 | import { AftermathResult } from "@/components/aftermath-result";
> 11 | import { ArchitectureView } from "@/components/architecture-view";
     | ^^^^^^^^^^^^^^^^^^^^^^^^^^^^^^^^^^^^^^^^^^^^^^^^^^^^^^^^^^^^^^^^^^
  12 | import { Disclaimer } from "@/components/disclaimer";
  13 |
  14 | export default function Home() {

Import map: aliased to relative './src/components/architecture-view' inside of [project]/

Import traces:
  Client Component Browser:
    ./src/app/page.tsx [Client Component Browser]
    ./src/app/page.tsx [Server Component]

  Client Component SSR:
    ./src/app/page.tsx [Client Component SSR]
    ./src/app/page.tsx [Server Component]

https://nextjs.org/docs/messages/module-not-found @ http://localhost:3000/_next/static/chunks/node_modules_next_dist_1gdrd03._.js:1945
[ 1032900ms] [ERROR] ./src/app/page.tsx:11:1
Module not found: Can't resolve '@/components/architecture-view'
   9 | import { AgentWorkflow } from "@/components/agent-workflow";
  10 | import { AftermathResult } from "@/components/aftermath-result";
> 11 | import { ArchitectureView } from "@/components/architecture-view";
     | ^^^^^^^^^^^^^^^^^^^^^^^^^^^^^^^^^^^^^^^^^^^^^^^^^^^^^^^^^^^^^^^^^^
  12 | import { Disclaimer } from "@/components/disclaimer";
  13 |
  14 | export default function Home() {

Import map: aliased to relative './src/components/architecture-view' inside of [project]/

Import traces:
  Client Component Browser:
    ./src/app/page.tsx [Client Component Browser]
    ./src/app/page.tsx [Server Component]

  Client Component SSR:
    ./src/app/page.tsx [Client Component SSR]
    ./src/app/page.tsx [Server Component]

https://nextjs.org/docs/messages/module-not-found @ http://localhost:3000/_next/static/chunks/node_modules_next_dist_1gdrd03._.js:1945
[ 1032953ms] [ERROR] ./src/app/page.tsx:11:1
Module not found: Can't resolve '@/components/architecture-view'
   9 | import { AgentWorkflow } from "@/components/agent-workflow";
  10 | import { AftermathResult } from "@/components/aftermath-result";
> 11 | import { ArchitectureView } from "@/components/architecture-view";
     | ^^^^^^^^^^^^^^^^^^^^^^^^^^^^^^^^^^^^^^^^^^^^^^^^^^^^^^^^^^^^^^^^^^
  12 | import { Disclaimer } from "@/components/disclaimer";
  13 |
  14 | export default function Home() {

Import map: aliased to relative './src/components/architecture-view' inside of [project]/

Import traces:
  Client Component Browser:
    ./src/app/page.tsx [Client Component Browser]
    ./src/app/page.tsx [Server Component]

  Client Component SSR:
    ./src/app/page.tsx [Client Component SSR]
    ./src/app/page.tsx [Server Component]

https://nextjs.org/docs/messages/module-not-found @ http://localhost:3000/_next/static/chunks/node_modules_next_dist_1gdrd03._.js:1945
[ 1033020ms] [ERROR] ./src/app/page.tsx:11:1
Module not found: Can't resolve '@/components/architecture-view'
   9 | import { AgentWorkflow } from "@/components/agent-workflow";
  10 | import { AftermathResult } from "@/components/aftermath-result";
> 11 | import { ArchitectureView } from "@/components/architecture-view";
     | ^^^^^^^^^^^^^^^^^^^^^^^^^^^^^^^^^^^^^^^^^^^^^^^^^^^^^^^^^^^^^^^^^^
  12 | import { Disclaimer } from "@/components/disclaimer";
  13 |
  14 | export default function Home() {

Import map: aliased to relative './src/components/architecture-view' inside of [project]/

Import traces:
  Client Component Browser:
    ./src/app/page.tsx [Client Component Browser]
    ./src/app/page.tsx [Server Component]

  Client Component SSR:
    ./src/app/page.tsx [Client Component SSR]
    ./src/app/page.tsx [Server Component]

https://nextjs.org/docs/messages/module-not-found @ http://localhost:3000/_next/static/chunks/node_modules_next_dist_1gdrd03._.js:1945
[ 1033085ms] [ERROR] ./src/app/page.tsx:11:1
Module not found: Can't resolve '@/components/architecture-view'
   9 | import { AgentWorkflow } from "@/components/agent-workflow";
  10 | import { AftermathResult } from "@/components/aftermath-result";
> 11 | import { ArchitectureView } from "@/components/architecture-view";
     | ^^^^^^^^^^^^^^^^^^^^^^^^^^^^^^^^^^^^^^^^^^^^^^^^^^^^^^^^^^^^^^^^^^
  12 | import { Disclaimer } from "@/components/disclaimer";
  13 |
  14 | export default function Home() {

Import map: aliased to relative './src/components/architecture-view' inside of [project]/

Import traces:
  Client Component Browser:
    ./src/app/page.tsx [Client Component Browser]
    ./src/app/page.tsx [Server Component]

  Client Component SSR:
    ./src/app/page.tsx [Client Component SSR]
    ./src/app/page.tsx [Server Component]

https://nextjs.org/docs/messages/module-not-found @ http://localhost:3000/_next/static/chunks/node_modules_next_dist_1gdrd03._.js:1945
[ 1033201ms] [LOG] [Fast Refresh] rebuilding @ http://localhost:3000/_next/static/chunks/node_modules_next_dist_1gdrd03._.js:1226
[ 1033296ms] [ERROR] ./src/app/page.tsx:11:1
Export ArchitectureView doesn't exist in target module
   9 | import { AgentWorkflow } from "@/components/agent-workflow";
  10 | import { AftermathResult } from "@/components/aftermath-result";
> 11 | import { ArchitectureView } from "@/components/architecture-view";
     | ^^^^^^^^^^^^^^^^^^^^^^^^^^^^^^^^^^^^^^^^^^^^^^^^^^^^^^^^^^^^^^^^^^
  12 | import { Disclaimer } from "@/components/disclaimer";
  13 |
  14 | export default function Home() {

The export ArchitectureView was not found in module [project]/src/components/architecture-view.tsx [app-client] (ecmascript).
The module has no exports at all.
All exports of the module are statically known (It doesn't have dynamic exports). So it's known statically that the requested export doesn't exist.

Import traces:
  Client Component Browser:
    ./src/app/page.tsx [Client Component Browser]
    ./src/app/page.tsx [Server Component]

  Client Component SSR:
    ./src/app/page.tsx [Client Component SSR]
    ./src/app/page.tsx [Server Component] @ http://localhost:3000/_next/static/chunks/node_modules_next_dist_1gdrd03._.js:1945
[ 1033297ms] [ERROR] ./src/app/page.tsx:11:1
Export ArchitectureView doesn't exist in target module
   9 | import { AgentWorkflow } from "@/components/agent-workflow";
  10 | import { AftermathResult } from "@/components/aftermath-result";
> 11 | import { ArchitectureView } from "@/components/architecture-view";
     | ^^^^^^^^^^^^^^^^^^^^^^^^^^^^^^^^^^^^^^^^^^^^^^^^^^^^^^^^^^^^^^^^^^
  12 | import { Disclaimer } from "@/components/disclaimer";
  13 |
  14 | export default function Home() {

The export ArchitectureView was not found in module [project]/src/components/architecture-view.tsx [app-ssr] (ecmascript).
The module has no exports at all.
All exports of the module are statically known (It doesn't have dynamic exports). So it's known statically that the requested export doesn't exist.

Import traces:
  Client Component Browser:
    ./src/app/page.tsx [Client Component Browser]
    ./src/app/page.tsx [Server Component]

  Client Component SSR:
    ./src/app/page.tsx [Client Component SSR]
    ./src/app/page.tsx [Server Component] @ http://localhost:3000/_next/static/chunks/node_modules_next_dist_1gdrd03._.js:1945
[ 1033376ms] [ERROR] ./src/app/page.tsx:11:1
Export ArchitectureView doesn't exist in target module
   9 | import { AgentWorkflow } from "@/components/agent-workflow";
  10 | import { AftermathResult } from "@/components/aftermath-result";
> 11 | import { ArchitectureView } from "@/components/architecture-view";
     | ^^^^^^^^^^^^^^^^^^^^^^^^^^^^^^^^^^^^^^^^^^^^^^^^^^^^^^^^^^^^^^^^^^
  12 | import { Disclaimer } from "@/components/disclaimer";
  13 |
  14 | export default function Home() {

The export ArchitectureView was not found in module [project]/src/components/architecture-view.tsx [app-client] (ecmascript).
The module has no exports at all.
All exports of the module are statically known (It doesn't have dynamic exports). So it's known statically that the requested export doesn't exist.

Import traces:
  Client Component Browser:
    ./src/app/page.tsx [Client Component Browser]
    ./src/app/page.tsx [Server Component]

  Client Component SSR:
    ./src/app/page.tsx [Client Component SSR]
    ./src/app/page.tsx [Server Component] @ http://localhost:3000/_next/static/chunks/node_modules_next_dist_1gdrd03._.js:1945
[ 1033376ms] [ERROR] ./src/app/page.tsx:11:1
Export ArchitectureView doesn't exist in target module
   9 | import { AgentWorkflow } from "@/components/agent-workflow";
  10 | import { AftermathResult } from "@/components/aftermath-result";
> 11 | import { ArchitectureView } from "@/components/architecture-view";
     | ^^^^^^^^^^^^^^^^^^^^^^^^^^^^^^^^^^^^^^^^^^^^^^^^^^^^^^^^^^^^^^^^^^
  12 | import { Disclaimer } from "@/components/disclaimer";
  13 |
  14 | export default function Home() {

The export ArchitectureView was not found in module [project]/src/components/architecture-view.tsx [app-ssr] (ecmascript).
The module has no exports at all.
All exports of the module are statically known (It doesn't have dynamic exports). So it's known statically that the requested export doesn't exist.

Import traces:
  Client Component Browser:
    ./src/app/page.tsx [Client Component Browser]
    ./src/app/page.tsx [Server Component]

  Client Component SSR:
    ./src/app/page.tsx [Client Component SSR]
    ./src/app/page.tsx [Server Component] @ http://localhost:3000/_next/static/chunks/node_modules_next_dist_1gdrd03._.js:1945
[ 1033451ms] [ERROR] ./src/app/page.tsx:11:1
Export ArchitectureView doesn't exist in target module
   9 | import { AgentWorkflow } from "@/components/agent-workflow";
  10 | import { AftermathResult } from "@/components/aftermath-result";
> 11 | import { ArchitectureView } from "@/components/architecture-view";
     | ^^^^^^^^^^^^^^^^^^^^^^^^^^^^^^^^^^^^^^^^^^^^^^^^^^^^^^^^^^^^^^^^^^
  12 | import { Disclaimer } from "@/components/disclaimer";
  13 |
  14 | export default function Home() {

The export ArchitectureView was not found in module [project]/src/components/architecture-view.tsx [app-client] (ecmascript).
The module has no exports at all.
All exports of the module are statically known (It doesn't have dynamic exports). So it's known statically that the requested export doesn't exist.

Import traces:
  Client Component Browser:
    ./src/app/page.tsx [Client Component Browser]
    ./src/app/page.tsx [Server Component]

  Client Component SSR:
    ./src/app/page.tsx [Client Component SSR]
    ./src/app/page.tsx [Server Component] @ http://localhost:3000/_next/static/chunks/node_modules_next_dist_1gdrd03._.js:1945
[ 1033452ms] [ERROR] ./src/app/page.tsx:11:1
Export ArchitectureView doesn't exist in target module
   9 | import { AgentWorkflow } from "@/components/agent-workflow";
  10 | import { AftermathResult } from "@/components/aftermath-result";
> 11 | import { ArchitectureView } from "@/components/architecture-view";
     | ^^^^^^^^^^^^^^^^^^^^^^^^^^^^^^^^^^^^^^^^^^^^^^^^^^^^^^^^^^^^^^^^^^
  12 | import { Disclaimer } from "@/components/disclaimer";
  13 |
  14 | export default function Home() {

The export ArchitectureView was not found in module [project]/src/components/architecture-view.tsx [app-ssr] (ecmascript).
The module has no exports at all.
All exports of the module are statically known (It doesn't have dynamic exports). So it's known statically that the requested export doesn't exist.

Import traces:
  Client Component Browser:
    ./src/app/page.tsx [Client Component Browser]
    ./src/app/page.tsx [Server Component]

  Client Component SSR:
    ./src/app/page.tsx [Client Component SSR]
    ./src/app/page.tsx [Server Component] @ http://localhost:3000/_next/static/chunks/node_modules_next_dist_1gdrd03._.js:1945
[ 1033467ms] [ERROR] Failed to load resource: the server responded with a status of 500 (Internal Server Error) @ http://localhost:3000/:0
[ 1033529ms] [INFO] %cDownload the React DevTools for a better development experience: https://react.dev/link/react-devtools font-weight:bold @ http://localhost:3000/_next/static/chunks/node_modules_react-dom_0kla17-._.js:15305
[ 1033555ms] Error: ./src/app/page.tsx:11:1
Export ArchitectureView doesn't exist in target module
   9 | import { AgentWorkflow } from "@/components/agent-workflow";
  10 | import { AftermathResult } from "@/components/aftermath-result";
> 11 | import { ArchitectureView } from "@/components/architecture-view";
     | ^^^^^^^^^^^^^^^^^^^^^^^^^^^^^^^^^^^^^^^^^^^^^^^^^^^^^^^^^^^^^^^^^^
  12 | import { Disclaimer } from "@/components/disclaimer";
  13 |
  14 | export default function Home() {

The export ArchitectureView was not found in module [project]/src/components/architecture-view.tsx [app-client] (ecmascript).
The module has no exports at all.
All exports of the module are statically known (It doesn't have dynamic exports). So it's known statically that the requested export doesn't exist.

Import traces:
  Client Component Browser:
    ./src/app/page.tsx [Client Component Browser]
    ./src/app/page.tsx [Server Component]

  Client Component SSR:
    ./src/app/page.tsx [Client Component SSR]
    ./src/app/page.tsx [Server Component]


    at <unknown> (Error: ./src/app/page.tsx:11:1)
    at Object.getCompilationErrors (file://D:\code\aftermath\node_modules\next\dist\server\dev\hot-reloader-turbopack.js:1186:59)
    at DevBundlerService.getCompilationError (file://D:\code\aftermath\node_modules\next\dist\server\lib\dev-bundler-service.js:44:55)
    at DevServer.getCompilationError (file://D:\code\aftermath\node_modules\next\dist\server\dev\next-dev-server.js:720:42)
    at DevServer.findPageComponents (file://D:\code\aftermath\node_modules\next\dist\server\dev\next-dev-server.js:690:43)
    at async DevServer.renderErrorToResponseImpl (file://D:\code\aftermath\node_modules\next\dist\server\base-server.js:1753:26)
[ 1033567ms] [LOG] [HMR] connected @ http://localhost:3000/_next/static/chunks/node_modules_next_dist_1gdrd03._.js:1226
[ 1033608ms] [ERROR] ./src/app/page.tsx:11:1
Export ArchitectureView doesn't exist in target module
   9 | import { AgentWorkflow } from "@/components/agent-workflow";
  10 | import { AftermathResult } from "@/components/aftermath-result";
> 11 | import { ArchitectureView } from "@/components/architecture-view";
     | ^^^^^^^^^^^^^^^^^^^^^^^^^^^^^^^^^^^^^^^^^^^^^^^^^^^^^^^^^^^^^^^^^^
  12 | import { Disclaimer } from "@/components/disclaimer";
  13 |
  14 | export default function Home() {

The export ArchitectureView was not found in module [project]/src/components/architecture-view.tsx [app-client] (ecmascript).
The module has no exports at all.
All exports of the module are statically known (It doesn't have dynamic exports). So it's known statically that the requested export doesn't exist.

Import traces:
  Client Component Browser:
    ./src/app/page.tsx [Client Component Browser]
    ./src/app/page.tsx [Server Component]

  Client Component SSR:
    ./src/app/page.tsx [Client Component SSR]
    ./src/app/page.tsx [Server Component] @ http://localhost:3000/_next/static/chunks/node_modules_next_dist_1gdrd03._.js:1945
[ 1033608ms] [ERROR] ./src/app/page.tsx:11:1
Export ArchitectureView doesn't exist in target module
   9 | import { AgentWorkflow } from "@/components/agent-workflow";
  10 | import { AftermathResult } from "@/components/aftermath-result";
> 11 | import { ArchitectureView } from "@/components/architecture-view";
     | ^^^^^^^^^^^^^^^^^^^^^^^^^^^^^^^^^^^^^^^^^^^^^^^^^^^^^^^^^^^^^^^^^^
  12 | import { Disclaimer } from "@/components/disclaimer";
  13 |
  14 | export default function Home() {

The export ArchitectureView was not found in module [project]/src/components/architecture-view.tsx [app-ssr] (ecmascript).
The module has no exports at all.
All exports of the module are statically known (It doesn't have dynamic exports). So it's known statically that the requested export doesn't exist.

Import traces:
  Client Component Browser:
    ./src/app/page.tsx [Client Component Browser]
    ./src/app/page.tsx [Server Component]

  Client Component SSR:
    ./src/app/page.tsx [Client Component SSR]
    ./src/app/page.tsx [Server Component] @ http://localhost:3000/_next/static/chunks/node_modules_next_dist_1gdrd03._.js:1945
[ 1033696ms] [ERROR] ./src/app/page.tsx:11:1
Export ArchitectureView doesn't exist in target module
   9 | import { AgentWorkflow } from "@/components/agent-workflow";
  10 | import { AftermathResult } from "@/components/aftermath-result";
> 11 | import { ArchitectureView } from "@/components/architecture-view";
     | ^^^^^^^^^^^^^^^^^^^^^^^^^^^^^^^^^^^^^^^^^^^^^^^^^^^^^^^^^^^^^^^^^^
  12 | import { Disclaimer } from "@/components/disclaimer";
  13 |
  14 | export default function Home() {

The export ArchitectureView was not found in module [project]/src/components/architecture-view.tsx [app-client] (ecmascript).
The module has no exports at all.
All exports of the module are statically known (It doesn't have dynamic exports). So it's known statically that the requested export doesn't exist.

Import traces:
  Client Component Browser:
    ./src/app/page.tsx [Client Component Browser]
    ./src/app/page.tsx [Server Component]

  Client Component SSR:
    ./src/app/page.tsx [Client Component SSR]
    ./src/app/page.tsx [Server Component] @ http://localhost:3000/_next/static/chunks/node_modules_next_dist_1gdrd03._.js:1945
[ 1033697ms] [ERROR] ./src/app/page.tsx:11:1
Export ArchitectureView doesn't exist in target module
   9 | import { AgentWorkflow } from "@/components/agent-workflow";
  10 | import { AftermathResult } from "@/components/aftermath-result";
> 11 | import { ArchitectureView } from "@/components/architecture-view";
     | ^^^^^^^^^^^^^^^^^^^^^^^^^^^^^^^^^^^^^^^^^^^^^^^^^^^^^^^^^^^^^^^^^^
  12 | import { Disclaimer } from "@/components/disclaimer";
  13 |
  14 | export default function Home() {

The export ArchitectureView was not found in module [project]/src/components/architecture-view.tsx [app-ssr] (ecmascript).
The module has no exports at all.
All exports of the module are statically known (It doesn't have dynamic exports). So it's known statically that the requested export doesn't exist.

Import traces:
  Client Component Browser:
    ./src/app/page.tsx [Client Component Browser]
    ./src/app/page.tsx [Server Component]

  Client Component SSR:
    ./src/app/page.tsx [Client Component SSR]
    ./src/app/page.tsx [Server Component] @ http://localhost:3000/_next/static/chunks/node_modules_next_dist_1gdrd03._.js:1945
[ 1033765ms] [ERROR] ./src/app/page.tsx:11:1
Export ArchitectureView doesn't exist in target module
   9 | import { AgentWorkflow } from "@/components/agent-workflow";
  10 | import { AftermathResult } from "@/components/aftermath-result";
> 11 | import { ArchitectureView } from "@/components/architecture-view";
     | ^^^^^^^^^^^^^^^^^^^^^^^^^^^^^^^^^^^^^^^^^^^^^^^^^^^^^^^^^^^^^^^^^^
  12 | import { Disclaimer } from "@/components/disclaimer";
  13 |
  14 | export default function Home() {

The export ArchitectureView was not found in module [project]/src/components/architecture-view.tsx [app-client] (ecmascript).
The module has no exports at all.
All exports of the module are statically known (It doesn't have dynamic exports). So it's known statically that the requested export doesn't exist.

Import traces:
  Client Component Browser:
    ./src/app/page.tsx [Client Component Browser]
    ./src/app/page.tsx [Server Component]

  Client Component SSR:
    ./src/app/page.tsx [Client Component SSR]
    ./src/app/page.tsx [Server Component] @ http://localhost:3000/_next/static/chunks/node_modules_next_dist_1gdrd03._.js:1945
[ 1033765ms] [ERROR] ./src/app/page.tsx:11:1
Export ArchitectureView doesn't exist in target module
   9 | import { AgentWorkflow } from "@/components/agent-workflow";
  10 | import { AftermathResult } from "@/components/aftermath-result";
> 11 | import { ArchitectureView } from "@/components/architecture-view";
     | ^^^^^^^^^^^^^^^^^^^^^^^^^^^^^^^^^^^^^^^^^^^^^^^^^^^^^^^^^^^^^^^^^^
  12 | import { Disclaimer } from "@/components/disclaimer";
  13 |
  14 | export default function Home() {

The export ArchitectureView was not found in module [project]/src/components/architecture-view.tsx [app-ssr] (ecmascript).
The module has no exports at all.
All exports of the module are statically known (It doesn't have dynamic exports). So it's known statically that the requested export doesn't exist.

Import traces:
  Client Component Browser:
    ./src/app/page.tsx [Client Component Browser]
    ./src/app/page.tsx [Server Component]

  Client Component SSR:
    ./src/app/page.tsx [Client Component SSR]
    ./src/app/page.tsx [Server Component] @ http://localhost:3000/_next/static/chunks/node_modules_next_dist_1gdrd03._.js:1945
[ 1033903ms] [LOG] [Fast Refresh] rebuilding @ http://localhost:3000/_next/static/chunks/node_modules_next_dist_1gdrd03._.js:1226
[ 1034801ms] [LOG] [Fast Refresh] done in 661ms @ http://localhost:3000/_next/static/chunks/node_modules_next_dist_1gdrd03._.js:1226
[ 1035041ms] [LOG] [Fast Refresh] rebuilding @ http://localhost:3000/_next/static/chunks/node_modules_next_dist_1gdrd03._.js:1226
[ 1035081ms] [LOG] [Fast Refresh] done in 147ms @ http://localhost:3000/_next/static/chunks/node_modules_next_dist_1gdrd03._.js:1226
[ 1035292ms] [INFO] %cDownload the React DevTools for a better development experience: https://react.dev/link/react-devtools font-weight:bold @ http://localhost:3000/_next/static/chunks/node_modules_next_dist_1ybzpk2._.js:2489
[ 1035344ms] [LOG] [HMR] connected @ http://localhost:3000/_next/static/chunks/node_modules_next_dist_1ybzpk2._.js:2489
[ 1063735ms] [LOG] [Fast Refresh] rebuilding @ http://localhost:3000/_next/static/chunks/node_modules_next_dist_1ybzpk2._.js:2489
[ 1064081ms] [LOG] [Fast Refresh] done in 451ms @ http://localhost:3000/_next/static/chunks/node_modules_next_dist_1ybzpk2._.js:2489
[ 1064199ms] [LOG] [Fast Refresh] rebuilding @ http://localhost:3000/_next/static/chunks/node_modules_next_dist_1ybzpk2._.js:2489
[ 1064276ms] [LOG] [Fast Refresh] done in 185ms @ http://localhost:3000/_next/static/chunks/node_modules_next_dist_1ybzpk2._.js:2489
[ 1096198ms] [LOG] [Fast Refresh] rebuilding @ http://localhost:3000/_next/static/chunks/node_modules_next_dist_1ybzpk2._.js:2489
[ 1096402ms] [LOG] [Fast Refresh] done in 117ms @ http://localhost:3000/_next/static/chunks/node_modules_next_dist_1ybzpk2._.js:2489
[ 1199380ms] [LOG] [Fast Refresh] rebuilding @ http://localhost:3000/_next/static/chunks/node_modules_next_dist_1ybzpk2._.js:2489
[ 1199597ms] [LOG] [Fast Refresh] done in 290ms @ http://localhost:3000/_next/static/chunks/node_modules_next_dist_1ybzpk2._.js:2489
[ 1199701ms] [LOG] [Fast Refresh] rebuilding @ http://localhost:3000/_next/static/chunks/node_modules_next_dist_1ybzpk2._.js:2489
[ 1199789ms] [LOG] [Fast Refresh] done in 191ms @ http://localhost:3000/_next/static/chunks/node_modules_next_dist_1ybzpk2._.js:2489
[ 1200007ms] TypeError: Cannot read properties of undefined (reading 'slice')
    at ConsequenceTimeline (http://localhost:3000/_next/static/chunks/src_07ic2gr._.js?id=%255Bproject%255D%252Fsrc%252Fcomponents%252Fconsequence-timeline.tsx+%255Bapp-client%255D+%2528ecmascript%2529:60:35)
    at Object.react_stack_bottom_frame (http://localhost:3000/_next/static/chunks/node_modules_next_dist_compiled_react-dom_096_9a-._.js:15037:24)
    at renderWithHooks (http://localhost:3000/_next/static/chunks/node_modules_next_dist_compiled_react-dom_096_9a-._.js:4620:24)
    at updateFunctionComponent (http://localhost:3000/_next/static/chunks/node_modules_next_dist_compiled_react-dom_096_9a-._.js:6081:21)
    at beginWork (http://localhost:3000/_next/static/chunks/node_modules_next_dist_compiled_react-dom_096_9a-._.js:6691:24)
    at runWithFiberInDEV (http://localhost:3000/_next/static/chunks/node_modules_next_dist_compiled_react-dom_096_9a-._.js:965:74)
    at performUnitOfWork (http://localhost:3000/_next/static/chunks/node_modules_next_dist_compiled_react-dom_096_9a-._.js:9555:97)
    at workLoopSync (http://localhost:3000/_next/static/chunks/node_modules_next_dist_compiled_react-dom_096_9a-._.js:9449:40)
    at renderRootSync (http://localhost:3000/_next/static/chunks/node_modules_next_dist_compiled_react-dom_096_9a-._.js:9433:13)
    at performWorkOnRoot (http://localhost:3000/_next/static/chunks/node_modules_next_dist_compiled_react-dom_096_9a-._.js:9061:186)
    at performSyncWorkOnRoot (http://localhost:3000/_next/static/chunks/node_modules_next_dist_compiled_react-dom_096_9a-._.js:10263:9)
    at flushSyncWorkAcrossRoots_impl (http://localhost:3000/_next/static/chunks/node_modules_next_dist_compiled_react-dom_096_9a-._.js:10179:316)
    at processRootScheduleInMicrotask (http://localhost:3000/_next/static/chunks/node_modules_next_dist_compiled_react-dom_096_9a-._.js:10200:106)
    at http://localhost:3000/_next/static/chunks/node_modules_next_dist_compiled_react-dom_096_9a-._.js:10274:158
[ 1200179ms] [LOG] [Fast Refresh] rebuilding @ http://localhost:3000/_next/static/chunks/node_modules_next_dist_1ybzpk2._.js:2489
[ 1200254ms] [LOG] [Fast Refresh] done in 188ms @ http://localhost:3000/_next/static/chunks/node_modules_next_dist_1ybzpk2._.js:2489
[ 1302150ms] [LOG] [Fast Refresh] rebuilding @ http://localhost:3000/_next/static/chunks/node_modules_next_dist_1ybzpk2._.js:2489
[ 1302893ms] [INFO] %cDownload the React DevTools for a better development experience: https://react.dev/link/react-devtools font-weight:bold @ http://localhost:3000/_next/static/chunks/node_modules_next_dist_1ybzpk2._.js:2489
[ 1302942ms] [LOG] [HMR] connected @ http://localhost:3000/_next/static/chunks/node_modules_next_dist_1ybzpk2._.js:2489
[ 1372511ms] [LOG] [Fast Refresh] rebuilding @ http://localhost:3000/_next/static/chunks/node_modules_next_dist_1ybzpk2._.js:2489
[ 1372532ms] [LOG] [Fast Refresh] done in 117ms @ http://localhost:3000/_next/static/chunks/node_modules_next_dist_1ybzpk2._.js:2489
[ 1372645ms] [LOG] [Fast Refresh] rebuilding @ http://localhost:3000/_next/static/chunks/node_modules_next_dist_1ybzpk2._.js:2489
[ 1372685ms] [LOG] [Fast Refresh] done in 152ms @ http://localhost:3000/_next/static/chunks/node_modules_next_dist_1ybzpk2._.js:2489
[ 1382362ms] [LOG] [Fast Refresh] rebuilding @ http://localhost:3000/_next/static/chunks/node_modules_next_dist_1ybzpk2._.js:2489
[ 1382546ms] [LOG] [Fast Refresh] done in 86ms @ http://localhost:3000/_next/static/chunks/node_modules_next_dist_1ybzpk2._.js:2489
[ 1529993ms] [LOG] [Fast Refresh] rebuilding @ http://localhost:3000/_next/static/chunks/node_modules_next_dist_1ybzpk2._.js:2489
[ 1530000ms] [LOG] [Fast Refresh] done in 116ms @ http://localhost:3000/_next/static/chunks/node_modules_next_dist_1ybzpk2._.js:2489
[ 1895980ms] [LOG] [Fast Refresh] rebuilding @ http://localhost:3000/_next/static/chunks/node_modules_next_dist_1ybzpk2._.js:2489
[ 1896231ms] [LOG] [Fast Refresh] done in 158ms @ http://localhost:3000/_next/static/chunks/node_modules_next_dist_1ybzpk2._.js:2489
[ 1903047ms] [LOG] [Fast Refresh] rebuilding @ http://localhost:3000/_next/static/chunks/node_modules_next_dist_1ybzpk2._.js:2489
[ 1903218ms] [LOG] [Fast Refresh] done in 58ms @ http://localhost:3000/_next/static/chunks/node_modules_next_dist_1ybzpk2._.js:2489
[ 2414408ms] [LOG] [Fast Refresh] rebuilding @ http://localhost:3000/_next/static/chunks/node_modules_next_dist_1ybzpk2._.js:2489
[ 2414536ms] [LOG] [Fast Refresh] done in 74ms @ http://localhost:3000/_next/static/chunks/node_modules_next_dist_1ybzpk2._.js:2489
[ 2425142ms] [LOG] [Fast Refresh] rebuilding @ http://localhost:3000/_next/static/chunks/node_modules_next_dist_1ybzpk2._.js:2489
[ 2425286ms] [LOG] [Fast Refresh] done in 92ms @ http://localhost:3000/_next/static/chunks/node_modules_next_dist_1ybzpk2._.js:2489
[ 2442251ms] [LOG] [Fast Refresh] rebuilding @ http://localhost:3000/_next/static/chunks/node_modules_next_dist_1ybzpk2._.js:2489
[ 2442266ms] [LOG] [Fast Refresh] done in 92ms @ http://localhost:3000/_next/static/chunks/node_modules_next_dist_1ybzpk2._.js:2489
[ 2442377ms] [LOG] [Fast Refresh] rebuilding @ http://localhost:3000/_next/static/chunks/node_modules_next_dist_1ybzpk2._.js:2489
[ 2442408ms] [LOG] [Fast Refresh] done in 138ms @ http://localhost:3000/_next/static/chunks/node_modules_next_dist_1ybzpk2._.js:2489
[ 2458010ms] [LOG] [Fast Refresh] rebuilding @ http://localhost:3000/_next/static/chunks/node_modules_next_dist_1ybzpk2._.js:2489
[ 2458255ms] [LOG] [Fast Refresh] done in 98ms @ http://localhost:3000/_next/static/chunks/node_modules_next_dist_1ybzpk2._.js:2489
[ 2475819ms] [LOG] [Fast Refresh] rebuilding @ http://localhost:3000/_next/static/chunks/node_modules_next_dist_1ybzpk2._.js:2489
[ 2476001ms] [LOG] [Fast Refresh] done in 81ms @ http://localhost:3000/_next/static/chunks/node_modules_next_dist_1ybzpk2._.js:2489
[ 2541242ms] [LOG] [Fast Refresh] rebuilding @ http://localhost:3000/_next/static/chunks/node_modules_next_dist_1ybzpk2._.js:2489
[ 2541289ms] [LOG] [Fast Refresh] done in 149ms @ http://localhost:3000/_next/static/chunks/node_modules_next_dist_1ybzpk2._.js:2489
[ 5721235ms] [LOG] [Fast Refresh] rebuilding @ http://localhost:3000/_next/static/chunks/node_modules_next_dist_1ybzpk2._.js:2489
[ 5721469ms] [LOG] [Fast Refresh] done in 345ms @ http://localhost:3000/_next/static/chunks/node_modules_next_dist_1ybzpk2._.js:2489
[ 5722250ms] [LOG] [Fast Refresh] rebuilding @ http://localhost:3000/_next/static/chunks/node_modules_next_dist_1ybzpk2._.js:2489
[ 5722305ms] [LOG] [Fast Refresh] done in 165ms @ http://localhost:3000/_next/static/chunks/node_modules_next_dist_1ybzpk2._.js:2489
[ 6034081ms] [LOG] [Fast Refresh] rebuilding @ http://localhost:3000/_next/static/chunks/node_modules_next_dist_1ybzpk2._.js:2489
[ 6034649ms] [LOG] [Fast Refresh] done in 678ms @ http://localhost:3000/_next/static/chunks/node_modules_next_dist_1ybzpk2._.js:2489
[ 6034834ms] [LOG] [Fast Refresh] rebuilding @ http://localhost:3000/_next/static/chunks/node_modules_next_dist_1ybzpk2._.js:2489
[ 6035249ms] [LOG] [Fast Refresh] done in 523ms @ http://localhost:3000/_next/static/chunks/node_modules_next_dist_1ybzpk2._.js:2489
[ 6035366ms] [LOG] [Fast Refresh] rebuilding @ http://localhost:3000/_next/static/chunks/node_modules_next_dist_1ybzpk2._.js:2489
[ 6035464ms] [LOG] [Fast Refresh] done in 212ms @ http://localhost:3000/_next/static/chunks/node_modules_next_dist_1ybzpk2._.js:2489
[ 6035854ms] [INFO] %cDownload the React DevTools for a better development experience: https://react.dev/link/react-devtools font-weight:bold @ http://localhost:3000/_next/static/chunks/node_modules_next_dist_1ybzpk2._.js:2489
[ 6035949ms] [LOG] [HMR] connected @ http://localhost:3000/_next/static/chunks/node_modules_next_dist_1ybzpk2._.js:2489
[ 6045911ms] [LOG] [Fast Refresh] rebuilding @ http://localhost:3000/_next/static/chunks/node_modules_next_dist_1ybzpk2._.js:2489
[ 6046153ms] [LOG] [Fast Refresh] done in 298ms @ http://localhost:3000/_next/static/chunks/node_modules_next_dist_1ybzpk2._.js:2489
[ 6491469ms] [LOG] [Fast Refresh] rebuilding @ http://localhost:3000/_next/static/chunks/node_modules_next_dist_1ybzpk2._.js:2489
[ 6491684ms] [LOG] [Fast Refresh] done in 137ms @ http://localhost:3000/_next/static/chunks/node_modules_next_dist_1ybzpk2._.js:2489
[ 6537853ms] [LOG] [Fast Refresh] rebuilding @ http://localhost:3000/_next/static/chunks/node_modules_next_dist_1ybzpk2._.js:2489
[ 6538048ms] [LOG] [Fast Refresh] done in 75ms @ http://localhost:3000/_next/static/chunks/node_modules_next_dist_1ybzpk2._.js:2489
[ 6558399ms] [LOG] [Fast Refresh] rebuilding @ http://localhost:3000/_next/static/chunks/node_modules_next_dist_1ybzpk2._.js:2489
[ 6558604ms] [LOG] [Fast Refresh] done in 77ms @ http://localhost:3000/_next/static/chunks/node_modules_next_dist_1ybzpk2._.js:2489
[ 6593121ms] [LOG] [Fast Refresh] rebuilding @ http://localhost:3000/_next/static/chunks/node_modules_next_dist_1ybzpk2._.js:2489
[ 6593529ms] [LOG] [Fast Refresh] done in 503ms @ http://localhost:3000/_next/static/chunks/node_modules_next_dist_1ybzpk2._.js:2489
[ 6593635ms] [LOG] [Fast Refresh] rebuilding @ http://localhost:3000/_next/static/chunks/node_modules_next_dist_1ybzpk2._.js:2489
[ 6593745ms] [LOG] [Fast Refresh] done in 209ms @ http://localhost:3000/_next/static/chunks/node_modules_next_dist_1ybzpk2._.js:2489
[ 6613452ms] [LOG] [Fast Refresh] rebuilding @ http://localhost:3000/_next/static/chunks/node_modules_next_dist_1ybzpk2._.js:2489
[ 6613662ms] [LOG] [Fast Refresh] done in 73ms @ http://localhost:3000/_next/static/chunks/node_modules_next_dist_1ybzpk2._.js:2489
[ 6650814ms] [LOG] [Fast Refresh] rebuilding @ http://localhost:3000/_next/static/chunks/node_modules_next_dist_1ybzpk2._.js:2489
[ 6650876ms] [LOG] [Fast Refresh] done in 127ms @ http://localhost:3000/_next/static/chunks/node_modules_next_dist_1ybzpk2._.js:2489
[ 6650977ms] [LOG] [Fast Refresh] rebuilding @ http://localhost:3000/_next/static/chunks/node_modules_next_dist_1ybzpk2._.js:2489
[ 6651039ms] [LOG] [Fast Refresh] done in 162ms @ http://localhost:3000/_next/static/chunks/node_modules_next_dist_1ybzpk2._.js:2489
[ 6651071ms] TypeError: Cannot read properties of undefined (reading 'map')
    at AftermathResult (http://localhost:3000/_next/static/chunks/src_07ic2gr._.js?id=%255Bproject%255D%252Fsrc%252Fcomponents%252Faftermath-result.tsx+%255Bapp-client%255D+%2528ecmascript%2529:919:98)
    at Object.react_stack_bottom_frame (http://localhost:3000/_next/static/chunks/node_modules_next_dist_compiled_react-dom_096_9a-._.js:15037:24)
    at renderWithHooks (http://localhost:3000/_next/static/chunks/node_modules_next_dist_compiled_react-dom_096_9a-._.js:4620:24)
    at updateFunctionComponent (http://localhost:3000/_next/static/chunks/node_modules_next_dist_compiled_react-dom_096_9a-._.js:6081:21)
    at beginWork (http://localhost:3000/_next/static/chunks/node_modules_next_dist_compiled_react-dom_096_9a-._.js:6691:24)
    at runWithFiberInDEV (http://localhost:3000/_next/static/chunks/node_modules_next_dist_compiled_react-dom_096_9a-._.js:965:74)
    at performUnitOfWork (http://localhost:3000/_next/static/chunks/node_modules_next_dist_compiled_react-dom_096_9a-._.js:9555:97)
    at workLoopSync (http://localhost:3000/_next/static/chunks/node_modules_next_dist_compiled_react-dom_096_9a-._.js:9449:40)
    at renderRootSync (http://localhost:3000/_next/static/chunks/node_modules_next_dist_compiled_react-dom_096_9a-._.js:9433:13)
    at performWorkOnRoot (http://localhost:3000/_next/static/chunks/node_modules_next_dist_compiled_react-dom_096_9a-._.js:9061:186)
    at performSyncWorkOnRoot (http://localhost:3000/_next/static/chunks/node_modules_next_dist_compiled_react-dom_096_9a-._.js:10263:9)
    at flushSyncWorkAcrossRoots_impl (http://localhost:3000/_next/static/chunks/node_modules_next_dist_compiled_react-dom_096_9a-._.js:10179:316)
    at processRootScheduleInMicrotask (http://localhost:3000/_next/static/chunks/node_modules_next_dist_compiled_react-dom_096_9a-._.js:10200:106)
    at http://localhost:3000/_next/static/chunks/node_modules_next_dist_compiled_react-dom_096_9a-._.js:10274:158
[ 6680407ms] [LOG] [Fast Refresh] rebuilding @ http://localhost:3000/_next/static/chunks/node_modules_next_dist_1ybzpk2._.js:2489
[ 6680422ms] [WARNING] [Fast Refresh] performing full reload because your application had an unrecoverable error @ http://localhost:3000/_next/static/chunks/node_modules_next_dist_1ybzpk2._.js:2489
[ 6680665ms] [LOG] [Fast Refresh] done in 81ms @ http://localhost:3000/_next/static/chunks/node_modules_next_dist_1ybzpk2._.js:2489
[ 6680770ms] [LOG] [Fast Refresh] rebuilding @ http://localhost:3000/_next/static/chunks/node_modules_next_dist_1ybzpk2._.js:2489
[ 6680867ms] [LOG] [Fast Refresh] done in 198ms @ http://localhost:3000/_next/static/chunks/node_modules_next_dist_1ybzpk2._.js:2489
[ 6681095ms] [INFO] %cDownload the React DevTools for a better development experience: https://react.dev/link/react-devtools font-weight:bold @ http://localhost:3000/_next/static/chunks/node_modules_next_dist_1ybzpk2._.js:2489
[ 6681160ms] [LOG] [HMR] connected @ http://localhost:3000/_next/static/chunks/node_modules_next_dist_1ybzpk2._.js:2489
[ 6732815ms] [LOG] [Fast Refresh] rebuilding @ http://localhost:3000/_next/static/chunks/node_modules_next_dist_1ybzpk2._.js:2489
[ 6733004ms] [LOG] [Fast Refresh] done in 85ms @ http://localhost:3000/_next/static/chunks/node_modules_next_dist_1ybzpk2._.js:2489
[ 6803799ms] [LOG] [Fast Refresh] rebuilding @ http://localhost:3000/_next/static/chunks/node_modules_next_dist_1ybzpk2._.js:2489
[ 6803823ms] [LOG] [Fast Refresh] done in 135ms @ http://localhost:3000/_next/static/chunks/node_modules_next_dist_1ybzpk2._.js:2489
[ 6986248ms] [LOG] [Fast Refresh] rebuilding @ http://localhost:3000/_next/static/chunks/node_modules_next_dist_1ybzpk2._.js:2489
[ 6986265ms] [LOG] [Fast Refresh] done in 123ms @ http://localhost:3000/_next/static/chunks/node_modules_next_dist_1ybzpk2._.js:2489
[ 6986612ms] [LOG] [Fast Refresh] rebuilding @ http://localhost:3000/_next/static/chunks/node_modules_next_dist_1ybzpk2._.js:2489
[ 6986665ms] [LOG] [Fast Refresh] done in 160ms @ http://localhost:3000/_next/static/chunks/node_modules_next_dist_1ybzpk2._.js:2489
[ 7003529ms] [LOG] [Fast Refresh] rebuilding @ http://localhost:3000/_next/static/chunks/node_modules_next_dist_1ybzpk2._.js:2489
[ 7003530ms] [LOG] [Fast Refresh] done in 103ms @ http://localhost:3000/_next/static/chunks/node_modules_next_dist_1ybzpk2._.js:2489
[ 7029131ms] [LOG] [Fast Refresh] rebuilding @ http://localhost:3000/_next/static/chunks/node_modules_next_dist_1ybzpk2._.js:2489
[ 7029133ms] [LOG] [Fast Refresh] done in 108ms @ http://localhost:3000/_next/static/chunks/node_modules_next_dist_1ybzpk2._.js:2489
[ 7086046ms] [LOG] [Fast Refresh] rebuilding @ http://localhost:3000/_next/static/chunks/node_modules_next_dist_1ybzpk2._.js:2489
[ 7086189ms] [ERROR] ./src/components/aftermath-result.tsx:431:17
Expected '</', got 'ident'
  429 |
  430 |               <button
> 431 |                 onClick={handleSaferClick}
      |                 ^^^^^^^
  432 |                 className="flex items-center gap-2 rounded-xl bg-[var(--accent-green)] px-6 py-3 font-semibold text-[var(--...
  433 |               >
  434 |                 Find a safer version

Parsing ecmascript source code failed

Import traces:
  Client Component Browser:
    ./src/components/aftermath-result.tsx [Client Component Browser]
    ./src/app/page.tsx [Client Component Browser]
    ./src/app/page.tsx [Server Component]

  Client Component SSR:
    ./src/components/aftermath-result.tsx [Client Component SSR]
    ./src/app/page.tsx [Client Component SSR]
    ./src/app/page.tsx [Server Component] @ http://localhost:3000/_next/static/chunks/node_modules_next_dist_1ybzpk2._.js:3330
[ 7086274ms] [ERROR] ./src/components/aftermath-result.tsx:431:17
Expected '</', got 'ident'
  429 |
  430 |               <button
> 431 |                 onClick={handleSaferClick}
      |                 ^^^^^^^
  432 |                 className="flex items-center gap-2 rounded-xl bg-[var(--accent-green)] px-6 py-3 font-semibold text-[var(--...
  433 |               >
  434 |                 Find a safer version

Parsing ecmascript source code failed

Import traces:
  Client Component Browser:
    ./src/components/aftermath-result.tsx [Client Component Browser]
    ./src/app/page.tsx [Client Component Browser]
    ./src/app/page.tsx [Server Component]

  Client Component SSR:
    ./src/components/aftermath-result.tsx [Client Component SSR]
    ./src/app/page.tsx [Client Component SSR]
    ./src/app/page.tsx [Server Component] @ http://localhost:3000/_next/static/chunks/node_modules_next_dist_1ybzpk2._.js:3330
[ 7086364ms] [ERROR] ./src/components/aftermath-result.tsx:431:17
Expected '</', got 'ident'
  429 |
  430 |               <button
> 431 |                 onClick={handleSaferClick}
      |                 ^^^^^^^
  432 |                 className="flex items-center gap-2 rounded-xl bg-[var(--accent-green)] px-6 py-3 font-semibold text-[var(--...
  433 |               >
  434 |                 Find a safer version

Parsing ecmascript source code failed

Import traces:
  Client Component Browser:
    ./src/components/aftermath-result.tsx [Client Component Browser]
    ./src/app/page.tsx [Client Component Browser]
    ./src/app/page.tsx [Server Component]

  Client Component SSR:
    ./src/components/aftermath-result.tsx [Client Component SSR]
    ./src/app/page.tsx [Client Component SSR]
    ./src/app/page.tsx [Server Component] @ http://localhost:3000/_next/static/chunks/node_modules_next_dist_1ybzpk2._.js:3330
[ 7086365ms] [ERROR] Failed to load resource: the server responded with a status of 500 (Internal Server Error) @ http://localhost:3000/?_rsc=q3mOO9BClNZHexY7:0
[ 7086457ms] [ERROR] ./src/components/aftermath-result.tsx:431:17
Expected '</', got 'ident'
  429 |
  430 |               <button
> 431 |                 onClick={handleSaferClick}
      |                 ^^^^^^^
  432 |                 className="flex items-center gap-2 rounded-xl bg-[var(--accent-green)] px-6 py-3 font-semibold text-[var(--...
  433 |               >
  434 |                 Find a safer version

Parsing ecmascript source code failed

Import traces:
  Client Component Browser:
    ./src/components/aftermath-result.tsx [Client Component Browser]
    ./src/app/page.tsx [Client Component Browser]
    ./src/app/page.tsx [Server Component]

  Client Component SSR:
    ./src/components/aftermath-result.tsx [Client Component SSR]
    ./src/app/page.tsx [Client Component SSR]
    ./src/app/page.tsx [Server Component] @ http://localhost:3000/_next/static/chunks/node_modules_next_dist_1ybzpk2._.js:3330
[ 7086565ms] [ERROR] Failed to load resource: the server responded with a status of 500 (Internal Server Error) @ http://localhost:3000/:0
[ 7086736ms] [INFO] %cDownload the React DevTools for a better development experience: https://react.dev/link/react-devtools font-weight:bold @ http://localhost:3000/_next/static/chunks/node_modules_react-dom_0kla17-._.js:15305
[ 7086858ms] Error: ./src/components/aftermath-result.tsx:431:17
Expected '</', got 'ident'
  429 |
  430 |               <button
> 431 |                 onClick={handleSaferClick}
      |                 ^^^^^^^
  432 |                 className="flex items-center gap-2 rounded-xl bg-[var(--accent-green)] px-6 py-3 font-semibold text-[var(--...
  433 |               >
  434 |                 Find a safer version

Parsing ecmascript source code failed

Import traces:
  Client Component Browser:
    ./src/components/aftermath-result.tsx [Client Component Browser]
    ./src/app/page.tsx [Client Component Browser]
    ./src/app/page.tsx [Server Component]

  Client Component SSR:
    ./src/components/aftermath-result.tsx [Client Component SSR]
    ./src/app/page.tsx [Client Component SSR]
    ./src/app/page.tsx [Server Component]


    at <unknown> (Error: ./src/components/aftermath-result.tsx:431:17)
    at Object.getCompilationErrors (file://D:\code\aftermath\node_modules\next\dist\server\dev\hot-reloader-turbopack.js:1186:59)
    at DevBundlerService.getCompilationError (file://D:\code\aftermath\node_modules\next\dist\server\lib\dev-bundler-service.js:44:55)
    at DevServer.getCompilationError (file://D:\code\aftermath\node_modules\next\dist\server\dev\next-dev-server.js:720:42)
    at DevServer.findPageComponents (file://D:\code\aftermath\node_modules\next\dist\server\dev\next-dev-server.js:690:43)
    at async DevServer.renderErrorToResponseImpl (file://D:\code\aftermath\node_modules\next\dist\server\base-server.js:1753:26)
[ 7086857ms] [LOG] [HMR] connected @ http://localhost:3000/_next/static/chunks/node_modules_next_dist_1gdrd03._.js:1226
[ 7086863ms] [ERROR] ./src/components/aftermath-result.tsx:431:17
Expected '</', got 'ident'
  429 |
  430 |               <button
> 431 |                 onClick={handleSaferClick}
      |                 ^^^^^^^
  432 |                 className="flex items-center gap-2 rounded-xl bg-[var(--accent-green)] px-6 py-3 font-semibold text-[var(--...
  433 |               >
  434 |                 Find a safer version

Parsing ecmascript source code failed

Import traces:
  Client Component Browser:
    ./src/components/aftermath-result.tsx [Client Component Browser]
    ./src/app/page.tsx [Client Component Browser]
    ./src/app/page.tsx [Server Component]

  Client Component SSR:
    ./src/components/aftermath-result.tsx [Client Component SSR]
    ./src/app/page.tsx [Client Component SSR]
    ./src/app/page.tsx [Server Component] @ http://localhost:3000/_next/static/chunks/node_modules_next_dist_1gdrd03._.js:1945
[ 7086982ms] [LOG] [Fast Refresh] rebuilding @ http://localhost:3000/_next/static/chunks/node_modules_next_dist_1gdrd03._.js:1226
[ 7086984ms] [ERROR] ./src/components/aftermath-result.tsx:431:17
Expected '</', got 'ident'
  429 |
  430 |               <button
> 431 |                 onClick={handleSaferClick}
      |                 ^^^^^^^
  432 |                 className="flex items-center gap-2 rounded-xl bg-[var(--accent-green)] px-6 py-3 font-semibold text-[var(--...
  433 |               >
  434 |                 Find a safer version

Parsing ecmascript source code failed

Import traces:
  Client Component Browser:
    ./src/components/aftermath-result.tsx [Client Component Browser]
    ./src/app/page.tsx [Client Component Browser]
    ./src/app/page.tsx [Server Component]

  Client Component SSR:
    ./src/components/aftermath-result.tsx [Client Component SSR]
    ./src/app/page.tsx [Client Component SSR]
    ./src/app/page.tsx [Server Component] @ http://localhost:3000/_next/static/chunks/node_modules_next_dist_1gdrd03._.js:1945
[ 7087047ms] [ERROR] ./src/components/aftermath-result.tsx:431:17
Expected '</', got 'ident'
  429 |
  430 |               <button
> 431 |                 onClick={handleSaferClick}
      |                 ^^^^^^^
  432 |                 className="flex items-center gap-2 rounded-xl bg-[var(--accent-green)] px-6 py-3 font-semibold text-[var(--...
  433 |               >
  434 |                 Find a safer version

Parsing ecmascript source code failed

Import traces:
  Client Component Browser:
    ./src/components/aftermath-result.tsx [Client Component Browser]
    ./src/app/page.tsx [Client Component Browser]
    ./src/app/page.tsx [Server Component]

  Client Component SSR:
    ./src/components/aftermath-result.tsx [Client Component SSR]
    ./src/app/page.tsx [Client Component SSR]
    ./src/app/page.tsx [Server Component] @ http://localhost:3000/_next/static/chunks/node_modules_next_dist_1gdrd03._.js:1945
[ 7087110ms] [ERROR] ./src/components/aftermath-result.tsx:431:17
Expected '</', got 'ident'
  429 |
  430 |               <button
> 431 |                 onClick={handleSaferClick}
      |                 ^^^^^^^
  432 |                 className="flex items-center gap-2 rounded-xl bg-[var(--accent-green)] px-6 py-3 font-semibold text-[var(--...
  433 |               >
  434 |                 Find a safer version

Parsing ecmascript source code failed

Import traces:
  Client Component Browser:
    ./src/components/aftermath-result.tsx [Client Component Browser]
    ./src/app/page.tsx [Client Component Browser]
    ./src/app/page.tsx [Server Component]

  Client Component SSR:
    ./src/components/aftermath-result.tsx [Client Component SSR]
    ./src/app/page.tsx [Client Component SSR]
    ./src/app/page.tsx [Server Component] @ http://localhost:3000/_next/static/chunks/node_modules_next_dist_1gdrd03._.js:1945
[ 7087172ms] [ERROR] ./src/components/aftermath-result.tsx:431:17
Expected '</', got 'ident'
  429 |
  430 |               <button
> 431 |                 onClick={handleSaferClick}
      |                 ^^^^^^^
  432 |                 className="flex items-center gap-2 rounded-xl bg-[var(--accent-green)] px-6 py-3 font-semibold text-[var(--...
  433 |               >
  434 |                 Find a safer version

Parsing ecmascript source code failed

Import traces:
  Client Component Browser:
    ./src/components/aftermath-result.tsx [Client Component Browser]
    ./src/app/page.tsx [Client Component Browser]
    ./src/app/page.tsx [Server Component]

  Client Component SSR:
    ./src/components/aftermath-result.tsx [Client Component SSR]
    ./src/app/page.tsx [Client Component SSR]
    ./src/app/page.tsx [Server Component] @ http://localhost:3000/_next/static/chunks/node_modules_next_dist_1gdrd03._.js:1945
[ 7087235ms] [ERROR] ./src/components/aftermath-result.tsx:431:17
Expected '</', got 'ident'
  429 |
  430 |               <button
> 431 |                 onClick={handleSaferClick}
      |                 ^^^^^^^
  432 |                 className="flex items-center gap-2 rounded-xl bg-[var(--accent-green)] px-6 py-3 font-semibold text-[var(--...
  433 |               >
  434 |                 Find a safer version

Parsing ecmascript source code failed

Import traces:
  Client Component Browser:
    ./src/components/aftermath-result.tsx [Client Component Browser]
    ./src/app/page.tsx [Client Component Browser]
    ./src/app/page.tsx [Server Component]

  Client Component SSR:
    ./src/components/aftermath-result.tsx [Client Component SSR]
    ./src/app/page.tsx [Client Component SSR]
    ./src/app/page.tsx [Server Component] @ http://localhost:3000/_next/static/chunks/node_modules_next_dist_1gdrd03._.js:1945
[ 7087299ms] [ERROR] ./src/components/aftermath-result.tsx:431:17
Expected '</', got 'ident'
  429 |
  430 |               <button
> 431 |                 onClick={handleSaferClick}
      |                 ^^^^^^^
  432 |                 className="flex items-center gap-2 rounded-xl bg-[var(--accent-green)] px-6 py-3 font-semibold text-[var(--...
  433 |               >
  434 |                 Find a safer version

Parsing ecmascript source code failed

Import traces:
  Client Component Browser:
    ./src/components/aftermath-result.tsx [Client Component Browser]
    ./src/app/page.tsx [Client Component Browser]
    ./src/app/page.tsx [Server Component]

  Client Component SSR:
    ./src/components/aftermath-result.tsx [Client Component SSR]
    ./src/app/page.tsx [Client Component SSR]
    ./src/app/page.tsx [Server Component] @ http://localhost:3000/_next/static/chunks/node_modules_next_dist_1gdrd03._.js:1945
[ 7087360ms] [ERROR] ./src/components/aftermath-result.tsx:431:17
Expected '</', got 'ident'
  429 |
  430 |               <button
> 431 |                 onClick={handleSaferClick}
      |                 ^^^^^^^
  432 |                 className="flex items-center gap-2 rounded-xl bg-[var(--accent-green)] px-6 py-3 font-semibold text-[var(--...
  433 |               >
  434 |                 Find a safer version

Parsing ecmascript source code failed

Import traces:
  Client Component Browser:
    ./src/components/aftermath-result.tsx [Client Component Browser]
    ./src/app/page.tsx [Client Component Browser]
    ./src/app/page.tsx [Server Component]

  Client Component SSR:
    ./src/components/aftermath-result.tsx [Client Component SSR]
    ./src/app/page.tsx [Client Component SSR]
    ./src/app/page.tsx [Server Component] @ http://localhost:3000/_next/static/chunks/node_modules_next_dist_1gdrd03._.js:1945
[ 7087423ms] [ERROR] ./src/components/aftermath-result.tsx:431:17
Expected '</', got 'ident'
  429 |
  430 |               <button
> 431 |                 onClick={handleSaferClick}
      |                 ^^^^^^^
  432 |                 className="flex items-center gap-2 rounded-xl bg-[var(--accent-green)] px-6 py-3 font-semibold text-[var(--...
  433 |               >
  434 |                 Find a safer version

Parsing ecmascript source code failed

Import traces:
  Client Component Browser:
    ./src/components/aftermath-result.tsx [Client Component Browser]
    ./src/app/page.tsx [Client Component Browser]
    ./src/app/page.tsx [Server Component]

  Client Component SSR:
    ./src/components/aftermath-result.tsx [Client Component SSR]
    ./src/app/page.tsx [Client Component SSR]
    ./src/app/page.tsx [Server Component] @ http://localhost:3000/_next/static/chunks/node_modules_next_dist_1gdrd03._.js:1945
[ 7087483ms] [ERROR] ./src/components/aftermath-result.tsx:431:17
Expected '</', got 'ident'
  429 |
  430 |               <button
> 431 |                 onClick={handleSaferClick}
      |                 ^^^^^^^
  432 |                 className="flex items-center gap-2 rounded-xl bg-[var(--accent-green)] px-6 py-3 font-semibold text-[var(--...
  433 |               >
  434 |                 Find a safer version

Parsing ecmascript source code failed

Import traces:
  Client Component Browser:
    ./src/components/aftermath-result.tsx [Client Component Browser]
    ./src/app/page.tsx [Client Component Browser]
    ./src/app/page.tsx [Server Component]

  Client Component SSR:
    ./src/components/aftermath-result.tsx [Client Component SSR]
    ./src/app/page.tsx [Client Component SSR]
    ./src/app/page.tsx [Server Component] @ http://localhost:3000/_next/static/chunks/node_modules_next_dist_1gdrd03._.js:1945
[ 7087546ms] [ERROR] ./src/components/aftermath-result.tsx:431:17
Expected '</', got 'ident'
  429 |
  430 |               <button
> 431 |                 onClick={handleSaferClick}
      |                 ^^^^^^^
  432 |                 className="flex items-center gap-2 rounded-xl bg-[var(--accent-green)] px-6 py-3 font-semibold text-[var(--...
  433 |               >
  434 |                 Find a safer version

Parsing ecmascript source code failed

Import traces:
  Client Component Browser:
    ./src/components/aftermath-result.tsx [Client Component Browser]
    ./src/app/page.tsx [Client Component Browser]
    ./src/app/page.tsx [Server Component]

  Client Component SSR:
    ./src/components/aftermath-result.tsx [Client Component SSR]
    ./src/app/page.tsx [Client Component SSR]
    ./src/app/page.tsx [Server Component] @ http://localhost:3000/_next/static/chunks/node_modules_next_dist_1gdrd03._.js:1945
[ 7087606ms] [ERROR] ./src/components/aftermath-result.tsx:431:17
Expected '</', got 'ident'
  429 |
  430 |               <button
> 431 |                 onClick={handleSaferClick}
      |                 ^^^^^^^
  432 |                 className="flex items-center gap-2 rounded-xl bg-[var(--accent-green)] px-6 py-3 font-semibold text-[var(--...
  433 |               >
  434 |                 Find a safer version

Parsing ecmascript source code failed

Import traces:
  Client Component Browser:
    ./src/components/aftermath-result.tsx [Client Component Browser]
    ./src/app/page.tsx [Client Component Browser]
    ./src/app/page.tsx [Server Component]

  Client Component SSR:
    ./src/components/aftermath-result.tsx [Client Component SSR]
    ./src/app/page.tsx [Client Component SSR]
    ./src/app/page.tsx [Server Component] @ http://localhost:3000/_next/static/chunks/node_modules_next_dist_1gdrd03._.js:1945
[ 7087668ms] [ERROR] ./src/components/aftermath-result.tsx:431:17
Expected '</', got 'ident'
  429 |
  430 |               <button
> 431 |                 onClick={handleSaferClick}
      |                 ^^^^^^^
  432 |                 className="flex items-center gap-2 rounded-xl bg-[var(--accent-green)] px-6 py-3 font-semibold text-[var(--...
  433 |               >
  434 |                 Find a safer version

Parsing ecmascript source code failed

Import traces:
  Client Component Browser:
    ./src/components/aftermath-result.tsx [Client Component Browser]
    ./src/app/page.tsx [Client Component Browser]
    ./src/app/page.tsx [Server Component]

  Client Component SSR:
    ./src/components/aftermath-result.tsx [Client Component SSR]
    ./src/app/page.tsx [Client Component SSR]
    ./src/app/page.tsx [Server Component] @ http://localhost:3000/_next/static/chunks/node_modules_next_dist_1gdrd03._.js:1945
[ 7087728ms] [ERROR] ./src/components/aftermath-result.tsx:431:17
Expected '</', got 'ident'
  429 |
  430 |               <button
> 431 |                 onClick={handleSaferClick}
      |                 ^^^^^^^
  432 |                 className="flex items-center gap-2 rounded-xl bg-[var(--accent-green)] px-6 py-3 font-semibold text-[var(--...
  433 |               >
  434 |                 Find a safer version

Parsing ecmascript source code failed

Import traces:
  Client Component Browser:
    ./src/components/aftermath-result.tsx [Client Component Browser]
    ./src/app/page.tsx [Client Component Browser]
    ./src/app/page.tsx [Server Component]

  Client Component SSR:
    ./src/components/aftermath-result.tsx [Client Component SSR]
    ./src/app/page.tsx [Client Component SSR]
    ./src/app/page.tsx [Server Component] @ http://localhost:3000/_next/static/chunks/node_modules_next_dist_1gdrd03._.js:1945
[ 7087791ms] [ERROR] ./src/components/aftermath-result.tsx:431:17
Expected '</', got 'ident'
  429 |
  430 |               <button
> 431 |                 onClick={handleSaferClick}
      |                 ^^^^^^^
  432 |                 className="flex items-center gap-2 rounded-xl bg-[var(--accent-green)] px-6 py-3 font-semibold text-[var(--...
  433 |               >
  434 |                 Find a safer version

Parsing ecmascript source code failed

Import traces:
  Client Component Browser:
    ./src/components/aftermath-result.tsx [Client Component Browser]
    ./src/app/page.tsx [Client Component Browser]
    ./src/app/page.tsx [Server Component]

  Client Component SSR:
    ./src/components/aftermath-result.tsx [Client Component SSR]
    ./src/app/page.tsx [Client Component SSR]
    ./src/app/page.tsx [Server Component] @ http://localhost:3000/_next/static/chunks/node_modules_next_dist_1gdrd03._.js:1945
[ 7087853ms] [ERROR] ./src/components/aftermath-result.tsx:431:17
Expected '</', got 'ident'
  429 |
  430 |               <button
> 431 |                 onClick={handleSaferClick}
      |                 ^^^^^^^
  432 |                 className="flex items-center gap-2 rounded-xl bg-[var(--accent-green)] px-6 py-3 font-semibold text-[var(--...
  433 |               >
  434 |                 Find a safer version

Parsing ecmascript source code failed

Import traces:
  Client Component Browser:
    ./src/components/aftermath-result.tsx [Client Component Browser]
    ./src/app/page.tsx [Client Component Browser]
    ./src/app/page.tsx [Server Component]

  Client Component SSR:
    ./src/components/aftermath-result.tsx [Client Component SSR]
    ./src/app/page.tsx [Client Component SSR]
    ./src/app/page.tsx [Server Component] @ http://localhost:3000/_next/static/chunks/node_modules_next_dist_1gdrd03._.js:1945
[ 7087905ms] [ERROR] ./src/components/aftermath-result.tsx:431:17
Expected '</', got 'ident'
  429 |
  430 |               <button
> 431 |                 onClick={handleSaferClick}
      |                 ^^^^^^^
  432 |                 className="flex items-center gap-2 rounded-xl bg-[var(--accent-green)] px-6 py-3 font-semibold text-[var(--...
  433 |               >
  434 |                 Find a safer version

Parsing ecmascript source code failed

Import traces:
  Client Component Browser:
    ./src/components/aftermath-result.tsx [Client Component Browser]
    ./src/app/page.tsx [Client Component Browser]
    ./src/app/page.tsx [Server Component]

  Client Component SSR:
    ./src/components/aftermath-result.tsx [Client Component SSR]
    ./src/app/page.tsx [Client Component SSR]
    ./src/app/page.tsx [Server Component] @ http://localhost:3000/_next/static/chunks/node_modules_next_dist_1gdrd03._.js:1945
[ 7087970ms] [ERROR] ./src/components/aftermath-result.tsx:431:17
Expected '</', got 'ident'
  429 |
  430 |               <button
> 431 |                 onClick={handleSaferClick}
      |                 ^^^^^^^
  432 |                 className="flex items-center gap-2 rounded-xl bg-[var(--accent-green)] px-6 py-3 font-semibold text-[var(--...
  433 |               >
  434 |                 Find a safer version

Parsing ecmascript source code failed

Import traces:
  Client Component Browser:
    ./src/components/aftermath-result.tsx [Client Component Browser]
    ./src/app/page.tsx [Client Component Browser]
    ./src/app/page.tsx [Server Component]

  Client Component SSR:
    ./src/components/aftermath-result.tsx [Client Component SSR]
    ./src/app/page.tsx [Client Component SSR]
    ./src/app/page.tsx [Server Component] @ http://localhost:3000/_next/static/chunks/node_modules_next_dist_1gdrd03._.js:1945
[ 7088032ms] [ERROR] ./src/components/aftermath-result.tsx:431:17
Expected '</', got 'ident'
  429 |
  430 |               <button
> 431 |                 onClick={handleSaferClick}
      |                 ^^^^^^^
  432 |                 className="flex items-center gap-2 rounded-xl bg-[var(--accent-green)] px-6 py-3 font-semibold text-[var(--...
  433 |               >
  434 |                 Find a safer version

Parsing ecmascript source code failed

Import traces:
  Client Component Browser:
    ./src/components/aftermath-result.tsx [Client Component Browser]
    ./src/app/page.tsx [Client Component Browser]
    ./src/app/page.tsx [Server Component]

  Client Component SSR:
    ./src/components/aftermath-result.tsx [Client Component SSR]
    ./src/app/page.tsx [Client Component SSR]
    ./src/app/page.tsx [Server Component] @ http://localhost:3000/_next/static/chunks/node_modules_next_dist_1gdrd03._.js:1945
[ 7088093ms] [ERROR] ./src/components/aftermath-result.tsx:431:17
Expected '</', got 'ident'
  429 |
  430 |               <button
> 431 |                 onClick={handleSaferClick}
      |                 ^^^^^^^
  432 |                 className="flex items-center gap-2 rounded-xl bg-[var(--accent-green)] px-6 py-3 font-semibold text-[var(--...
  433 |               >
  434 |                 Find a safer version

Parsing ecmascript source code failed

Import traces:
  Client Component Browser:
    ./src/components/aftermath-result.tsx [Client Component Browser]
    ./src/app/page.tsx [Client Component Browser]
    ./src/app/page.tsx [Server Component]

  Client Component SSR:
    ./src/components/aftermath-result.tsx [Client Component SSR]
    ./src/app/page.tsx [Client Component SSR]
    ./src/app/page.tsx [Server Component] @ http://localhost:3000/_next/static/chunks/node_modules_next_dist_1gdrd03._.js:1945
[ 7088153ms] [ERROR] ./src/components/aftermath-result.tsx:431:17
Expected '</', got 'ident'
  429 |
  430 |               <button
> 431 |                 onClick={handleSaferClick}
      |                 ^^^^^^^
  432 |                 className="flex items-center gap-2 rounded-xl bg-[var(--accent-green)] px-6 py-3 font-semibold text-[var(--...
  433 |               >
  434 |                 Find a safer version

Parsing ecmascript source code failed

Import traces:
  Client Component Browser:
    ./src/components/aftermath-result.tsx [Client Component Browser]
    ./src/app/page.tsx [Client Component Browser]
    ./src/app/page.tsx [Server Component]

  Client Component SSR:
    ./src/components/aftermath-result.tsx [Client Component SSR]
    ./src/app/page.tsx [Client Component SSR]
    ./src/app/page.tsx [Server Component] @ http://localhost:3000/_next/static/chunks/node_modules_next_dist_1gdrd03._.js:1945
[ 7088214ms] [ERROR] ./src/components/aftermath-result.tsx:431:17
Expected '</', got 'ident'
  429 |
  430 |               <button
> 431 |                 onClick={handleSaferClick}
      |                 ^^^^^^^
  432 |                 className="flex items-center gap-2 rounded-xl bg-[var(--accent-green)] px-6 py-3 font-semibold text-[var(--...
  433 |               >
  434 |                 Find a safer version

Parsing ecmascript source code failed

Import traces:
  Client Component Browser:
    ./src/components/aftermath-result.tsx [Client Component Browser]
    ./src/app/page.tsx [Client Component Browser]
    ./src/app/page.tsx [Server Component]

  Client Component SSR:
    ./src/components/aftermath-result.tsx [Client Component SSR]
    ./src/app/page.tsx [Client Component SSR]
    ./src/app/page.tsx [Server Component] @ http://localhost:3000/_next/static/chunks/node_modules_next_dist_1gdrd03._.js:1945
[ 7088277ms] [ERROR] ./src/components/aftermath-result.tsx:431:17
Expected '</', got 'ident'
  429 |
  430 |               <button
> 431 |                 onClick={handleSaferClick}
      |                 ^^^^^^^
  432 |                 className="flex items-center gap-2 rounded-xl bg-[var(--accent-green)] px-6 py-3 font-semibold text-[var(--...
  433 |               >
  434 |                 Find a safer version

Parsing ecmascript source code failed

Import traces:
  Client Component Browser:
    ./src/components/aftermath-result.tsx [Client Component Browser]
    ./src/app/page.tsx [Client Component Browser]
    ./src/app/page.tsx [Server Component]

  Client Component SSR:
    ./src/components/aftermath-result.tsx [Client Component SSR]
    ./src/app/page.tsx [Client Component SSR]
    ./src/app/page.tsx [Server Component] @ http://localhost:3000/_next/static/chunks/node_modules_next_dist_1gdrd03._.js:1945
[ 7088340ms] [ERROR] ./src/components/aftermath-result.tsx:431:17
Expected '</', got 'ident'
  429 |
  430 |               <button
> 431 |                 onClick={handleSaferClick}
      |                 ^^^^^^^
  432 |                 className="flex items-center gap-2 rounded-xl bg-[var(--accent-green)] px-6 py-3 font-semibold text-[var(--...
  433 |               >
  434 |                 Find a safer version

Parsing ecmascript source code failed

Import traces:
  Client Component Browser:
    ./src/components/aftermath-result.tsx [Client Component Browser]
    ./src/app/page.tsx [Client Component Browser]
    ./src/app/page.tsx [Server Component]

  Client Component SSR:
    ./src/components/aftermath-result.tsx [Client Component SSR]
    ./src/app/page.tsx [Client Component SSR]
    ./src/app/page.tsx [Server Component] @ http://localhost:3000/_next/static/chunks/node_modules_next_dist_1gdrd03._.js:1945
[ 7088397ms] [ERROR] ./src/components/aftermath-result.tsx:431:17
Expected '</', got 'ident'
  429 |
  430 |               <button
> 431 |                 onClick={handleSaferClick}
      |                 ^^^^^^^
  432 |                 className="flex items-center gap-2 rounded-xl bg-[var(--accent-green)] px-6 py-3 font-semibold text-[var(--...
  433 |               >
  434 |                 Find a safer version

Parsing ecmascript source code failed

Import traces:
  Client Component Browser:
    ./src/components/aftermath-result.tsx [Client Component Browser]
    ./src/app/page.tsx [Client Component Browser]
    ./src/app/page.tsx [Server Component]

  Client Component SSR:
    ./src/components/aftermath-result.tsx [Client Component SSR]
    ./src/app/page.tsx [Client Component SSR]
    ./src/app/page.tsx [Server Component] @ http://localhost:3000/_next/static/chunks/node_modules_next_dist_1gdrd03._.js:1945
[ 7088462ms] [ERROR] ./src/components/aftermath-result.tsx:431:17
Expected '</', got 'ident'
  429 |
  430 |               <button
> 431 |                 onClick={handleSaferClick}
      |                 ^^^^^^^
  432 |                 className="flex items-center gap-2 rounded-xl bg-[var(--accent-green)] px-6 py-3 font-semibold text-[var(--...
  433 |               >
  434 |                 Find a safer version

Parsing ecmascript source code failed

Import traces:
  Client Component Browser:
    ./src/components/aftermath-result.tsx [Client Component Browser]
    ./src/app/page.tsx [Client Component Browser]
    ./src/app/page.tsx [Server Component]

  Client Component SSR:
    ./src/components/aftermath-result.tsx [Client Component SSR]
    ./src/app/page.tsx [Client Component SSR]
    ./src/app/page.tsx [Server Component] @ http://localhost:3000/_next/static/chunks/node_modules_next_dist_1gdrd03._.js:1945
[ 7088524ms] [ERROR] ./src/components/aftermath-result.tsx:431:17
Expected '</', got 'ident'
  429 |
  430 |               <button
> 431 |                 onClick={handleSaferClick}
      |                 ^^^^^^^
  432 |                 className="flex items-center gap-2 rounded-xl bg-[var(--accent-green)] px-6 py-3 font-semibold text-[var(--...
  433 |               >
  434 |                 Find a safer version

Parsing ecmascript source code failed

Import traces:
  Client Component Browser:
    ./src/components/aftermath-result.tsx [Client Component Browser]
    ./src/app/page.tsx [Client Component Browser]
    ./src/app/page.tsx [Server Component]

  Client Component SSR:
    ./src/components/aftermath-result.tsx [Client Component SSR]
    ./src/app/page.tsx [Client Component SSR]
    ./src/app/page.tsx [Server Component] @ http://localhost:3000/_next/static/chunks/node_modules_next_dist_1gdrd03._.js:1945
[ 7088579ms] [ERROR] ./src/components/aftermath-result.tsx:431:17
Expected '</', got 'ident'
  429 |
  430 |               <button
> 431 |                 onClick={handleSaferClick}
      |                 ^^^^^^^
  432 |                 className="flex items-center gap-2 rounded-xl bg-[var(--accent-green)] px-6 py-3 font-semibold text-[var(--...
  433 |               >
  434 |                 Find a safer version

Parsing ecmascript source code failed

Import traces:
  Client Component Browser:
    ./src/components/aftermath-result.tsx [Client Component Browser]
    ./src/app/page.tsx [Client Component Browser]
    ./src/app/page.tsx [Server Component]

  Client Component SSR:
    ./src/components/aftermath-result.tsx [Client Component SSR]
    ./src/app/page.tsx [Client Component SSR]
    ./src/app/page.tsx [Server Component] @ http://localhost:3000/_next/static/chunks/node_modules_next_dist_1gdrd03._.js:1945
[ 7088646ms] [ERROR] ./src/components/aftermath-result.tsx:431:17
Expected '</', got 'ident'
  429 |
  430 |               <button
> 431 |                 onClick={handleSaferClick}
      |                 ^^^^^^^
  432 |                 className="flex items-center gap-2 rounded-xl bg-[var(--accent-green)] px-6 py-3 font-semibold text-[var(--...
  433 |               >
  434 |                 Find a safer version

Parsing ecmascript source code failed

Import traces:
  Client Component Browser:
    ./src/components/aftermath-result.tsx [Client Component Browser]
    ./src/app/page.tsx [Client Component Browser]
    ./src/app/page.tsx [Server Component]

  Client Component SSR:
    ./src/components/aftermath-result.tsx [Client Component SSR]
    ./src/app/page.tsx [Client Component SSR]
    ./src/app/page.tsx [Server Component] @ http://localhost:3000/_next/static/chunks/node_modules_next_dist_1gdrd03._.js:1945
[ 7088711ms] [ERROR] ./src/components/aftermath-result.tsx:431:17
Expected '</', got 'ident'
  429 |
  430 |               <button
> 431 |                 onClick={handleSaferClick}
      |                 ^^^^^^^
  432 |                 className="flex items-center gap-2 rounded-xl bg-[var(--accent-green)] px-6 py-3 font-semibold text-[var(--...
  433 |               >
  434 |                 Find a safer version

Parsing ecmascript source code failed

Import traces:
  Client Component Browser:
    ./src/components/aftermath-result.tsx [Client Component Browser]
    ./src/app/page.tsx [Client Component Browser]
    ./src/app/page.tsx [Server Component]

  Client Component SSR:
    ./src/components/aftermath-result.tsx [Client Component SSR]
    ./src/app/page.tsx [Client Component SSR]
    ./src/app/page.tsx [Server Component] @ http://localhost:3000/_next/static/chunks/node_modules_next_dist_1gdrd03._.js:1945
[ 7088785ms] [ERROR] ./src/components/aftermath-result.tsx:431:17
Expected '</', got 'ident'
  429 |
  430 |               <button
> 431 |                 onClick={handleSaferClick}
      |                 ^^^^^^^
  432 |                 className="flex items-center gap-2 rounded-xl bg-[var(--accent-green)] px-6 py-3 font-semibold text-[var(--...
  433 |               >
  434 |                 Find a safer version

Parsing ecmascript source code failed

Import traces:
  Client Component Browser:
    ./src/components/aftermath-result.tsx [Client Component Browser]
    ./src/app/page.tsx [Client Component Browser]
    ./src/app/page.tsx [Server Component]

  Client Component SSR:
    ./src/components/aftermath-result.tsx [Client Component SSR]
    ./src/app/page.tsx [Client Component SSR]
    ./src/app/page.tsx [Server Component] @ http://localhost:3000/_next/static/chunks/node_modules_next_dist_1gdrd03._.js:1945
[ 7088850ms] [ERROR] ./src/components/aftermath-result.tsx:431:17
Expected '</', got 'ident'
  429 |
  430 |               <button
> 431 |                 onClick={handleSaferClick}
      |                 ^^^^^^^
  432 |                 className="flex items-center gap-2 rounded-xl bg-[var(--accent-green)] px-6 py-3 font-semibold text-[var(--...
  433 |               >
  434 |                 Find a safer version

Parsing ecmascript source code failed

Import traces:
  Client Component Browser:
    ./src/components/aftermath-result.tsx [Client Component Browser]
    ./src/app/page.tsx [Client Component Browser]
    ./src/app/page.tsx [Server Component]

  Client Component SSR:
    ./src/components/aftermath-result.tsx [Client Component SSR]
    ./src/app/page.tsx [Client Component SSR]
    ./src/app/page.tsx [Server Component] @ http://localhost:3000/_next/static/chunks/node_modules_next_dist_1gdrd03._.js:1945
[ 7088914ms] [ERROR] ./src/components/aftermath-result.tsx:431:17
Expected '</', got 'ident'
  429 |
  430 |               <button
> 431 |                 onClick={handleSaferClick}
      |                 ^^^^^^^
  432 |                 className="flex items-center gap-2 rounded-xl bg-[var(--accent-green)] px-6 py-3 font-semibold text-[var(--...
  433 |               >
  434 |                 Find a safer version

Parsing ecmascript source code failed

Import traces:
  Client Component Browser:
    ./src/components/aftermath-result.tsx [Client Component Browser]
    ./src/app/page.tsx [Client Component Browser]
    ./src/app/page.tsx [Server Component]

  Client Component SSR:
    ./src/components/aftermath-result.tsx [Client Component SSR]
    ./src/app/page.tsx [Client Component SSR]
    ./src/app/page.tsx [Server Component] @ http://localhost:3000/_next/static/chunks/node_modules_next_dist_1gdrd03._.js:1945
[ 7088981ms] [ERROR] ./src/components/aftermath-result.tsx:431:17
Expected '</', got 'ident'
  429 |
  430 |               <button
> 431 |                 onClick={handleSaferClick}
      |                 ^^^^^^^
  432 |                 className="flex items-center gap-2 rounded-xl bg-[var(--accent-green)] px-6 py-3 font-semibold text-[var(--...
  433 |               >
  434 |                 Find a safer version

Parsing ecmascript source code failed

Import traces:
  Client Component Browser:
    ./src/components/aftermath-result.tsx [Client Component Browser]
    ./src/app/page.tsx [Client Component Browser]
    ./src/app/page.tsx [Server Component]

  Client Component SSR:
    ./src/components/aftermath-result.tsx [Client Component SSR]
    ./src/app/page.tsx [Client Component SSR]
    ./src/app/page.tsx [Server Component] @ http://localhost:3000/_next/static/chunks/node_modules_next_dist_1gdrd03._.js:1945
[ 7089036ms] [ERROR] ./src/components/aftermath-result.tsx:431:17
Expected '</', got 'ident'
  429 |
  430 |               <button
> 431 |                 onClick={handleSaferClick}
      |                 ^^^^^^^
  432 |                 className="flex items-center gap-2 rounded-xl bg-[var(--accent-green)] px-6 py-3 font-semibold text-[var(--...
  433 |               >
  434 |                 Find a safer version

Parsing ecmascript source code failed

Import traces:
  Client Component Browser:
    ./src/components/aftermath-result.tsx [Client Component Browser]
    ./src/app/page.tsx [Client Component Browser]
    ./src/app/page.tsx [Server Component]

  Client Component SSR:
    ./src/components/aftermath-result.tsx [Client Component SSR]
    ./src/app/page.tsx [Client Component SSR]
    ./src/app/page.tsx [Server Component] @ http://localhost:3000/_next/static/chunks/node_modules_next_dist_1gdrd03._.js:1945
[ 7089086ms] [ERROR] ./src/components/aftermath-result.tsx:431:17
Expected '</', got 'ident'
  429 |
  430 |               <button
> 431 |                 onClick={handleSaferClick}
      |                 ^^^^^^^
  432 |                 className="flex items-center gap-2 rounded-xl bg-[var(--accent-green)] px-6 py-3 font-semibold text-[var(--...
  433 |               >
  434 |                 Find a safer version

Parsing ecmascript source code failed

Import traces:
  Client Component Browser:
    ./src/components/aftermath-result.tsx [Client Component Browser]
    ./src/app/page.tsx [Client Component Browser]
    ./src/app/page.tsx [Server Component]

  Client Component SSR:
    ./src/components/aftermath-result.tsx [Client Component SSR]
    ./src/app/page.tsx [Client Component SSR]
    ./src/app/page.tsx [Server Component] @ http://localhost:3000/_next/static/chunks/node_modules_next_dist_1gdrd03._.js:1945
[ 7089146ms] [ERROR] ./src/components/aftermath-result.tsx:431:17
Expected '</', got 'ident'
  429 |
  430 |               <button
> 431 |                 onClick={handleSaferClick}
      |                 ^^^^^^^
  432 |                 className="flex items-center gap-2 rounded-xl bg-[var(--accent-green)] px-6 py-3 font-semibold text-[var(--...
  433 |               >
  434 |                 Find a safer version

Parsing ecmascript source code failed

Import traces:
  Client Component Browser:
    ./src/components/aftermath-result.tsx [Client Component Browser]
    ./src/app/page.tsx [Client Component Browser]
    ./src/app/page.tsx [Server Component]

  Client Component SSR:
    ./src/components/aftermath-result.tsx [Client Component SSR]
    ./src/app/page.tsx [Client Component SSR]
    ./src/app/page.tsx [Server Component] @ http://localhost:3000/_next/static/chunks/node_modules_next_dist_1gdrd03._.js:1945
[ 7089198ms] [ERROR] ./src/components/aftermath-result.tsx:431:17
Expected '</', got 'ident'
  429 |
  430 |               <button
> 431 |                 onClick={handleSaferClick}
      |                 ^^^^^^^
  432 |                 className="flex items-center gap-2 rounded-xl bg-[var(--accent-green)] px-6 py-3 font-semibold text-[var(--...
  433 |               >
  434 |                 Find a safer version

Parsing ecmascript source code failed

Import traces:
  Client Component Browser:
    ./src/components/aftermath-result.tsx [Client Component Browser]
    ./src/app/page.tsx [Client Component Browser]
    ./src/app/page.tsx [Server Component]

  Client Component SSR:
    ./src/components/aftermath-result.tsx [Client Component SSR]
    ./src/app/page.tsx [Client Component SSR]
    ./src/app/page.tsx [Server Component] @ http://localhost:3000/_next/static/chunks/node_modules_next_dist_1gdrd03._.js:1945
[ 7089261ms] [ERROR] ./src/components/aftermath-result.tsx:431:17
Expected '</', got 'ident'
  429 |
  430 |               <button
> 431 |                 onClick={handleSaferClick}
      |                 ^^^^^^^
  432 |                 className="flex items-center gap-2 rounded-xl bg-[var(--accent-green)] px-6 py-3 font-semibold text-[var(--...
  433 |               >
  434 |                 Find a safer version

Parsing ecmascript source code failed

Import traces:
  Client Component Browser:
    ./src/components/aftermath-result.tsx [Client Component Browser]
    ./src/app/page.tsx [Client Component Browser]
    ./src/app/page.tsx [Server Component]

  Client Component SSR:
    ./src/components/aftermath-result.tsx [Client Component SSR]
    ./src/app/page.tsx [Client Component SSR]
    ./src/app/page.tsx [Server Component] @ http://localhost:3000/_next/static/chunks/node_modules_next_dist_1gdrd03._.js:1945
[ 7089323ms] [ERROR] ./src/components/aftermath-result.tsx:431:17
Expected '</', got 'ident'
  429 |
  430 |               <button
> 431 |                 onClick={handleSaferClick}
      |                 ^^^^^^^
  432 |                 className="flex items-center gap-2 rounded-xl bg-[var(--accent-green)] px-6 py-3 font-semibold text-[var(--...
  433 |               >
  434 |                 Find a safer version

Parsing ecmascript source code failed

Import traces:
  Client Component Browser:
    ./src/components/aftermath-result.tsx [Client Component Browser]
    ./src/app/page.tsx [Client Component Browser]
    ./src/app/page.tsx [Server Component]

  Client Component SSR:
    ./src/components/aftermath-result.tsx [Client Component SSR]
    ./src/app/page.tsx [Client Component SSR]
    ./src/app/page.tsx [Server Component] @ http://localhost:3000/_next/static/chunks/node_modules_next_dist_1gdrd03._.js:1945
[ 7089386ms] [ERROR] ./src/components/aftermath-result.tsx:431:17
Expected '</', got 'ident'
  429 |
  430 |               <button
> 431 |                 onClick={handleSaferClick}
      |                 ^^^^^^^
  432 |                 className="flex items-center gap-2 rounded-xl bg-[var(--accent-green)] px-6 py-3 font-semibold text-[var(--...
  433 |               >
  434 |                 Find a safer version

Parsing ecmascript source code failed

Import traces:
  Client Component Browser:
    ./src/components/aftermath-result.tsx [Client Component Browser]
    ./src/app/page.tsx [Client Component Browser]
    ./src/app/page.tsx [Server Component]

  Client Component SSR:
    ./src/components/aftermath-result.tsx [Client Component SSR]
    ./src/app/page.tsx [Client Component SSR]
    ./src/app/page.tsx [Server Component] @ http://localhost:3000/_next/static/chunks/node_modules_next_dist_1gdrd03._.js:1945
[ 7089451ms] [ERROR] ./src/components/aftermath-result.tsx:431:17
Expected '</', got 'ident'
  429 |
  430 |               <button
> 431 |                 onClick={handleSaferClick}
      |                 ^^^^^^^
  432 |                 className="flex items-center gap-2 rounded-xl bg-[var(--accent-green)] px-6 py-3 font-semibold text-[var(--...
  433 |               >
  434 |                 Find a safer version

Parsing ecmascript source code failed

Import traces:
  Client Component Browser:
    ./src/components/aftermath-result.tsx [Client Component Browser]
    ./src/app/page.tsx [Client Component Browser]
    ./src/app/page.tsx [Server Component]

  Client Component SSR:
    ./src/components/aftermath-result.tsx [Client Component SSR]
    ./src/app/page.tsx [Client Component SSR]
    ./src/app/page.tsx [Server Component] @ http://localhost:3000/_next/static/chunks/node_modules_next_dist_1gdrd03._.js:1945
[ 7089511ms] [ERROR] ./src/components/aftermath-result.tsx:431:17
Expected '</', got 'ident'
  429 |
  430 |               <button
> 431 |                 onClick={handleSaferClick}
      |                 ^^^^^^^
  432 |                 className="flex items-center gap-2 rounded-xl bg-[var(--accent-green)] px-6 py-3 font-semibold text-[var(--...
  433 |               >
  434 |                 Find a safer version

Parsing ecmascript source code failed

Import traces:
  Client Component Browser:
    ./src/components/aftermath-result.tsx [Client Component Browser]
    ./src/app/page.tsx [Client Component Browser]
    ./src/app/page.tsx [Server Component]

  Client Component SSR:
    ./src/components/aftermath-result.tsx [Client Component SSR]
    ./src/app/page.tsx [Client Component SSR]
    ./src/app/page.tsx [Server Component] @ http://localhost:3000/_next/static/chunks/node_modules_next_dist_1gdrd03._.js:1945
[ 7089573ms] [ERROR] ./src/components/aftermath-result.tsx:431:17
Expected '</', got 'ident'
  429 |
  430 |               <button
> 431 |                 onClick={handleSaferClick}
      |                 ^^^^^^^
  432 |                 className="flex items-center gap-2 rounded-xl bg-[var(--accent-green)] px-6 py-3 font-semibold text-[var(--...
  433 |               >
  434 |                 Find a safer version

Parsing ecmascript source code failed

Import traces:
  Client Component Browser:
    ./src/components/aftermath-result.tsx [Client Component Browser]
    ./src/app/page.tsx [Client Component Browser]
    ./src/app/page.tsx [Server Component]

  Client Component SSR:
    ./src/components/aftermath-result.tsx [Client Component SSR]
    ./src/app/page.tsx [Client Component SSR]
    ./src/app/page.tsx [Server Component] @ http://localhost:3000/_next/static/chunks/node_modules_next_dist_1gdrd03._.js:1945
[ 7089631ms] [ERROR] ./src/components/aftermath-result.tsx:431:17
Expected '</', got 'ident'
  429 |
  430 |               <button
> 431 |                 onClick={handleSaferClick}
      |                 ^^^^^^^
  432 |                 className="flex items-center gap-2 rounded-xl bg-[var(--accent-green)] px-6 py-3 font-semibold text-[var(--...
  433 |               >
  434 |                 Find a safer version

Parsing ecmascript source code failed

Import traces:
  Client Component Browser:
    ./src/components/aftermath-result.tsx [Client Component Browser]
    ./src/app/page.tsx [Client Component Browser]
    ./src/app/page.tsx [Server Component]

  Client Component SSR:
    ./src/components/aftermath-result.tsx [Client Component SSR]
    ./src/app/page.tsx [Client Component SSR]
    ./src/app/page.tsx [Server Component] @ http://localhost:3000/_next/static/chunks/node_modules_next_dist_1gdrd03._.js:1945
[ 7089695ms] [ERROR] ./src/components/aftermath-result.tsx:431:17
Expected '</', got 'ident'
  429 |
  430 |               <button
> 431 |                 onClick={handleSaferClick}
      |                 ^^^^^^^
  432 |                 className="flex items-center gap-2 rounded-xl bg-[var(--accent-green)] px-6 py-3 font-semibold text-[var(--...
  433 |               >
  434 |                 Find a safer version

Parsing ecmascript source code failed

Import traces:
  Client Component Browser:
    ./src/components/aftermath-result.tsx [Client Component Browser]
    ./src/app/page.tsx [Client Component Browser]
    ./src/app/page.tsx [Server Component]

  Client Component SSR:
    ./src/components/aftermath-result.tsx [Client Component SSR]
    ./src/app/page.tsx [Client Component SSR]
    ./src/app/page.tsx [Server Component] @ http://localhost:3000/_next/static/chunks/node_modules_next_dist_1gdrd03._.js:1945
[ 7089758ms] [ERROR] ./src/components/aftermath-result.tsx:431:17
Expected '</', got 'ident'
  429 |
  430 |               <button
> 431 |                 onClick={handleSaferClick}
      |                 ^^^^^^^
  432 |                 className="flex items-center gap-2 rounded-xl bg-[var(--accent-green)] px-6 py-3 font-semibold text-[var(--...
  433 |               >
  434 |                 Find a safer version

Parsing ecmascript source code failed

Import traces:
  Client Component Browser:
    ./src/components/aftermath-result.tsx [Client Component Browser]
    ./src/app/page.tsx [Client Component Browser]
    ./src/app/page.tsx [Server Component]

  Client Component SSR:
    ./src/components/aftermath-result.tsx [Client Component SSR]
    ./src/app/page.tsx [Client Component SSR]
    ./src/app/page.tsx [Server Component] @ http://localhost:3000/_next/static/chunks/node_modules_next_dist_1gdrd03._.js:1945
[ 7089813ms] [ERROR] ./src/components/aftermath-result.tsx:431:17
Expected '</', got 'ident'
  429 |
  430 |               <button
> 431 |                 onClick={handleSaferClick}
      |                 ^^^^^^^
  432 |                 className="flex items-center gap-2 rounded-xl bg-[var(--accent-green)] px-6 py-3 font-semibold text-[var(--...
  433 |               >
  434 |                 Find a safer version

Parsing ecmascript source code failed

Import traces:
  Client Component Browser:
    ./src/components/aftermath-result.tsx [Client Component Browser]
    ./src/app/page.tsx [Client Component Browser]
    ./src/app/page.tsx [Server Component]

  Client Component SSR:
    ./src/components/aftermath-result.tsx [Client Component SSR]
    ./src/app/page.tsx [Client Component SSR]
    ./src/app/page.tsx [Server Component] @ http://localhost:3000/_next/static/chunks/node_modules_next_dist_1gdrd03._.js:1945
[ 7089864ms] [ERROR] ./src/components/aftermath-result.tsx:431:17
Expected '</', got 'ident'
  429 |
  430 |               <button
> 431 |                 onClick={handleSaferClick}
      |                 ^^^^^^^
  432 |                 className="flex items-center gap-2 rounded-xl bg-[var(--accent-green)] px-6 py-3 font-semibold text-[var(--...
  433 |               >
  434 |                 Find a safer version

Parsing ecmascript source code failed

Import traces:
  Client Component Browser:
    ./src/components/aftermath-result.tsx [Client Component Browser]
    ./src/app/page.tsx [Client Component Browser]
    ./src/app/page.tsx [Server Component]

  Client Component SSR:
    ./src/components/aftermath-result.tsx [Client Component SSR]
    ./src/app/page.tsx [Client Component SSR]
    ./src/app/page.tsx [Server Component] @ http://localhost:3000/_next/static/chunks/node_modules_next_dist_1gdrd03._.js:1945
[ 7089926ms] [ERROR] ./src/components/aftermath-result.tsx:431:17
Expected '</', got 'ident'
  429 |
  430 |               <button
> 431 |                 onClick={handleSaferClick}
      |                 ^^^^^^^
  432 |                 className="flex items-center gap-2 rounded-xl bg-[var(--accent-green)] px-6 py-3 font-semibold text-[var(--...
  433 |               >
  434 |                 Find a safer version

Parsing ecmascript source code failed

Import traces:
  Client Component Browser:
    ./src/components/aftermath-result.tsx [Client Component Browser]
    ./src/app/page.tsx [Client Component Browser]
    ./src/app/page.tsx [Server Component]

  Client Component SSR:
    ./src/components/aftermath-result.tsx [Client Component SSR]
    ./src/app/page.tsx [Client Component SSR]
    ./src/app/page.tsx [Server Component] @ http://localhost:3000/_next/static/chunks/node_modules_next_dist_1gdrd03._.js:1945
[ 7089977ms] [ERROR] ./src/components/aftermath-result.tsx:431:17
Expected '</', got 'ident'
  429 |
  430 |               <button
> 431 |                 onClick={handleSaferClick}
      |                 ^^^^^^^
  432 |                 className="flex items-center gap-2 rounded-xl bg-[var(--accent-green)] px-6 py-3 font-semibold text-[var(--...
  433 |               >
  434 |                 Find a safer version

Parsing ecmascript source code failed

Import traces:
  Client Component Browser:
    ./src/components/aftermath-result.tsx [Client Component Browser]
    ./src/app/page.tsx [Client Component Browser]
    ./src/app/page.tsx [Server Component]

  Client Component SSR:
    ./src/components/aftermath-result.tsx [Client Component SSR]
    ./src/app/page.tsx [Client Component SSR]
    ./src/app/page.tsx [Server Component] @ http://localhost:3000/_next/static/chunks/node_modules_next_dist_1gdrd03._.js:1945
[ 7090029ms] [ERROR] ./src/components/aftermath-result.tsx:431:17
Expected '</', got 'ident'
  429 |
  430 |               <button
> 431 |                 onClick={handleSaferClick}
      |                 ^^^^^^^
  432 |                 className="flex items-center gap-2 rounded-xl bg-[var(--accent-green)] px-6 py-3 font-semibold text-[var(--...
  433 |               >
  434 |                 Find a safer version

Parsing ecmascript source code failed

Import traces:
  Client Component Browser:
    ./src/components/aftermath-result.tsx [Client Component Browser]
    ./src/app/page.tsx [Client Component Browser]
    ./src/app/page.tsx [Server Component]

  Client Component SSR:
    ./src/components/aftermath-result.tsx [Client Component SSR]
    ./src/app/page.tsx [Client Component SSR]
    ./src/app/page.tsx [Server Component] @ http://localhost:3000/_next/static/chunks/node_modules_next_dist_1gdrd03._.js:1945
[ 7090085ms] [ERROR] ./src/components/aftermath-result.tsx:431:17
Expected '</', got 'ident'
  429 |
  430 |               <button
> 431 |                 onClick={handleSaferClick}
      |                 ^^^^^^^
  432 |                 className="flex items-center gap-2 rounded-xl bg-[var(--accent-green)] px-6 py-3 font-semibold text-[var(--...
  433 |               >
  434 |                 Find a safer version

Parsing ecmascript source code failed

Import traces:
  Client Component Browser:
    ./src/components/aftermath-result.tsx [Client Component Browser]
    ./src/app/page.tsx [Client Component Browser]
    ./src/app/page.tsx [Server Component]

  Client Component SSR:
    ./src/components/aftermath-result.tsx [Client Component SSR]
    ./src/app/page.tsx [Client Component SSR]
    ./src/app/page.tsx [Server Component] @ http://localhost:3000/_next/static/chunks/node_modules_next_dist_1gdrd03._.js:1945
[ 7090146ms] [ERROR] ./src/components/aftermath-result.tsx:431:17
Expected '</', got 'ident'
  429 |
  430 |               <button
> 431 |                 onClick={handleSaferClick}
      |                 ^^^^^^^
  432 |                 className="flex items-center gap-2 rounded-xl bg-[var(--accent-green)] px-6 py-3 font-semibold text-[var(--...
  433 |               >
  434 |                 Find a safer version

Parsing ecmascript source code failed

Import traces:
  Client Component Browser:
    ./src/components/aftermath-result.tsx [Client Component Browser]
    ./src/app/page.tsx [Client Component Browser]
    ./src/app/page.tsx [Server Component]

  Client Component SSR:
    ./src/components/aftermath-result.tsx [Client Component SSR]
    ./src/app/page.tsx [Client Component SSR]
    ./src/app/page.tsx [Server Component] @ http://localhost:3000/_next/static/chunks/node_modules_next_dist_1gdrd03._.js:1945
[ 7090213ms] [ERROR] ./src/components/aftermath-result.tsx:431:17
Expected '</', got 'ident'
  429 |
  430 |               <button
> 431 |                 onClick={handleSaferClick}
      |                 ^^^^^^^
  432 |                 className="flex items-center gap-2 rounded-xl bg-[var(--accent-green)] px-6 py-3 font-semibold text-[var(--...
  433 |               >
  434 |                 Find a safer version

Parsing ecmascript source code failed

Import traces:
  Client Component Browser:
    ./src/components/aftermath-result.tsx [Client Component Browser]
    ./src/app/page.tsx [Client Component Browser]
    ./src/app/page.tsx [Server Component]

  Client Component SSR:
    ./src/components/aftermath-result.tsx [Client Component SSR]
    ./src/app/page.tsx [Client Component SSR]
    ./src/app/page.tsx [Server Component] @ http://localhost:3000/_next/static/chunks/node_modules_next_dist_1gdrd03._.js:1945
[ 7090264ms] [ERROR] ./src/components/aftermath-result.tsx:431:17
Expected '</', got 'ident'
  429 |
  430 |               <button
> 431 |                 onClick={handleSaferClick}
      |                 ^^^^^^^
  432 |                 className="flex items-center gap-2 rounded-xl bg-[var(--accent-green)] px-6 py-3 font-semibold text-[var(--...
  433 |               >
  434 |                 Find a safer version

Parsing ecmascript source code failed

Import traces:
  Client Component Browser:
    ./src/components/aftermath-result.tsx [Client Component Browser]
    ./src/app/page.tsx [Client Component Browser]
    ./src/app/page.tsx [Server Component]

  Client Component SSR:
    ./src/components/aftermath-result.tsx [Client Component SSR]
    ./src/app/page.tsx [Client Component SSR]
    ./src/app/page.tsx [Server Component] @ http://localhost:3000/_next/static/chunks/node_modules_next_dist_1gdrd03._.js:1945
[ 7090323ms] [ERROR] ./src/components/aftermath-result.tsx:431:17
Expected '</', got 'ident'
  429 |
  430 |               <button
> 431 |                 onClick={handleSaferClick}
      |                 ^^^^^^^
  432 |                 className="flex items-center gap-2 rounded-xl bg-[var(--accent-green)] px-6 py-3 font-semibold text-[var(--...
  433 |               >
  434 |                 Find a safer version

Parsing ecmascript source code failed

Import traces:
  Client Component Browser:
    ./src/components/aftermath-result.tsx [Client Component Browser]
    ./src/app/page.tsx [Client Component Browser]
    ./src/app/page.tsx [Server Component]

  Client Component SSR:
    ./src/components/aftermath-result.tsx [Client Component SSR]
    ./src/app/page.tsx [Client Component SSR]
    ./src/app/page.tsx [Server Component] @ http://localhost:3000/_next/static/chunks/node_modules_next_dist_1gdrd03._.js:1945
[ 7090379ms] [ERROR] ./src/components/aftermath-result.tsx:431:17
Expected '</', got 'ident'
  429 |
  430 |               <button
> 431 |                 onClick={handleSaferClick}
      |                 ^^^^^^^
  432 |                 className="flex items-center gap-2 rounded-xl bg-[var(--accent-green)] px-6 py-3 font-semibold text-[var(--...
  433 |               >
  434 |                 Find a safer version

Parsing ecmascript source code failed

Import traces:
  Client Component Browser:
    ./src/components/aftermath-result.tsx [Client Component Browser]
    ./src/app/page.tsx [Client Component Browser]
    ./src/app/page.tsx [Server Component]

  Client Component SSR:
    ./src/components/aftermath-result.tsx [Client Component SSR]
    ./src/app/page.tsx [Client Component SSR]
    ./src/app/page.tsx [Server Component] @ http://localhost:3000/_next/static/chunks/node_modules_next_dist_1gdrd03._.js:1945
[ 7090445ms] [ERROR] ./src/components/aftermath-result.tsx:431:17
Expected '</', got 'ident'
  429 |
  430 |               <button
> 431 |                 onClick={handleSaferClick}
      |                 ^^^^^^^
  432 |                 className="flex items-center gap-2 rounded-xl bg-[var(--accent-green)] px-6 py-3 font-semibold text-[var(--...
  433 |               >
  434 |                 Find a safer version

Parsing ecmascript source code failed

Import traces:
  Client Component Browser:
    ./src/components/aftermath-result.tsx [Client Component Browser]
    ./src/app/page.tsx [Client Component Browser]
    ./src/app/page.tsx [Server Component]

  Client Component SSR:
    ./src/components/aftermath-result.tsx [Client Component SSR]
    ./src/app/page.tsx [Client Component SSR]
    ./src/app/page.tsx [Server Component] @ http://localhost:3000/_next/static/chunks/node_modules_next_dist_1gdrd03._.js:1945
[ 7090510ms] [ERROR] ./src/components/aftermath-result.tsx:431:17
Expected '</', got 'ident'
  429 |
  430 |               <button
> 431 |                 onClick={handleSaferClick}
      |                 ^^^^^^^
  432 |                 className="flex items-center gap-2 rounded-xl bg-[var(--accent-green)] px-6 py-3 font-semibold text-[var(--...
  433 |               >
  434 |                 Find a safer version

Parsing ecmascript source code failed

Import traces:
  Client Component Browser:
    ./src/components/aftermath-result.tsx [Client Component Browser]
    ./src/app/page.tsx [Client Component Browser]
    ./src/app/page.tsx [Server Component]

  Client Component SSR:
    ./src/components/aftermath-result.tsx [Client Component SSR]
    ./src/app/page.tsx [Client Component SSR]
    ./src/app/page.tsx [Server Component] @ http://localhost:3000/_next/static/chunks/node_modules_next_dist_1gdrd03._.js:1945
[ 7090562ms] [ERROR] ./src/components/aftermath-result.tsx:431:17
Expected '</', got 'ident'
  429 |
  430 |               <button
> 431 |                 onClick={handleSaferClick}
      |                 ^^^^^^^
  432 |                 className="flex items-center gap-2 rounded-xl bg-[var(--accent-green)] px-6 py-3 font-semibold text-[var(--...
  433 |               >
  434 |                 Find a safer version

Parsing ecmascript source code failed

Import traces:
  Client Component Browser:
    ./src/components/aftermath-result.tsx [Client Component Browser]
    ./src/app/page.tsx [Client Component Browser]
    ./src/app/page.tsx [Server Component]

  Client Component SSR:
    ./src/components/aftermath-result.tsx [Client Component SSR]
    ./src/app/page.tsx [Client Component SSR]
    ./src/app/page.tsx [Server Component] @ http://localhost:3000/_next/static/chunks/node_modules_next_dist_1gdrd03._.js:1945
[ 7090629ms] [ERROR] ./src/components/aftermath-result.tsx:431:17
Expected '</', got 'ident'
  429 |
  430 |               <button
> 431 |                 onClick={handleSaferClick}
      |                 ^^^^^^^
  432 |                 className="flex items-center gap-2 rounded-xl bg-[var(--accent-green)] px-6 py-3 font-semibold text-[var(--...
  433 |               >
  434 |                 Find a safer version

Parsing ecmascript source code failed

Import traces:
  Client Component Browser:
    ./src/components/aftermath-result.tsx [Client Component Browser]
    ./src/app/page.tsx [Client Component Browser]
    ./src/app/page.tsx [Server Component]

  Client Component SSR:
    ./src/components/aftermath-result.tsx [Client Component SSR]
    ./src/app/page.tsx [Client Component SSR]
    ./src/app/page.tsx [Server Component] @ http://localhost:3000/_next/static/chunks/node_modules_next_dist_1gdrd03._.js:1945
[ 7090695ms] [ERROR] ./src/components/aftermath-result.tsx:431:17
Expected '</', got 'ident'
  429 |
  430 |               <button
> 431 |                 onClick={handleSaferClick}
      |                 ^^^^^^^
  432 |                 className="flex items-center gap-2 rounded-xl bg-[var(--accent-green)] px-6 py-3 font-semibold text-[var(--...
  433 |               >
  434 |                 Find a safer version

Parsing ecmascript source code failed

Import traces:
  Client Component Browser:
    ./src/components/aftermath-result.tsx [Client Component Browser]
    ./src/app/page.tsx [Client Component Browser]
    ./src/app/page.tsx [Server Component]

  Client Component SSR:
    ./src/components/aftermath-result.tsx [Client Component SSR]
    ./src/app/page.tsx [Client Component SSR]
    ./src/app/page.tsx [Server Component] @ http://localhost:3000/_next/static/chunks/node_modules_next_dist_1gdrd03._.js:1945
[ 7090746ms] [ERROR] ./src/components/aftermath-result.tsx:431:17
Expected '</', got 'ident'
  429 |
  430 |               <button
> 431 |                 onClick={handleSaferClick}
      |                 ^^^^^^^
  432 |                 className="flex items-center gap-2 rounded-xl bg-[var(--accent-green)] px-6 py-3 font-semibold text-[var(--...
  433 |               >
  434 |                 Find a safer version

Parsing ecmascript source code failed

Import traces:
  Client Component Browser:
    ./src/components/aftermath-result.tsx [Client Component Browser]
    ./src/app/page.tsx [Client Component Browser]
    ./src/app/page.tsx [Server Component]

  Client Component SSR:
    ./src/components/aftermath-result.tsx [Client Component SSR]
    ./src/app/page.tsx [Client Component SSR]
    ./src/app/page.tsx [Server Component] @ http://localhost:3000/_next/static/chunks/node_modules_next_dist_1gdrd03._.js:1945
[ 7090812ms] [ERROR] ./src/components/aftermath-result.tsx:431:17
Expected '</', got 'ident'
  429 |
  430 |               <button
> 431 |                 onClick={handleSaferClick}
      |                 ^^^^^^^
  432 |                 className="flex items-center gap-2 rounded-xl bg-[var(--accent-green)] px-6 py-3 font-semibold text-[var(--...
  433 |               >
  434 |                 Find a safer version

Parsing ecmascript source code failed

Import traces:
  Client Component Browser:
    ./src/components/aftermath-result.tsx [Client Component Browser]
    ./src/app/page.tsx [Client Component Browser]
    ./src/app/page.tsx [Server Component]

  Client Component SSR:
    ./src/components/aftermath-result.tsx [Client Component SSR]
    ./src/app/page.tsx [Client Component SSR]
    ./src/app/page.tsx [Server Component] @ http://localhost:3000/_next/static/chunks/node_modules_next_dist_1gdrd03._.js:1945
[ 7090879ms] [ERROR] ./src/components/aftermath-result.tsx:431:17
Expected '</', got 'ident'
  429 |
  430 |               <button
> 431 |                 onClick={handleSaferClick}
      |                 ^^^^^^^
  432 |                 className="flex items-center gap-2 rounded-xl bg-[var(--accent-green)] px-6 py-3 font-semibold text-[var(--...
  433 |               >
  434 |                 Find a safer version

Parsing ecmascript source code failed

Import traces:
  Client Component Browser:
    ./src/components/aftermath-result.tsx [Client Component Browser]
    ./src/app/page.tsx [Client Component Browser]
    ./src/app/page.tsx [Server Component]

  Client Component SSR:
    ./src/components/aftermath-result.tsx [Client Component SSR]
    ./src/app/page.tsx [Client Component SSR]
    ./src/app/page.tsx [Server Component] @ http://localhost:3000/_next/static/chunks/node_modules_next_dist_1gdrd03._.js:1945
[ 7090946ms] [ERROR] ./src/components/aftermath-result.tsx:431:17
Expected '</', got 'ident'
  429 |
  430 |               <button
> 431 |                 onClick={handleSaferClick}
      |                 ^^^^^^^
  432 |                 className="flex items-center gap-2 rounded-xl bg-[var(--accent-green)] px-6 py-3 font-semibold text-[var(--...
  433 |               >
  434 |                 Find a safer version

Parsing ecmascript source code failed

Import traces:
  Client Component Browser:
    ./src/components/aftermath-result.tsx [Client Component Browser]
    ./src/app/page.tsx [Client Component Browser]
    ./src/app/page.tsx [Server Component]

  Client Component SSR:
    ./src/components/aftermath-result.tsx [Client Component SSR]
    ./src/app/page.tsx [Client Component SSR]
    ./src/app/page.tsx [Server Component] @ http://localhost:3000/_next/static/chunks/node_modules_next_dist_1gdrd03._.js:1945
[ 7091013ms] [ERROR] ./src/components/aftermath-result.tsx:431:17
Expected '</', got 'ident'
  429 |
  430 |               <button
> 431 |                 onClick={handleSaferClick}
      |                 ^^^^^^^
  432 |                 className="flex items-center gap-2 rounded-xl bg-[var(--accent-green)] px-6 py-3 font-semibold text-[var(--...
  433 |               >
  434 |                 Find a safer version

Parsing ecmascript source code failed

Import traces:
  Client Component Browser:
    ./src/components/aftermath-result.tsx [Client Component Browser]
    ./src/app/page.tsx [Client Component Browser]
    ./src/app/page.tsx [Server Component]

  Client Component SSR:
    ./src/components/aftermath-result.tsx [Client Component SSR]
    ./src/app/page.tsx [Client Component SSR]
    ./src/app/page.tsx [Server Component] @ http://localhost:3000/_next/static/chunks/node_modules_next_dist_1gdrd03._.js:1945
[ 7091063ms] [ERROR] ./src/components/aftermath-result.tsx:431:17
Expected '</', got 'ident'
  429 |
  430 |               <button
> 431 |                 onClick={handleSaferClick}
      |                 ^^^^^^^
  432 |                 className="flex items-center gap-2 rounded-xl bg-[var(--accent-green)] px-6 py-3 font-semibold text-[var(--...
  433 |               >
  434 |                 Find a safer version

Parsing ecmascript source code failed

Import traces:
  Client Component Browser:
    ./src/components/aftermath-result.tsx [Client Component Browser]
    ./src/app/page.tsx [Client Component Browser]
    ./src/app/page.tsx [Server Component]

  Client Component SSR:
    ./src/components/aftermath-result.tsx [Client Component SSR]
    ./src/app/page.tsx [Client Component SSR]
    ./src/app/page.tsx [Server Component] @ http://localhost:3000/_next/static/chunks/node_modules_next_dist_1gdrd03._.js:1945
[ 7091118ms] [ERROR] ./src/components/aftermath-result.tsx:431:17
Expected '</', got 'ident'
  429 |
  430 |               <button
> 431 |                 onClick={handleSaferClick}
      |                 ^^^^^^^
  432 |                 className="flex items-center gap-2 rounded-xl bg-[var(--accent-green)] px-6 py-3 font-semibold text-[var(--...
  433 |               >
  434 |                 Find a safer version

Parsing ecmascript source code failed

Import traces:
  Client Component Browser:
    ./src/components/aftermath-result.tsx [Client Component Browser]
    ./src/app/page.tsx [Client Component Browser]
    ./src/app/page.tsx [Server Component]

  Client Component SSR:
    ./src/components/aftermath-result.tsx [Client Component SSR]
    ./src/app/page.tsx [Client Component SSR]
    ./src/app/page.tsx [Server Component] @ http://localhost:3000/_next/static/chunks/node_modules_next_dist_1gdrd03._.js:1945
[ 7091179ms] [ERROR] ./src/components/aftermath-result.tsx:431:17
Expected '</', got 'ident'
  429 |
  430 |               <button
> 431 |                 onClick={handleSaferClick}
      |                 ^^^^^^^
  432 |                 className="flex items-center gap-2 rounded-xl bg-[var(--accent-green)] px-6 py-3 font-semibold text-[var(--...
  433 |               >
  434 |                 Find a safer version

Parsing ecmascript source code failed

Import traces:
  Client Component Browser:
    ./src/components/aftermath-result.tsx [Client Component Browser]
    ./src/app/page.tsx [Client Component Browser]
    ./src/app/page.tsx [Server Component]

  Client Component SSR:
    ./src/components/aftermath-result.tsx [Client Component SSR]
    ./src/app/page.tsx [Client Component SSR]
    ./src/app/page.tsx [Server Component] @ http://localhost:3000/_next/static/chunks/node_modules_next_dist_1gdrd03._.js:1945
[ 7091246ms] [ERROR] ./src/components/aftermath-result.tsx:431:17
Expected '</', got 'ident'
  429 |
  430 |               <button
> 431 |                 onClick={handleSaferClick}
      |                 ^^^^^^^
  432 |                 className="flex items-center gap-2 rounded-xl bg-[var(--accent-green)] px-6 py-3 font-semibold text-[var(--...
  433 |               >
  434 |                 Find a safer version

Parsing ecmascript source code failed

Import traces:
  Client Component Browser:
    ./src/components/aftermath-result.tsx [Client Component Browser]
    ./src/app/page.tsx [Client Component Browser]
    ./src/app/page.tsx [Server Component]

  Client Component SSR:
    ./src/components/aftermath-result.tsx [Client Component SSR]
    ./src/app/page.tsx [Client Component SSR]
    ./src/app/page.tsx [Server Component] @ http://localhost:3000/_next/static/chunks/node_modules_next_dist_1gdrd03._.js:1945
[ 7091312ms] [ERROR] ./src/components/aftermath-result.tsx:431:17
Expected '</', got 'ident'
  429 |
  430 |               <button
> 431 |                 onClick={handleSaferClick}
      |                 ^^^^^^^
  432 |                 className="flex items-center gap-2 rounded-xl bg-[var(--accent-green)] px-6 py-3 font-semibold text-[var(--...
  433 |               >
  434 |                 Find a safer version

Parsing ecmascript source code failed

Import traces:
  Client Component Browser:
    ./src/components/aftermath-result.tsx [Client Component Browser]
    ./src/app/page.tsx [Client Component Browser]
    ./src/app/page.tsx [Server Component]

  Client Component SSR:
    ./src/components/aftermath-result.tsx [Client Component SSR]
    ./src/app/page.tsx [Client Component SSR]
    ./src/app/page.tsx [Server Component] @ http://localhost:3000/_next/static/chunks/node_modules_next_dist_1gdrd03._.js:1945
[ 7091378ms] [ERROR] ./src/components/aftermath-result.tsx:431:17
Expected '</', got 'ident'
  429 |
  430 |               <button
> 431 |                 onClick={handleSaferClick}
      |                 ^^^^^^^
  432 |                 className="flex items-center gap-2 rounded-xl bg-[var(--accent-green)] px-6 py-3 font-semibold text-[var(--...
  433 |               >
  434 |                 Find a safer version

Parsing ecmascript source code failed

Import traces:
  Client Component Browser:
    ./src/components/aftermath-result.tsx [Client Component Browser]
    ./src/app/page.tsx [Client Component Browser]
    ./src/app/page.tsx [Server Component]

  Client Component SSR:
    ./src/components/aftermath-result.tsx [Client Component SSR]
    ./src/app/page.tsx [Client Component SSR]
    ./src/app/page.tsx [Server Component] @ http://localhost:3000/_next/static/chunks/node_modules_next_dist_1gdrd03._.js:1945
[ 7091443ms] [ERROR] ./src/components/aftermath-result.tsx:431:17
Expected '</', got 'ident'
  429 |
  430 |               <button
> 431 |                 onClick={handleSaferClick}
      |                 ^^^^^^^
  432 |                 className="flex items-center gap-2 rounded-xl bg-[var(--accent-green)] px-6 py-3 font-semibold text-[var(--...
  433 |               >
  434 |                 Find a safer version

Parsing ecmascript source code failed

Import traces:
  Client Component Browser:
    ./src/components/aftermath-result.tsx [Client Component Browser]
    ./src/app/page.tsx [Client Component Browser]
    ./src/app/page.tsx [Server Component]

  Client Component SSR:
    ./src/components/aftermath-result.tsx [Client Component SSR]
    ./src/app/page.tsx [Client Component SSR]
    ./src/app/page.tsx [Server Component] @ http://localhost:3000/_next/static/chunks/node_modules_next_dist_1gdrd03._.js:1945
[ 7091509ms] [ERROR] ./src/components/aftermath-result.tsx:431:17
Expected '</', got 'ident'
  429 |
  430 |               <button
> 431 |                 onClick={handleSaferClick}
      |                 ^^^^^^^
  432 |                 className="flex items-center gap-2 rounded-xl bg-[var(--accent-green)] px-6 py-3 font-semibold text-[var(--...
  433 |               >
  434 |                 Find a safer version

Parsing ecmascript source code failed

Import traces:
  Client Component Browser:
    ./src/components/aftermath-result.tsx [Client Component Browser]
    ./src/app/page.tsx [Client Component Browser]
    ./src/app/page.tsx [Server Component]

  Client Component SSR:
    ./src/components/aftermath-result.tsx [Client Component SSR]
    ./src/app/page.tsx [Client Component SSR]
    ./src/app/page.tsx [Server Component] @ http://localhost:3000/_next/static/chunks/node_modules_next_dist_1gdrd03._.js:1945
[ 7091572ms] [ERROR] ./src/components/aftermath-result.tsx:431:17
Expected '</', got 'ident'
  429 |
  430 |               <button
> 431 |                 onClick={handleSaferClick}
      |                 ^^^^^^^
  432 |                 className="flex items-center gap-2 rounded-xl bg-[var(--accent-green)] px-6 py-3 font-semibold text-[var(--...
  433 |               >
  434 |                 Find a safer version

Parsing ecmascript source code failed

Import traces:
  Client Component Browser:
    ./src/components/aftermath-result.tsx [Client Component Browser]
    ./src/app/page.tsx [Client Component Browser]
    ./src/app/page.tsx [Server Component]

  Client Component SSR:
    ./src/components/aftermath-result.tsx [Client Component SSR]
    ./src/app/page.tsx [Client Component SSR]
    ./src/app/page.tsx [Server Component] @ http://localhost:3000/_next/static/chunks/node_modules_next_dist_1gdrd03._.js:1945
[ 7091629ms] [ERROR] ./src/components/aftermath-result.tsx:431:17
Expected '</', got 'ident'
  429 |
  430 |               <button
> 431 |                 onClick={handleSaferClick}
      |                 ^^^^^^^
  432 |                 className="flex items-center gap-2 rounded-xl bg-[var(--accent-green)] px-6 py-3 font-semibold text-[var(--...
  433 |               >
  434 |                 Find a safer version

Parsing ecmascript source code failed

Import traces:
  Client Component Browser:
    ./src/components/aftermath-result.tsx [Client Component Browser]
    ./src/app/page.tsx [Client Component Browser]
    ./src/app/page.tsx [Server Component]

  Client Component SSR:
    ./src/components/aftermath-result.tsx [Client Component SSR]
    ./src/app/page.tsx [Client Component SSR]
    ./src/app/page.tsx [Server Component] @ http://localhost:3000/_next/static/chunks/node_modules_next_dist_1gdrd03._.js:1945
[ 7091680ms] [ERROR] ./src/components/aftermath-result.tsx:431:17
Expected '</', got 'ident'
  429 |
  430 |               <button
> 431 |                 onClick={handleSaferClick}
      |                 ^^^^^^^
  432 |                 className="flex items-center gap-2 rounded-xl bg-[var(--accent-green)] px-6 py-3 font-semibold text-[var(--...
  433 |               >
  434 |                 Find a safer version

Parsing ecmascript source code failed

Import traces:
  Client Component Browser:
    ./src/components/aftermath-result.tsx [Client Component Browser]
    ./src/app/page.tsx [Client Component Browser]
    ./src/app/page.tsx [Server Component]

  Client Component SSR:
    ./src/components/aftermath-result.tsx [Client Component SSR]
    ./src/app/page.tsx [Client Component SSR]
    ./src/app/page.tsx [Server Component] @ http://localhost:3000/_next/static/chunks/node_modules_next_dist_1gdrd03._.js:1945
[ 7091733ms] [ERROR] ./src/components/aftermath-result.tsx:431:17
Expected '</', got 'ident'
  429 |
  430 |               <button
> 431 |                 onClick={handleSaferClick}
      |                 ^^^^^^^
  432 |                 className="flex items-center gap-2 rounded-xl bg-[var(--accent-green)] px-6 py-3 font-semibold text-[var(--...
  433 |               >
  434 |                 Find a safer version

Parsing ecmascript source code failed

Import traces:
  Client Component Browser:
    ./src/components/aftermath-result.tsx [Client Component Browser]
    ./src/app/page.tsx [Client Component Browser]
    ./src/app/page.tsx [Server Component]

  Client Component SSR:
    ./src/components/aftermath-result.tsx [Client Component SSR]
    ./src/app/page.tsx [Client Component SSR]
    ./src/app/page.tsx [Server Component] @ http://localhost:3000/_next/static/chunks/node_modules_next_dist_1gdrd03._.js:1945
[ 7091797ms] [ERROR] ./src/components/aftermath-result.tsx:431:17
Expected '</', got 'ident'
  429 |
  430 |               <button
> 431 |                 onClick={handleSaferClick}
      |                 ^^^^^^^
  432 |                 className="flex items-center gap-2 rounded-xl bg-[var(--accent-green)] px-6 py-3 font-semibold text-[var(--...
  433 |               >
  434 |                 Find a safer version

Parsing ecmascript source code failed

Import traces:
  Client Component Browser:
    ./src/components/aftermath-result.tsx [Client Component Browser]
    ./src/app/page.tsx [Client Component Browser]
    ./src/app/page.tsx [Server Component]

  Client Component SSR:
    ./src/components/aftermath-result.tsx [Client Component SSR]
    ./src/app/page.tsx [Client Component SSR]
    ./src/app/page.tsx [Server Component] @ http://localhost:3000/_next/static/chunks/node_modules_next_dist_1gdrd03._.js:1945
[ 7091862ms] [ERROR] ./src/components/aftermath-result.tsx:431:17
Expected '</', got 'ident'
  429 |
  430 |               <button
> 431 |                 onClick={handleSaferClick}
      |                 ^^^^^^^
  432 |                 className="flex items-center gap-2 rounded-xl bg-[var(--accent-green)] px-6 py-3 font-semibold text-[var(--...
  433 |               >
  434 |                 Find a safer version

Parsing ecmascript source code failed

Import traces:
  Client Component Browser:
    ./src/components/aftermath-result.tsx [Client Component Browser]
    ./src/app/page.tsx [Client Component Browser]
    ./src/app/page.tsx [Server Component]

  Client Component SSR:
    ./src/components/aftermath-result.tsx [Client Component SSR]
    ./src/app/page.tsx [Client Component SSR]
    ./src/app/page.tsx [Server Component] @ http://localhost:3000/_next/static/chunks/node_modules_next_dist_1gdrd03._.js:1945
[ 7091929ms] [ERROR] ./src/components/aftermath-result.tsx:431:17
Expected '</', got 'ident'
  429 |
  430 |               <button
> 431 |                 onClick={handleSaferClick}
      |                 ^^^^^^^
  432 |                 className="flex items-center gap-2 rounded-xl bg-[var(--accent-green)] px-6 py-3 font-semibold text-[var(--...
  433 |               >
  434 |                 Find a safer version

Parsing ecmascript source code failed

Import traces:
  Client Component Browser:
    ./src/components/aftermath-result.tsx [Client Component Browser]
    ./src/app/page.tsx [Client Component Browser]
    ./src/app/page.tsx [Server Component]

  Client Component SSR:
    ./src/components/aftermath-result.tsx [Client Component SSR]
    ./src/app/page.tsx [Client Component SSR]
    ./src/app/page.tsx [Server Component] @ http://localhost:3000/_next/static/chunks/node_modules_next_dist_1gdrd03._.js:1945
[ 7091996ms] [ERROR] ./src/components/aftermath-result.tsx:431:17
Expected '</', got 'ident'
  429 |
  430 |               <button
> 431 |                 onClick={handleSaferClick}
      |                 ^^^^^^^
  432 |                 className="flex items-center gap-2 rounded-xl bg-[var(--accent-green)] px-6 py-3 font-semibold text-[var(--...
  433 |               >
  434 |                 Find a safer version

Parsing ecmascript source code failed

Import traces:
  Client Component Browser:
    ./src/components/aftermath-result.tsx [Client Component Browser]
    ./src/app/page.tsx [Client Component Browser]
    ./src/app/page.tsx [Server Component]

  Client Component SSR:
    ./src/components/aftermath-result.tsx [Client Component SSR]
    ./src/app/page.tsx [Client Component SSR]
    ./src/app/page.tsx [Server Component] @ http://localhost:3000/_next/static/chunks/node_modules_next_dist_1gdrd03._.js:1945
[ 7092047ms] [ERROR] ./src/components/aftermath-result.tsx:431:17
Expected '</', got 'ident'
  429 |
  430 |               <button
> 431 |                 onClick={handleSaferClick}
      |                 ^^^^^^^
  432 |                 className="flex items-center gap-2 rounded-xl bg-[var(--accent-green)] px-6 py-3 font-semibold text-[var(--...
  433 |               >
  434 |                 Find a safer version

Parsing ecmascript source code failed

Import traces:
  Client Component Browser:
    ./src/components/aftermath-result.tsx [Client Component Browser]
    ./src/app/page.tsx [Client Component Browser]
    ./src/app/page.tsx [Server Component]

  Client Component SSR:
    ./src/components/aftermath-result.tsx [Client Component SSR]
    ./src/app/page.tsx [Client Component SSR]
    ./src/app/page.tsx [Server Component] @ http://localhost:3000/_next/static/chunks/node_modules_next_dist_1gdrd03._.js:1945
[ 7092114ms] [ERROR] ./src/components/aftermath-result.tsx:431:17
Expected '</', got 'ident'
  429 |
  430 |               <button
> 431 |                 onClick={handleSaferClick}
      |                 ^^^^^^^
  432 |                 className="flex items-center gap-2 rounded-xl bg-[var(--accent-green)] px-6 py-3 font-semibold text-[var(--...
  433 |               >
  434 |                 Find a safer version

Parsing ecmascript source code failed

Import traces:
  Client Component Browser:
    ./src/components/aftermath-result.tsx [Client Component Browser]
    ./src/app/page.tsx [Client Component Browser]
    ./src/app/page.tsx [Server Component]

  Client Component SSR:
    ./src/components/aftermath-result.tsx [Client Component SSR]
    ./src/app/page.tsx [Client Component SSR]
    ./src/app/page.tsx [Server Component] @ http://localhost:3000/_next/static/chunks/node_modules_next_dist_1gdrd03._.js:1945
[ 7092180ms] [ERROR] ./src/components/aftermath-result.tsx:431:17
Expected '</', got 'ident'
  429 |
  430 |               <button
> 431 |                 onClick={handleSaferClick}
      |                 ^^^^^^^
  432 |                 className="flex items-center gap-2 rounded-xl bg-[var(--accent-green)] px-6 py-3 font-semibold text-[var(--...
  433 |               >
  434 |                 Find a safer version

Parsing ecmascript source code failed

Import traces:
  Client Component Browser:
    ./src/components/aftermath-result.tsx [Client Component Browser]
    ./src/app/page.tsx [Client Component Browser]
    ./src/app/page.tsx [Server Component]

  Client Component SSR:
    ./src/components/aftermath-result.tsx [Client Component SSR]
    ./src/app/page.tsx [Client Component SSR]
    ./src/app/page.tsx [Server Component] @ http://localhost:3000/_next/static/chunks/node_modules_next_dist_1gdrd03._.js:1945
[ 7092247ms] [ERROR] ./src/components/aftermath-result.tsx:431:17
Expected '</', got 'ident'
  429 |
  430 |               <button
> 431 |                 onClick={handleSaferClick}
      |                 ^^^^^^^
  432 |                 className="flex items-center gap-2 rounded-xl bg-[var(--accent-green)] px-6 py-3 font-semibold text-[var(--...
  433 |               >
  434 |                 Find a safer version

Parsing ecmascript source code failed

Import traces:
  Client Component Browser:
    ./src/components/aftermath-result.tsx [Client Component Browser]
    ./src/app/page.tsx [Client Component Browser]
    ./src/app/page.tsx [Server Component]

  Client Component SSR:
    ./src/components/aftermath-result.tsx [Client Component SSR]
    ./src/app/page.tsx [Client Component SSR]
    ./src/app/page.tsx [Server Component] @ http://localhost:3000/_next/static/chunks/node_modules_next_dist_1gdrd03._.js:1945
[ 7092313ms] [ERROR] ./src/components/aftermath-result.tsx:431:17
Expected '</', got 'ident'
  429 |
  430 |               <button
> 431 |                 onClick={handleSaferClick}
      |                 ^^^^^^^
  432 |                 className="flex items-center gap-2 rounded-xl bg-[var(--accent-green)] px-6 py-3 font-semibold text-[var(--...
  433 |               >
  434 |                 Find a safer version

Parsing ecmascript source code failed

Import traces:
  Client Component Browser:
    ./src/components/aftermath-result.tsx [Client Component Browser]
    ./src/app/page.tsx [Client Component Browser]
    ./src/app/page.tsx [Server Component]

  Client Component SSR:
    ./src/components/aftermath-result.tsx [Client Component SSR]
    ./src/app/page.tsx [Client Component SSR]
    ./src/app/page.tsx [Server Component] @ http://localhost:3000/_next/static/chunks/node_modules_next_dist_1gdrd03._.js:1945
[ 7092378ms] [ERROR] ./src/components/aftermath-result.tsx:431:17
Expected '</', got 'ident'
  429 |
  430 |               <button
> 431 |                 onClick={handleSaferClick}
      |                 ^^^^^^^
  432 |                 className="flex items-center gap-2 rounded-xl bg-[var(--accent-green)] px-6 py-3 font-semibold text-[var(--...
  433 |               >
  434 |                 Find a safer version

Parsing ecmascript source code failed

Import traces:
  Client Component Browser:
    ./src/components/aftermath-result.tsx [Client Component Browser]
    ./src/app/page.tsx [Client Component Browser]
    ./src/app/page.tsx [Server Component]

  Client Component SSR:
    ./src/components/aftermath-result.tsx [Client Component SSR]
    ./src/app/page.tsx [Client Component SSR]
    ./src/app/page.tsx [Server Component] @ http://localhost:3000/_next/static/chunks/node_modules_next_dist_1gdrd03._.js:1945
[ 7092431ms] [ERROR] ./src/components/aftermath-result.tsx:431:17
Expected '</', got 'ident'
  429 |
  430 |               <button
> 431 |                 onClick={handleSaferClick}
      |                 ^^^^^^^
  432 |                 className="flex items-center gap-2 rounded-xl bg-[var(--accent-green)] px-6 py-3 font-semibold text-[var(--...
  433 |               >
  434 |                 Find a safer version

Parsing ecmascript source code failed

Import traces:
  Client Component Browser:
    ./src/components/aftermath-result.tsx [Client Component Browser]
    ./src/app/page.tsx [Client Component Browser]
    ./src/app/page.tsx [Server Component]

  Client Component SSR:
    ./src/components/aftermath-result.tsx [Client Component SSR]
    ./src/app/page.tsx [Client Component SSR]
    ./src/app/page.tsx [Server Component] @ http://localhost:3000/_next/static/chunks/node_modules_next_dist_1gdrd03._.js:1945
[ 7092496ms] [ERROR] ./src/components/aftermath-result.tsx:431:17
Expected '</', got 'ident'
  429 |
  430 |               <button
> 431 |                 onClick={handleSaferClick}
      |                 ^^^^^^^
  432 |                 className="flex items-center gap-2 rounded-xl bg-[var(--accent-green)] px-6 py-3 font-semibold text-[var(--...
  433 |               >
  434 |                 Find a safer version

Parsing ecmascript source code failed

Import traces:
  Client Component Browser:
    ./src/components/aftermath-result.tsx [Client Component Browser]
    ./src/app/page.tsx [Client Component Browser]
    ./src/app/page.tsx [Server Component]

  Client Component SSR:
    ./src/components/aftermath-result.tsx [Client Component SSR]
    ./src/app/page.tsx [Client Component SSR]
    ./src/app/page.tsx [Server Component] @ http://localhost:3000/_next/static/chunks/node_modules_next_dist_1gdrd03._.js:1945
[ 7092547ms] [ERROR] ./src/components/aftermath-result.tsx:431:17
Expected '</', got 'ident'
  429 |
  430 |               <button
> 431 |                 onClick={handleSaferClick}
      |                 ^^^^^^^
  432 |                 className="flex items-center gap-2 rounded-xl bg-[var(--accent-green)] px-6 py-3 font-semibold text-[var(--...
  433 |               >
  434 |                 Find a safer version

Parsing ecmascript source code failed

Import traces:
  Client Component Browser:
    ./src/components/aftermath-result.tsx [Client Component Browser]
    ./src/app/page.tsx [Client Component Browser]
    ./src/app/page.tsx [Server Component]

  Client Component SSR:
    ./src/components/aftermath-result.tsx [Client Component SSR]
    ./src/app/page.tsx [Client Component SSR]
    ./src/app/page.tsx [Server Component] @ http://localhost:3000/_next/static/chunks/node_modules_next_dist_1gdrd03._.js:1945
[ 7092612ms] [ERROR] ./src/components/aftermath-result.tsx:431:17
Expected '</', got 'ident'
  429 |
  430 |               <button
> 431 |                 onClick={handleSaferClick}
      |                 ^^^^^^^
  432 |                 className="flex items-center gap-2 rounded-xl bg-[var(--accent-green)] px-6 py-3 font-semibold text-[var(--...
  433 |               >
  434 |                 Find a safer version

Parsing ecmascript source code failed

Import traces:
  Client Component Browser:
    ./src/components/aftermath-result.tsx [Client Component Browser]
    ./src/app/page.tsx [Client Component Browser]
    ./src/app/page.tsx [Server Component]

  Client Component SSR:
    ./src/components/aftermath-result.tsx [Client Component SSR]
    ./src/app/page.tsx [Client Component SSR]
    ./src/app/page.tsx [Server Component] @ http://localhost:3000/_next/static/chunks/node_modules_next_dist_1gdrd03._.js:1945
[ 7092680ms] [ERROR] ./src/components/aftermath-result.tsx:431:17
Expected '</', got 'ident'
  429 |
  430 |               <button
> 431 |                 onClick={handleSaferClick}
      |                 ^^^^^^^
  432 |                 className="flex items-center gap-2 rounded-xl bg-[var(--accent-green)] px-6 py-3 font-semibold text-[var(--...
  433 |               >
  434 |                 Find a safer version

Parsing ecmascript source code failed

Import traces:
  Client Component Browser:
    ./src/components/aftermath-result.tsx [Client Component Browser]
    ./src/app/page.tsx [Client Component Browser]
    ./src/app/page.tsx [Server Component]

  Client Component SSR:
    ./src/components/aftermath-result.tsx [Client Component SSR]
    ./src/app/page.tsx [Client Component SSR]
    ./src/app/page.tsx [Server Component] @ http://localhost:3000/_next/static/chunks/node_modules_next_dist_1gdrd03._.js:1945
[ 7092747ms] [ERROR] ./src/components/aftermath-result.tsx:431:17
Expected '</', got 'ident'
  429 |
  430 |               <button
> 431 |                 onClick={handleSaferClick}
      |                 ^^^^^^^
  432 |                 className="flex items-center gap-2 rounded-xl bg-[var(--accent-green)] px-6 py-3 font-semibold text-[var(--...
  433 |               >
  434 |                 Find a safer version

Parsing ecmascript source code failed

Import traces:
  Client Component Browser:
    ./src/components/aftermath-result.tsx [Client Component Browser]
    ./src/app/page.tsx [Client Component Browser]
    ./src/app/page.tsx [Server Component]

  Client Component SSR:
    ./src/components/aftermath-result.tsx [Client Component SSR]
    ./src/app/page.tsx [Client Component SSR]
    ./src/app/page.tsx [Server Component] @ http://localhost:3000/_next/static/chunks/node_modules_next_dist_1gdrd03._.js:1945
[ 7092812ms] [ERROR] ./src/components/aftermath-result.tsx:431:17
Expected '</', got 'ident'
  429 |
  430 |               <button
> 431 |                 onClick={handleSaferClick}
      |                 ^^^^^^^
  432 |                 className="flex items-center gap-2 rounded-xl bg-[var(--accent-green)] px-6 py-3 font-semibold text-[var(--...
  433 |               >
  434 |                 Find a safer version

Parsing ecmascript source code failed

Import traces:
  Client Component Browser:
    ./src/components/aftermath-result.tsx [Client Component Browser]
    ./src/app/page.tsx [Client Component Browser]
    ./src/app/page.tsx [Server Component]

  Client Component SSR:
    ./src/components/aftermath-result.tsx [Client Component SSR]
    ./src/app/page.tsx [Client Component SSR]
    ./src/app/page.tsx [Server Component] @ http://localhost:3000/_next/static/chunks/node_modules_next_dist_1gdrd03._.js:1945
[ 7092880ms] [ERROR] ./src/components/aftermath-result.tsx:431:17
Expected '</', got 'ident'
  429 |
  430 |               <button
> 431 |                 onClick={handleSaferClick}
      |                 ^^^^^^^
  432 |                 className="flex items-center gap-2 rounded-xl bg-[var(--accent-green)] px-6 py-3 font-semibold text-[var(--...
  433 |               >
  434 |                 Find a safer version

Parsing ecmascript source code failed

Import traces:
  Client Component Browser:
    ./src/components/aftermath-result.tsx [Client Component Browser]
    ./src/app/page.tsx [Client Component Browser]
    ./src/app/page.tsx [Server Component]

  Client Component SSR:
    ./src/components/aftermath-result.tsx [Client Component SSR]
    ./src/app/page.tsx [Client Component SSR]
    ./src/app/page.tsx [Server Component] @ http://localhost:3000/_next/static/chunks/node_modules_next_dist_1gdrd03._.js:1945
[ 7092947ms] [ERROR] ./src/components/aftermath-result.tsx:431:17
Expected '</', got 'ident'
  429 |
  430 |               <button
> 431 |                 onClick={handleSaferClick}
      |                 ^^^^^^^
  432 |                 className="flex items-center gap-2 rounded-xl bg-[var(--accent-green)] px-6 py-3 font-semibold text-[var(--...
  433 |               >
  434 |                 Find a safer version

Parsing ecmascript source code failed

Import traces:
  Client Component Browser:
    ./src/components/aftermath-result.tsx [Client Component Browser]
    ./src/app/page.tsx [Client Component Browser]
    ./src/app/page.tsx [Server Component]

  Client Component SSR:
    ./src/components/aftermath-result.tsx [Client Component SSR]
    ./src/app/page.tsx [Client Component SSR]
    ./src/app/page.tsx [Server Component] @ http://localhost:3000/_next/static/chunks/node_modules_next_dist_1gdrd03._.js:1945
[ 7093012ms] [ERROR] ./src/components/aftermath-result.tsx:431:17
Expected '</', got 'ident'
  429 |
  430 |               <button
> 431 |                 onClick={handleSaferClick}
      |                 ^^^^^^^
  432 |                 className="flex items-center gap-2 rounded-xl bg-[var(--accent-green)] px-6 py-3 font-semibold text-[var(--...
  433 |               >
  434 |                 Find a safer version

Parsing ecmascript source code failed

Import traces:
  Client Component Browser:
    ./src/components/aftermath-result.tsx [Client Component Browser]
    ./src/app/page.tsx [Client Component Browser]
    ./src/app/page.tsx [Server Component]

  Client Component SSR:
    ./src/components/aftermath-result.tsx [Client Component SSR]
    ./src/app/page.tsx [Client Component SSR]
    ./src/app/page.tsx [Server Component] @ http://localhost:3000/_next/static/chunks/node_modules_next_dist_1gdrd03._.js:1945
[ 7093064ms] [ERROR] ./src/components/aftermath-result.tsx:431:17
Expected '</', got 'ident'
  429 |
  430 |               <button
> 431 |                 onClick={handleSaferClick}
      |                 ^^^^^^^
  432 |                 className="flex items-center gap-2 rounded-xl bg-[var(--accent-green)] px-6 py-3 font-semibold text-[var(--...
  433 |               >
  434 |                 Find a safer version

Parsing ecmascript source code failed

Import traces:
  Client Component Browser:
    ./src/components/aftermath-result.tsx [Client Component Browser]
    ./src/app/page.tsx [Client Component Browser]
    ./src/app/page.tsx [Server Component]

  Client Component SSR:
    ./src/components/aftermath-result.tsx [Client Component SSR]
    ./src/app/page.tsx [Client Component SSR]
    ./src/app/page.tsx [Server Component] @ http://localhost:3000/_next/static/chunks/node_modules_next_dist_1gdrd03._.js:1945
[ 7093129ms] [ERROR] ./src/components/aftermath-result.tsx:431:17
Expected '</', got 'ident'
  429 |
  430 |               <button
> 431 |                 onClick={handleSaferClick}
      |                 ^^^^^^^
  432 |                 className="flex items-center gap-2 rounded-xl bg-[var(--accent-green)] px-6 py-3 font-semibold text-[var(--...
  433 |               >
  434 |                 Find a safer version

Parsing ecmascript source code failed

Import traces:
  Client Component Browser:
    ./src/components/aftermath-result.tsx [Client Component Browser]
    ./src/app/page.tsx [Client Component Browser]
    ./src/app/page.tsx [Server Component]

  Client Component SSR:
    ./src/components/aftermath-result.tsx [Client Component SSR]
    ./src/app/page.tsx [Client Component SSR]
    ./src/app/page.tsx [Server Component] @ http://localhost:3000/_next/static/chunks/node_modules_next_dist_1gdrd03._.js:1945
[ 7093180ms] [ERROR] ./src/components/aftermath-result.tsx:431:17
Expected '</', got 'ident'
  429 |
  430 |               <button
> 431 |                 onClick={handleSaferClick}
      |                 ^^^^^^^
  432 |                 className="flex items-center gap-2 rounded-xl bg-[var(--accent-green)] px-6 py-3 font-semibold text-[var(--...
  433 |               >
  434 |                 Find a safer version

Parsing ecmascript source code failed

Import traces:
  Client Component Browser:
    ./src/components/aftermath-result.tsx [Client Component Browser]
    ./src/app/page.tsx [Client Component Browser]
    ./src/app/page.tsx [Server Component]

  Client Component SSR:
    ./src/components/aftermath-result.tsx [Client Component SSR]
    ./src/app/page.tsx [Client Component SSR]
    ./src/app/page.tsx [Server Component] @ http://localhost:3000/_next/static/chunks/node_modules_next_dist_1gdrd03._.js:1945
[ 7093245ms] [ERROR] ./src/components/aftermath-result.tsx:431:17
Expected '</', got 'ident'
  429 |
  430 |               <button
> 431 |                 onClick={handleSaferClick}
      |                 ^^^^^^^
  432 |                 className="flex items-center gap-2 rounded-xl bg-[var(--accent-green)] px-6 py-3 font-semibold text-[var(--...
  433 |               >
  434 |                 Find a safer version

Parsing ecmascript source code failed

Import traces:
  Client Component Browser:
    ./src/components/aftermath-result.tsx [Client Component Browser]
    ./src/app/page.tsx [Client Component Browser]
    ./src/app/page.tsx [Server Component]

  Client Component SSR:
    ./src/components/aftermath-result.tsx [Client Component SSR]
    ./src/app/page.tsx [Client Component SSR]
    ./src/app/page.tsx [Server Component] @ http://localhost:3000/_next/static/chunks/node_modules_next_dist_1gdrd03._.js:1945
[ 7093296ms] [ERROR] ./src/components/aftermath-result.tsx:431:17
Expected '</', got 'ident'
  429 |
  430 |               <button
> 431 |                 onClick={handleSaferClick}
      |                 ^^^^^^^
  432 |                 className="flex items-center gap-2 rounded-xl bg-[var(--accent-green)] px-6 py-3 font-semibold text-[var(--...
  433 |               >
  434 |                 Find a safer version

Parsing ecmascript source code failed

Import traces:
  Client Component Browser:
    ./src/components/aftermath-result.tsx [Client Component Browser]
    ./src/app/page.tsx [Client Component Browser]
    ./src/app/page.tsx [Server Component]

  Client Component SSR:
    ./src/components/aftermath-result.tsx [Client Component SSR]
    ./src/app/page.tsx [Client Component SSR]
    ./src/app/page.tsx [Server Component] @ http://localhost:3000/_next/static/chunks/node_modules_next_dist_1gdrd03._.js:1945
[ 7093363ms] [ERROR] ./src/components/aftermath-result.tsx:431:17
Expected '</', got 'ident'
  429 |
  430 |               <button
> 431 |                 onClick={handleSaferClick}
      |                 ^^^^^^^
  432 |                 className="flex items-center gap-2 rounded-xl bg-[var(--accent-green)] px-6 py-3 font-semibold text-[var(--...
  433 |               >
  434 |                 Find a safer version

Parsing ecmascript source code failed

Import traces:
  Client Component Browser:
    ./src/components/aftermath-result.tsx [Client Component Browser]
    ./src/app/page.tsx [Client Component Browser]
    ./src/app/page.tsx [Server Component]

  Client Component SSR:
    ./src/components/aftermath-result.tsx [Client Component SSR]
    ./src/app/page.tsx [Client Component SSR]
    ./src/app/page.tsx [Server Component] @ http://localhost:3000/_next/static/chunks/node_modules_next_dist_1gdrd03._.js:1945
[ 7093428ms] [ERROR] ./src/components/aftermath-result.tsx:431:17
Expected '</', got 'ident'
  429 |
  430 |               <button
> 431 |                 onClick={handleSaferClick}
      |                 ^^^^^^^
  432 |                 className="flex items-center gap-2 rounded-xl bg-[var(--accent-green)] px-6 py-3 font-semibold text-[var(--...
  433 |               >
  434 |                 Find a safer version

Parsing ecmascript source code failed

Import traces:
  Client Component Browser:
    ./src/components/aftermath-result.tsx [Client Component Browser]
    ./src/app/page.tsx [Client Component Browser]
    ./src/app/page.tsx [Server Component]

  Client Component SSR:
    ./src/components/aftermath-result.tsx [Client Component SSR]
    ./src/app/page.tsx [Client Component SSR]
    ./src/app/page.tsx [Server Component] @ http://localhost:3000/_next/static/chunks/node_modules_next_dist_1gdrd03._.js:1945
[ 7093493ms] [ERROR] ./src/components/aftermath-result.tsx:431:17
Expected '</', got 'ident'
  429 |
  430 |               <button
> 431 |                 onClick={handleSaferClick}
      |                 ^^^^^^^
  432 |                 className="flex items-center gap-2 rounded-xl bg-[var(--accent-green)] px-6 py-3 font-semibold text-[var(--...
  433 |               >
  434 |                 Find a safer version

Parsing ecmascript source code failed

Import traces:
  Client Component Browser:
    ./src/components/aftermath-result.tsx [Client Component Browser]
    ./src/app/page.tsx [Client Component Browser]
    ./src/app/page.tsx [Server Component]

  Client Component SSR:
    ./src/components/aftermath-result.tsx [Client Component SSR]
    ./src/app/page.tsx [Client Component SSR]
    ./src/app/page.tsx [Server Component] @ http://localhost:3000/_next/static/chunks/node_modules_next_dist_1gdrd03._.js:1945
[ 7093549ms] [ERROR] ./src/components/aftermath-result.tsx:431:17
Expected '</', got 'ident'
  429 |
  430 |               <button
> 431 |                 onClick={handleSaferClick}
      |                 ^^^^^^^
  432 |                 className="flex items-center gap-2 rounded-xl bg-[var(--accent-green)] px-6 py-3 font-semibold text-[var(--...
  433 |               >
  434 |                 Find a safer version

Parsing ecmascript source code failed

Import traces:
  Client Component Browser:
    ./src/components/aftermath-result.tsx [Client Component Browser]
    ./src/app/page.tsx [Client Component Browser]
    ./src/app/page.tsx [Server Component]

  Client Component SSR:
    ./src/components/aftermath-result.tsx [Client Component SSR]
    ./src/app/page.tsx [Client Component SSR]
    ./src/app/page.tsx [Server Component] @ http://localhost:3000/_next/static/chunks/node_modules_next_dist_1gdrd03._.js:1945
[ 7093611ms] [ERROR] ./src/components/aftermath-result.tsx:431:17
Expected '</', got 'ident'
  429 |
  430 |               <button
> 431 |                 onClick={handleSaferClick}
      |                 ^^^^^^^
  432 |                 className="flex items-center gap-2 rounded-xl bg-[var(--accent-green)] px-6 py-3 font-semibold text-[var(--...
  433 |               >
  434 |                 Find a safer version

Parsing ecmascript source code failed

Import traces:
  Client Component Browser:
    ./src/components/aftermath-result.tsx [Client Component Browser]
    ./src/app/page.tsx [Client Component Browser]
    ./src/app/page.tsx [Server Component]

  Client Component SSR:
    ./src/components/aftermath-result.tsx [Client Component SSR]
    ./src/app/page.tsx [Client Component SSR]
    ./src/app/page.tsx [Server Component] @ http://localhost:3000/_next/static/chunks/node_modules_next_dist_1gdrd03._.js:1945
[ 7093664ms] [ERROR] ./src/components/aftermath-result.tsx:431:17
Expected '</', got 'ident'
  429 |
  430 |               <button
> 431 |                 onClick={handleSaferClick}
      |                 ^^^^^^^
  432 |                 className="flex items-center gap-2 rounded-xl bg-[var(--accent-green)] px-6 py-3 font-semibold text-[var(--...
  433 |               >
  434 |                 Find a safer version

Parsing ecmascript source code failed

Import traces:
  Client Component Browser:
    ./src/components/aftermath-result.tsx [Client Component Browser]
    ./src/app/page.tsx [Client Component Browser]
    ./src/app/page.tsx [Server Component]

  Client Component SSR:
    ./src/components/aftermath-result.tsx [Client Component SSR]
    ./src/app/page.tsx [Client Component SSR]
    ./src/app/page.tsx [Server Component] @ http://localhost:3000/_next/static/chunks/node_modules_next_dist_1gdrd03._.js:1945
[ 7093729ms] [ERROR] ./src/components/aftermath-result.tsx:431:17
Expected '</', got 'ident'
  429 |
  430 |               <button
> 431 |                 onClick={handleSaferClick}
      |                 ^^^^^^^
  432 |                 className="flex items-center gap-2 rounded-xl bg-[var(--accent-green)] px-6 py-3 font-semibold text-[var(--...
  433 |               >
  434 |                 Find a safer version

Parsing ecmascript source code failed

Import traces:
  Client Component Browser:
    ./src/components/aftermath-result.tsx [Client Component Browser]
    ./src/app/page.tsx [Client Component Browser]
    ./src/app/page.tsx [Server Component]

  Client Component SSR:
    ./src/components/aftermath-result.tsx [Client Component SSR]
    ./src/app/page.tsx [Client Component SSR]
    ./src/app/page.tsx [Server Component] @ http://localhost:3000/_next/static/chunks/node_modules_next_dist_1gdrd03._.js:1945
[ 7093795ms] [ERROR] ./src/components/aftermath-result.tsx:431:17
Expected '</', got 'ident'
  429 |
  430 |               <button
> 431 |                 onClick={handleSaferClick}
      |                 ^^^^^^^
  432 |                 className="flex items-center gap-2 rounded-xl bg-[var(--accent-green)] px-6 py-3 font-semibold text-[var(--...
  433 |               >
  434 |                 Find a safer version

Parsing ecmascript source code failed

Import traces:
  Client Component Browser:
    ./src/components/aftermath-result.tsx [Client Component Browser]
    ./src/app/page.tsx [Client Component Browser]
    ./src/app/page.tsx [Server Component]

  Client Component SSR:
    ./src/components/aftermath-result.tsx [Client Component SSR]
    ./src/app/page.tsx [Client Component SSR]
    ./src/app/page.tsx [Server Component] @ http://localhost:3000/_next/static/chunks/node_modules_next_dist_1gdrd03._.js:1945
[ 7093861ms] [ERROR] ./src/components/aftermath-result.tsx:431:17
Expected '</', got 'ident'
  429 |
  430 |               <button
> 431 |                 onClick={handleSaferClick}
      |                 ^^^^^^^
  432 |                 className="flex items-center gap-2 rounded-xl bg-[var(--accent-green)] px-6 py-3 font-semibold text-[var(--...
  433 |               >
  434 |                 Find a safer version

Parsing ecmascript source code failed

Import traces:
  Client Component Browser:
    ./src/components/aftermath-result.tsx [Client Component Browser]
    ./src/app/page.tsx [Client Component Browser]
    ./src/app/page.tsx [Server Component]

  Client Component SSR:
    ./src/components/aftermath-result.tsx [Client Component SSR]
    ./src/app/page.tsx [Client Component SSR]
    ./src/app/page.tsx [Server Component] @ http://localhost:3000/_next/static/chunks/node_modules_next_dist_1gdrd03._.js:1945
[ 7093913ms] [ERROR] ./src/components/aftermath-result.tsx:431:17
Expected '</', got 'ident'
  429 |
  430 |               <button
> 431 |                 onClick={handleSaferClick}
      |                 ^^^^^^^
  432 |                 className="flex items-center gap-2 rounded-xl bg-[var(--accent-green)] px-6 py-3 font-semibold text-[var(--...
  433 |               >
  434 |                 Find a safer version

Parsing ecmascript source code failed

Import traces:
  Client Component Browser:
    ./src/components/aftermath-result.tsx [Client Component Browser]
    ./src/app/page.tsx [Client Component Browser]
    ./src/app/page.tsx [Server Component]

  Client Component SSR:
    ./src/components/aftermath-result.tsx [Client Component SSR]
    ./src/app/page.tsx [Client Component SSR]
    ./src/app/page.tsx [Server Component] @ http://localhost:3000/_next/static/chunks/node_modules_next_dist_1gdrd03._.js:1945
[ 7093979ms] [ERROR] ./src/components/aftermath-result.tsx:431:17
Expected '</', got 'ident'
  429 |
  430 |               <button
> 431 |                 onClick={handleSaferClick}
      |                 ^^^^^^^
  432 |                 className="flex items-center gap-2 rounded-xl bg-[var(--accent-green)] px-6 py-3 font-semibold text-[var(--...
  433 |               >
  434 |                 Find a safer version

Parsing ecmascript source code failed

Import traces:
  Client Component Browser:
    ./src/components/aftermath-result.tsx [Client Component Browser]
    ./src/app/page.tsx [Client Component Browser]
    ./src/app/page.tsx [Server Component]

  Client Component SSR:
    ./src/components/aftermath-result.tsx [Client Component SSR]
    ./src/app/page.tsx [Client Component SSR]
    ./src/app/page.tsx [Server Component] @ http://localhost:3000/_next/static/chunks/node_modules_next_dist_1gdrd03._.js:1945
[ 7094054ms] [ERROR] ./src/components/aftermath-result.tsx:431:17
Expected '</', got 'ident'
  429 |
  430 |               <button
> 431 |                 onClick={handleSaferClick}
      |                 ^^^^^^^
  432 |                 className="flex items-center gap-2 rounded-xl bg-[var(--accent-green)] px-6 py-3 font-semibold text-[var(--...
  433 |               >
  434 |                 Find a safer version

Parsing ecmascript source code failed

Import traces:
  Client Component Browser:
    ./src/components/aftermath-result.tsx [Client Component Browser]
    ./src/app/page.tsx [Client Component Browser]
    ./src/app/page.tsx [Server Component]

  Client Component SSR:
    ./src/components/aftermath-result.tsx [Client Component SSR]
    ./src/app/page.tsx [Client Component SSR]
    ./src/app/page.tsx [Server Component] @ http://localhost:3000/_next/static/chunks/node_modules_next_dist_1gdrd03._.js:1945
[ 7094113ms] [ERROR] ./src/components/aftermath-result.tsx:431:17
Expected '</', got 'ident'
  429 |
  430 |               <button
> 431 |                 onClick={handleSaferClick}
      |                 ^^^^^^^
  432 |                 className="flex items-center gap-2 rounded-xl bg-[var(--accent-green)] px-6 py-3 font-semibold text-[var(--...
  433 |               >
  434 |                 Find a safer version

Parsing ecmascript source code failed

Import traces:
  Client Component Browser:
    ./src/components/aftermath-result.tsx [Client Component Browser]
    ./src/app/page.tsx [Client Component Browser]
    ./src/app/page.tsx [Server Component]

  Client Component SSR:
    ./src/components/aftermath-result.tsx [Client Component SSR]
    ./src/app/page.tsx [Client Component SSR]
    ./src/app/page.tsx [Server Component] @ http://localhost:3000/_next/static/chunks/node_modules_next_dist_1gdrd03._.js:1945
[ 7094175ms] [ERROR] ./src/components/aftermath-result.tsx:431:17
Expected '</', got 'ident'
  429 |
  430 |               <button
> 431 |                 onClick={handleSaferClick}
      |                 ^^^^^^^
  432 |                 className="flex items-center gap-2 rounded-xl bg-[var(--accent-green)] px-6 py-3 font-semibold text-[var(--...
  433 |               >
  434 |                 Find a safer version

Parsing ecmascript source code failed

Import traces:
  Client Component Browser:
    ./src/components/aftermath-result.tsx [Client Component Browser]
    ./src/app/page.tsx [Client Component Browser]
    ./src/app/page.tsx [Server Component]

  Client Component SSR:
    ./src/components/aftermath-result.tsx [Client Component SSR]
    ./src/app/page.tsx [Client Component SSR]
    ./src/app/page.tsx [Server Component] @ http://localhost:3000/_next/static/chunks/node_modules_next_dist_1gdrd03._.js:1945
[ 7094229ms] [ERROR] ./src/components/aftermath-result.tsx:431:17
Expected '</', got 'ident'
  429 |
  430 |               <button
> 431 |                 onClick={handleSaferClick}
      |                 ^^^^^^^
  432 |                 className="flex items-center gap-2 rounded-xl bg-[var(--accent-green)] px-6 py-3 font-semibold text-[var(--...
  433 |               >
  434 |                 Find a safer version

Parsing ecmascript source code failed

Import traces:
  Client Component Browser:
    ./src/components/aftermath-result.tsx [Client Component Browser]
    ./src/app/page.tsx [Client Component Browser]
    ./src/app/page.tsx [Server Component]

  Client Component SSR:
    ./src/components/aftermath-result.tsx [Client Component SSR]
    ./src/app/page.tsx [Client Component SSR]
    ./src/app/page.tsx [Server Component] @ http://localhost:3000/_next/static/chunks/node_modules_next_dist_1gdrd03._.js:1945
[ 7094279ms] [ERROR] ./src/components/aftermath-result.tsx:431:17
Expected '</', got 'ident'
  429 |
  430 |               <button
> 431 |                 onClick={handleSaferClick}
      |                 ^^^^^^^
  432 |                 className="flex items-center gap-2 rounded-xl bg-[var(--accent-green)] px-6 py-3 font-semibold text-[var(--...
  433 |               >
  434 |                 Find a safer version

Parsing ecmascript source code failed

Import traces:
  Client Component Browser:
    ./src/components/aftermath-result.tsx [Client Component Browser]
    ./src/app/page.tsx [Client Component Browser]
    ./src/app/page.tsx [Server Component]

  Client Component SSR:
    ./src/components/aftermath-result.tsx [Client Component SSR]
    ./src/app/page.tsx [Client Component SSR]
    ./src/app/page.tsx [Server Component] @ http://localhost:3000/_next/static/chunks/node_modules_next_dist_1gdrd03._.js:1945
[ 7094330ms] [ERROR] ./src/components/aftermath-result.tsx:431:17
Expected '</', got 'ident'
  429 |
  430 |               <button
> 431 |                 onClick={handleSaferClick}
      |                 ^^^^^^^
  432 |                 className="flex items-center gap-2 rounded-xl bg-[var(--accent-green)] px-6 py-3 font-semibold text-[var(--...
  433 |               >
  434 |                 Find a safer version

Parsing ecmascript source code failed

Import traces:
  Client Component Browser:
    ./src/components/aftermath-result.tsx [Client Component Browser]
    ./src/app/page.tsx [Client Component Browser]
    ./src/app/page.tsx [Server Component]

  Client Component SSR:
    ./src/components/aftermath-result.tsx [Client Component SSR]
    ./src/app/page.tsx [Client Component SSR]
    ./src/app/page.tsx [Server Component] @ http://localhost:3000/_next/static/chunks/node_modules_next_dist_1gdrd03._.js:1945
[ 7094383ms] [ERROR] ./src/components/aftermath-result.tsx:431:17
Expected '</', got 'ident'
  429 |
  430 |               <button
> 431 |                 onClick={handleSaferClick}
      |                 ^^^^^^^
  432 |                 className="flex items-center gap-2 rounded-xl bg-[var(--accent-green)] px-6 py-3 font-semibold text-[var(--...
  433 |               >
  434 |                 Find a safer version

Parsing ecmascript source code failed

Import traces:
  Client Component Browser:
    ./src/components/aftermath-result.tsx [Client Component Browser]
    ./src/app/page.tsx [Client Component Browser]
    ./src/app/page.tsx [Server Component]

  Client Component SSR:
    ./src/components/aftermath-result.tsx [Client Component SSR]
    ./src/app/page.tsx [Client Component SSR]
    ./src/app/page.tsx [Server Component] @ http://localhost:3000/_next/static/chunks/node_modules_next_dist_1gdrd03._.js:1945
[ 7094445ms] [ERROR] ./src/components/aftermath-result.tsx:431:17
Expected '</', got 'ident'
  429 |
  430 |               <button
> 431 |                 onClick={handleSaferClick}
      |                 ^^^^^^^
  432 |                 className="flex items-center gap-2 rounded-xl bg-[var(--accent-green)] px-6 py-3 font-semibold text-[var(--...
  433 |               >
  434 |                 Find a safer version

Parsing ecmascript source code failed

Import traces:
  Client Component Browser:
    ./src/components/aftermath-result.tsx [Client Component Browser]
    ./src/app/page.tsx [Client Component Browser]
    ./src/app/page.tsx [Server Component]

  Client Component SSR:
    ./src/components/aftermath-result.tsx [Client Component SSR]
    ./src/app/page.tsx [Client Component SSR]
    ./src/app/page.tsx [Server Component] @ http://localhost:3000/_next/static/chunks/node_modules_next_dist_1gdrd03._.js:1945
[ 7094509ms] [ERROR] ./src/components/aftermath-result.tsx:431:17
Expected '</', got 'ident'
  429 |
  430 |               <button
> 431 |                 onClick={handleSaferClick}
      |                 ^^^^^^^
  432 |                 className="flex items-center gap-2 rounded-xl bg-[var(--accent-green)] px-6 py-3 font-semibold text-[var(--...
  433 |               >
  434 |                 Find a safer version

Parsing ecmascript source code failed

Import traces:
  Client Component Browser:
    ./src/components/aftermath-result.tsx [Client Component Browser]
    ./src/app/page.tsx [Client Component Browser]
    ./src/app/page.tsx [Server Component]

  Client Component SSR:
    ./src/components/aftermath-result.tsx [Client Component SSR]
    ./src/app/page.tsx [Client Component SSR]
    ./src/app/page.tsx [Server Component] @ http://localhost:3000/_next/static/chunks/node_modules_next_dist_1gdrd03._.js:1945
[ 7094572ms] [ERROR] ./src/components/aftermath-result.tsx:431:17
Expected '</', got 'ident'
  429 |
  430 |               <button
> 431 |                 onClick={handleSaferClick}
      |                 ^^^^^^^
  432 |                 className="flex items-center gap-2 rounded-xl bg-[var(--accent-green)] px-6 py-3 font-semibold text-[var(--...
  433 |               >
  434 |                 Find a safer version

Parsing ecmascript source code failed

Import traces:
  Client Component Browser:
    ./src/components/aftermath-result.tsx [Client Component Browser]
    ./src/app/page.tsx [Client Component Browser]
    ./src/app/page.tsx [Server Component]

  Client Component SSR:
    ./src/components/aftermath-result.tsx [Client Component SSR]
    ./src/app/page.tsx [Client Component SSR]
    ./src/app/page.tsx [Server Component] @ http://localhost:3000/_next/static/chunks/node_modules_next_dist_1gdrd03._.js:1945
[ 7094630ms] [ERROR] ./src/components/aftermath-result.tsx:431:17
Expected '</', got 'ident'
  429 |
  430 |               <button
> 431 |                 onClick={handleSaferClick}
      |                 ^^^^^^^
  432 |                 className="flex items-center gap-2 rounded-xl bg-[var(--accent-green)] px-6 py-3 font-semibold text-[var(--...
  433 |               >
  434 |                 Find a safer version

Parsing ecmascript source code failed

Import traces:
  Client Component Browser:
    ./src/components/aftermath-result.tsx [Client Component Browser]
    ./src/app/page.tsx [Client Component Browser]
    ./src/app/page.tsx [Server Component]

  Client Component SSR:
    ./src/components/aftermath-result.tsx [Client Component SSR]
    ./src/app/page.tsx [Client Component SSR]
    ./src/app/page.tsx [Server Component] @ http://localhost:3000/_next/static/chunks/node_modules_next_dist_1gdrd03._.js:1945
[ 7094691ms] [ERROR] ./src/components/aftermath-result.tsx:431:17
Expected '</', got 'ident'
  429 |
  430 |               <button
> 431 |                 onClick={handleSaferClick}
      |                 ^^^^^^^
  432 |                 className="flex items-center gap-2 rounded-xl bg-[var(--accent-green)] px-6 py-3 font-semibold text-[var(--...
  433 |               >
  434 |                 Find a safer version

Parsing ecmascript source code failed

Import traces:
  Client Component Browser:
    ./src/components/aftermath-result.tsx [Client Component Browser]
    ./src/app/page.tsx [Client Component Browser]
    ./src/app/page.tsx [Server Component]

  Client Component SSR:
    ./src/components/aftermath-result.tsx [Client Component SSR]
    ./src/app/page.tsx [Client Component SSR]
    ./src/app/page.tsx [Server Component] @ http://localhost:3000/_next/static/chunks/node_modules_next_dist_1gdrd03._.js:1945
[ 7094746ms] [ERROR] ./src/components/aftermath-result.tsx:431:17
Expected '</', got 'ident'
  429 |
  430 |               <button
> 431 |                 onClick={handleSaferClick}
      |                 ^^^^^^^
  432 |                 className="flex items-center gap-2 rounded-xl bg-[var(--accent-green)] px-6 py-3 font-semibold text-[var(--...
  433 |               >
  434 |                 Find a safer version

Parsing ecmascript source code failed

Import traces:
  Client Component Browser:
    ./src/components/aftermath-result.tsx [Client Component Browser]
    ./src/app/page.tsx [Client Component Browser]
    ./src/app/page.tsx [Server Component]

  Client Component SSR:
    ./src/components/aftermath-result.tsx [Client Component SSR]
    ./src/app/page.tsx [Client Component SSR]
    ./src/app/page.tsx [Server Component] @ http://localhost:3000/_next/static/chunks/node_modules_next_dist_1gdrd03._.js:1945
[ 7094812ms] [ERROR] ./src/components/aftermath-result.tsx:431:17
Expected '</', got 'ident'
  429 |
  430 |               <button
> 431 |                 onClick={handleSaferClick}
      |                 ^^^^^^^
  432 |                 className="flex items-center gap-2 rounded-xl bg-[var(--accent-green)] px-6 py-3 font-semibold text-[var(--...
  433 |               >
  434 |                 Find a safer version

Parsing ecmascript source code failed

Import traces:
  Client Component Browser:
    ./src/components/aftermath-result.tsx [Client Component Browser]
    ./src/app/page.tsx [Client Component Browser]
    ./src/app/page.tsx [Server Component]

  Client Component SSR:
    ./src/components/aftermath-result.tsx [Client Component SSR]
    ./src/app/page.tsx [Client Component SSR]
    ./src/app/page.tsx [Server Component] @ http://localhost:3000/_next/static/chunks/node_modules_next_dist_1gdrd03._.js:1945
[ 7094879ms] [ERROR] ./src/components/aftermath-result.tsx:431:17
Expected '</', got 'ident'
  429 |
  430 |               <button
> 431 |                 onClick={handleSaferClick}
      |                 ^^^^^^^
  432 |                 className="flex items-center gap-2 rounded-xl bg-[var(--accent-green)] px-6 py-3 font-semibold text-[var(--...
  433 |               >
  434 |                 Find a safer version

Parsing ecmascript source code failed

Import traces:
  Client Component Browser:
    ./src/components/aftermath-result.tsx [Client Component Browser]
    ./src/app/page.tsx [Client Component Browser]
    ./src/app/page.tsx [Server Component]

  Client Component SSR:
    ./src/components/aftermath-result.tsx [Client Component SSR]
    ./src/app/page.tsx [Client Component SSR]
    ./src/app/page.tsx [Server Component] @ http://localhost:3000/_next/static/chunks/node_modules_next_dist_1gdrd03._.js:1945
[ 7094946ms] [ERROR] ./src/components/aftermath-result.tsx:431:17
Expected '</', got 'ident'
  429 |
  430 |               <button
> 431 |                 onClick={handleSaferClick}
      |                 ^^^^^^^
  432 |                 className="flex items-center gap-2 rounded-xl bg-[var(--accent-green)] px-6 py-3 font-semibold text-[var(--...
  433 |               >
  434 |                 Find a safer version

Parsing ecmascript source code failed

Import traces:
  Client Component Browser:
    ./src/components/aftermath-result.tsx [Client Component Browser]
    ./src/app/page.tsx [Client Component Browser]
    ./src/app/page.tsx [Server Component]

  Client Component SSR:
    ./src/components/aftermath-result.tsx [Client Component SSR]
    ./src/app/page.tsx [Client Component SSR]
    ./src/app/page.tsx [Server Component] @ http://localhost:3000/_next/static/chunks/node_modules_next_dist_1gdrd03._.js:1945
[ 7094995ms] [ERROR] ./src/components/aftermath-result.tsx:431:17
Expected '</', got 'ident'
  429 |
  430 |               <button
> 431 |                 onClick={handleSaferClick}
      |                 ^^^^^^^
  432 |                 className="flex items-center gap-2 rounded-xl bg-[var(--accent-green)] px-6 py-3 font-semibold text-[var(--...
  433 |               >
  434 |                 Find a safer version

Parsing ecmascript source code failed

Import traces:
  Client Component Browser:
    ./src/components/aftermath-result.tsx [Client Component Browser]
    ./src/app/page.tsx [Client Component Browser]
    ./src/app/page.tsx [Server Component]

  Client Component SSR:
    ./src/components/aftermath-result.tsx [Client Component SSR]
    ./src/app/page.tsx [Client Component SSR]
    ./src/app/page.tsx [Server Component] @ http://localhost:3000/_next/static/chunks/node_modules_next_dist_1gdrd03._.js:1945
[ 7095060ms] [ERROR] ./src/components/aftermath-result.tsx:431:17
Expected '</', got 'ident'
  429 |
  430 |               <button
> 431 |                 onClick={handleSaferClick}
      |                 ^^^^^^^
  432 |                 className="flex items-center gap-2 rounded-xl bg-[var(--accent-green)] px-6 py-3 font-semibold text-[var(--...
  433 |               >
  434 |                 Find a safer version

Parsing ecmascript source code failed

Import traces:
  Client Component Browser:
    ./src/components/aftermath-result.tsx [Client Component Browser]
    ./src/app/page.tsx [Client Component Browser]
    ./src/app/page.tsx [Server Component]

  Client Component SSR:
    ./src/components/aftermath-result.tsx [Client Component SSR]
    ./src/app/page.tsx [Client Component SSR]
    ./src/app/page.tsx [Server Component] @ http://localhost:3000/_next/static/chunks/node_modules_next_dist_1gdrd03._.js:1945
[ 7095127ms] [ERROR] ./src/components/aftermath-result.tsx:431:17
Expected '</', got 'ident'
  429 |
  430 |               <button
> 431 |                 onClick={handleSaferClick}
      |                 ^^^^^^^
  432 |                 className="flex items-center gap-2 rounded-xl bg-[var(--accent-green)] px-6 py-3 font-semibold text-[var(--...
  433 |               >
  434 |                 Find a safer version

Parsing ecmascript source code failed

Import traces:
  Client Component Browser:
    ./src/components/aftermath-result.tsx [Client Component Browser]
    ./src/app/page.tsx [Client Component Browser]
    ./src/app/page.tsx [Server Component]

  Client Component SSR:
    ./src/components/aftermath-result.tsx [Client Component SSR]
    ./src/app/page.tsx [Client Component SSR]
    ./src/app/page.tsx [Server Component] @ http://localhost:3000/_next/static/chunks/node_modules_next_dist_1gdrd03._.js:1945
[ 7095178ms] [ERROR] ./src/components/aftermath-result.tsx:431:17
Expected '</', got 'ident'
  429 |
  430 |               <button
> 431 |                 onClick={handleSaferClick}
      |                 ^^^^^^^
  432 |                 className="flex items-center gap-2 rounded-xl bg-[var(--accent-green)] px-6 py-3 font-semibold text-[var(--...
  433 |               >
  434 |                 Find a safer version

Parsing ecmascript source code failed

Import traces:
  Client Component Browser:
    ./src/components/aftermath-result.tsx [Client Component Browser]
    ./src/app/page.tsx [Client Component Browser]
    ./src/app/page.tsx [Server Component]

  Client Component SSR:
    ./src/components/aftermath-result.tsx [Client Component SSR]
    ./src/app/page.tsx [Client Component SSR]
    ./src/app/page.tsx [Server Component] @ http://localhost:3000/_next/static/chunks/node_modules_next_dist_1gdrd03._.js:1945
[ 7095240ms] [ERROR] ./src/components/aftermath-result.tsx:431:17
Expected '</', got 'ident'
  429 |
  430 |               <button
> 431 |                 onClick={handleSaferClick}
      |                 ^^^^^^^
  432 |                 className="flex items-center gap-2 rounded-xl bg-[var(--accent-green)] px-6 py-3 font-semibold text-[var(--...
  433 |               >
  434 |                 Find a safer version

Parsing ecmascript source code failed

Import traces:
  Client Component Browser:
    ./src/components/aftermath-result.tsx [Client Component Browser]
    ./src/app/page.tsx [Client Component Browser]
    ./src/app/page.tsx [Server Component]

  Client Component SSR:
    ./src/components/aftermath-result.tsx [Client Component SSR]
    ./src/app/page.tsx [Client Component SSR]
    ./src/app/page.tsx [Server Component] @ http://localhost:3000/_next/static/chunks/node_modules_next_dist_1gdrd03._.js:1945
[ 7095295ms] [ERROR] ./src/components/aftermath-result.tsx:431:17
Expected '</', got 'ident'
  429 |
  430 |               <button
> 431 |                 onClick={handleSaferClick}
      |                 ^^^^^^^
  432 |                 className="flex items-center gap-2 rounded-xl bg-[var(--accent-green)] px-6 py-3 font-semibold text-[var(--...
  433 |               >
  434 |                 Find a safer version

Parsing ecmascript source code failed

Import traces:
  Client Component Browser:
    ./src/components/aftermath-result.tsx [Client Component Browser]
    ./src/app/page.tsx [Client Component Browser]
    ./src/app/page.tsx [Server Component]

  Client Component SSR:
    ./src/components/aftermath-result.tsx [Client Component SSR]
    ./src/app/page.tsx [Client Component SSR]
    ./src/app/page.tsx [Server Component] @ http://localhost:3000/_next/static/chunks/node_modules_next_dist_1gdrd03._.js:1945
[ 7095362ms] [ERROR] ./src/components/aftermath-result.tsx:431:17
Expected '</', got 'ident'
  429 |
  430 |               <button
> 431 |                 onClick={handleSaferClick}
      |                 ^^^^^^^
  432 |                 className="flex items-center gap-2 rounded-xl bg-[var(--accent-green)] px-6 py-3 font-semibold text-[var(--...
  433 |               >
  434 |                 Find a safer version

Parsing ecmascript source code failed

Import traces:
  Client Component Browser:
    ./src/components/aftermath-result.tsx [Client Component Browser]
    ./src/app/page.tsx [Client Component Browser]
    ./src/app/page.tsx [Server Component]

  Client Component SSR:
    ./src/components/aftermath-result.tsx [Client Component SSR]
    ./src/app/page.tsx [Client Component SSR]
    ./src/app/page.tsx [Server Component] @ http://localhost:3000/_next/static/chunks/node_modules_next_dist_1gdrd03._.js:1945
[ 7095413ms] [ERROR] ./src/components/aftermath-result.tsx:431:17
Expected '</', got 'ident'
  429 |
  430 |               <button
> 431 |                 onClick={handleSaferClick}
      |                 ^^^^^^^
  432 |                 className="flex items-center gap-2 rounded-xl bg-[var(--accent-green)] px-6 py-3 font-semibold text-[var(--...
  433 |               >
  434 |                 Find a safer version

Parsing ecmascript source code failed

Import traces:
  Client Component Browser:
    ./src/components/aftermath-result.tsx [Client Component Browser]
    ./src/app/page.tsx [Client Component Browser]
    ./src/app/page.tsx [Server Component]

  Client Component SSR:
    ./src/components/aftermath-result.tsx [Client Component SSR]
    ./src/app/page.tsx [Client Component SSR]
    ./src/app/page.tsx [Server Component] @ http://localhost:3000/_next/static/chunks/node_modules_next_dist_1gdrd03._.js:1945
[ 7095473ms] [ERROR] ./src/components/aftermath-result.tsx:431:17
Expected '</', got 'ident'
  429 |
  430 |               <button
> 431 |                 onClick={handleSaferClick}
      |                 ^^^^^^^
  432 |                 className="flex items-center gap-2 rounded-xl bg-[var(--accent-green)] px-6 py-3 font-semibold text-[var(--...
  433 |               >
  434 |                 Find a safer version

Parsing ecmascript source code failed

Import traces:
  Client Component Browser:
    ./src/components/aftermath-result.tsx [Client Component Browser]
    ./src/app/page.tsx [Client Component Browser]
    ./src/app/page.tsx [Server Component]

  Client Component SSR:
    ./src/components/aftermath-result.tsx [Client Component SSR]
    ./src/app/page.tsx [Client Component SSR]
    ./src/app/page.tsx [Server Component] @ http://localhost:3000/_next/static/chunks/node_modules_next_dist_1gdrd03._.js:1945
[ 7095529ms] [ERROR] ./src/components/aftermath-result.tsx:431:17
Expected '</', got 'ident'
  429 |
  430 |               <button
> 431 |                 onClick={handleSaferClick}
      |                 ^^^^^^^
  432 |                 className="flex items-center gap-2 rounded-xl bg-[var(--accent-green)] px-6 py-3 font-semibold text-[var(--...
  433 |               >
  434 |                 Find a safer version

Parsing ecmascript source code failed

Import traces:
  Client Component Browser:
    ./src/components/aftermath-result.tsx [Client Component Browser]
    ./src/app/page.tsx [Client Component Browser]
    ./src/app/page.tsx [Server Component]

  Client Component SSR:
    ./src/components/aftermath-result.tsx [Client Component SSR]
    ./src/app/page.tsx [Client Component SSR]
    ./src/app/page.tsx [Server Component] @ http://localhost:3000/_next/static/chunks/node_modules_next_dist_1gdrd03._.js:1945
[ 7095585ms] [ERROR] ./src/components/aftermath-result.tsx:431:17
Expected '</', got 'ident'
  429 |
  430 |               <button
> 431 |                 onClick={handleSaferClick}
      |                 ^^^^^^^
  432 |                 className="flex items-center gap-2 rounded-xl bg-[var(--accent-green)] px-6 py-3 font-semibold text-[var(--...
  433 |               >
  434 |                 Find a safer version

Parsing ecmascript source code failed

Import traces:
  Client Component Browser:
    ./src/components/aftermath-result.tsx [Client Component Browser]
    ./src/app/page.tsx [Client Component Browser]
    ./src/app/page.tsx [Server Component]

  Client Component SSR:
    ./src/components/aftermath-result.tsx [Client Component SSR]
    ./src/app/page.tsx [Client Component SSR]
    ./src/app/page.tsx [Server Component] @ http://localhost:3000/_next/static/chunks/node_modules_next_dist_1gdrd03._.js:1945
[ 7095646ms] [ERROR] ./src/components/aftermath-result.tsx:431:17
Expected '</', got 'ident'
  429 |
  430 |               <button
> 431 |                 onClick={handleSaferClick}
      |                 ^^^^^^^
  432 |                 className="flex items-center gap-2 rounded-xl bg-[var(--accent-green)] px-6 py-3 font-semibold text-[var(--...
  433 |               >
  434 |                 Find a safer version

Parsing ecmascript source code failed

Import traces:
  Client Component Browser:
    ./src/components/aftermath-result.tsx [Client Component Browser]
    ./src/app/page.tsx [Client Component Browser]
    ./src/app/page.tsx [Server Component]

  Client Component SSR:
    ./src/components/aftermath-result.tsx [Client Component SSR]
    ./src/app/page.tsx [Client Component SSR]
    ./src/app/page.tsx [Server Component] @ http://localhost:3000/_next/static/chunks/node_modules_next_dist_1gdrd03._.js:1945
[ 7095714ms] [ERROR] ./src/components/aftermath-result.tsx:431:17
Expected '</', got 'ident'
  429 |
  430 |               <button
> 431 |                 onClick={handleSaferClick}
      |                 ^^^^^^^
  432 |                 className="flex items-center gap-2 rounded-xl bg-[var(--accent-green)] px-6 py-3 font-semibold text-[var(--...
  433 |               >
  434 |                 Find a safer version

Parsing ecmascript source code failed

Import traces:
  Client Component Browser:
    ./src/components/aftermath-result.tsx [Client Component Browser]
    ./src/app/page.tsx [Client Component Browser]
    ./src/app/page.tsx [Server Component]

  Client Component SSR:
    ./src/components/aftermath-result.tsx [Client Component SSR]
    ./src/app/page.tsx [Client Component SSR]
    ./src/app/page.tsx [Server Component] @ http://localhost:3000/_next/static/chunks/node_modules_next_dist_1gdrd03._.js:1945
[ 7095764ms] [ERROR] ./src/components/aftermath-result.tsx:431:17
Expected '</', got 'ident'
  429 |
  430 |               <button
> 431 |                 onClick={handleSaferClick}
      |                 ^^^^^^^
  432 |                 className="flex items-center gap-2 rounded-xl bg-[var(--accent-green)] px-6 py-3 font-semibold text-[var(--...
  433 |               >
  434 |                 Find a safer version

Parsing ecmascript source code failed

Import traces:
  Client Component Browser:
    ./src/components/aftermath-result.tsx [Client Component Browser]
    ./src/app/page.tsx [Client Component Browser]
    ./src/app/page.tsx [Server Component]

  Client Component SSR:
    ./src/components/aftermath-result.tsx [Client Component SSR]
    ./src/app/page.tsx [Client Component SSR]
    ./src/app/page.tsx [Server Component] @ http://localhost:3000/_next/static/chunks/node_modules_next_dist_1gdrd03._.js:1945
[ 7095828ms] [ERROR] ./src/components/aftermath-result.tsx:431:17
Expected '</', got 'ident'
  429 |
  430 |               <button
> 431 |                 onClick={handleSaferClick}
      |                 ^^^^^^^
  432 |                 className="flex items-center gap-2 rounded-xl bg-[var(--accent-green)] px-6 py-3 font-semibold text-[var(--...
  433 |               >
  434 |                 Find a safer version

Parsing ecmascript source code failed

Import traces:
  Client Component Browser:
    ./src/components/aftermath-result.tsx [Client Component Browser]
    ./src/app/page.tsx [Client Component Browser]
    ./src/app/page.tsx [Server Component]

  Client Component SSR:
    ./src/components/aftermath-result.tsx [Client Component SSR]
    ./src/app/page.tsx [Client Component SSR]
    ./src/app/page.tsx [Server Component] @ http://localhost:3000/_next/static/chunks/node_modules_next_dist_1gdrd03._.js:1945
[ 7095894ms] [ERROR] ./src/components/aftermath-result.tsx:431:17
Expected '</', got 'ident'
  429 |
  430 |               <button
> 431 |                 onClick={handleSaferClick}
      |                 ^^^^^^^
  432 |                 className="flex items-center gap-2 rounded-xl bg-[var(--accent-green)] px-6 py-3 font-semibold text-[var(--...
  433 |               >
  434 |                 Find a safer version

Parsing ecmascript source code failed

Import traces:
  Client Component Browser:
    ./src/components/aftermath-result.tsx [Client Component Browser]
    ./src/app/page.tsx [Client Component Browser]
    ./src/app/page.tsx [Server Component]

  Client Component SSR:
    ./src/components/aftermath-result.tsx [Client Component SSR]
    ./src/app/page.tsx [Client Component SSR]
    ./src/app/page.tsx [Server Component] @ http://localhost:3000/_next/static/chunks/node_modules_next_dist_1gdrd03._.js:1945
[ 7095954ms] [ERROR] ./src/components/aftermath-result.tsx:431:17
Expected '</', got 'ident'
  429 |
  430 |               <button
> 431 |                 onClick={handleSaferClick}
      |                 ^^^^^^^
  432 |                 className="flex items-center gap-2 rounded-xl bg-[var(--accent-green)] px-6 py-3 font-semibold text-[var(--...
  433 |               >
  434 |                 Find a safer version

Parsing ecmascript source code failed

Import traces:
  Client Component Browser:
    ./src/components/aftermath-result.tsx [Client Component Browser]
    ./src/app/page.tsx [Client Component Browser]
    ./src/app/page.tsx [Server Component]

  Client Component SSR:
    ./src/components/aftermath-result.tsx [Client Component SSR]
    ./src/app/page.tsx [Client Component SSR]
    ./src/app/page.tsx [Server Component] @ http://localhost:3000/_next/static/chunks/node_modules_next_dist_1gdrd03._.js:1945
[ 7096019ms] [ERROR] ./src/components/aftermath-result.tsx:431:17
Expected '</', got 'ident'
  429 |
  430 |               <button
> 431 |                 onClick={handleSaferClick}
      |                 ^^^^^^^
  432 |                 className="flex items-center gap-2 rounded-xl bg-[var(--accent-green)] px-6 py-3 font-semibold text-[var(--...
  433 |               >
  434 |                 Find a safer version

Parsing ecmascript source code failed

Import traces:
  Client Component Browser:
    ./src/components/aftermath-result.tsx [Client Component Browser]
    ./src/app/page.tsx [Client Component Browser]
    ./src/app/page.tsx [Server Component]

  Client Component SSR:
    ./src/components/aftermath-result.tsx [Client Component SSR]
    ./src/app/page.tsx [Client Component SSR]
    ./src/app/page.tsx [Server Component] @ http://localhost:3000/_next/static/chunks/node_modules_next_dist_1gdrd03._.js:1945
[ 7096082ms] [ERROR] ./src/components/aftermath-result.tsx:431:17
Expected '</', got 'ident'
  429 |
  430 |               <button
> 431 |                 onClick={handleSaferClick}
      |                 ^^^^^^^
  432 |                 className="flex items-center gap-2 rounded-xl bg-[var(--accent-green)] px-6 py-3 font-semibold text-[var(--...
  433 |               >
  434 |                 Find a safer version

Parsing ecmascript source code failed

Import traces:
  Client Component Browser:
    ./src/components/aftermath-result.tsx [Client Component Browser]
    ./src/app/page.tsx [Client Component Browser]
    ./src/app/page.tsx [Server Component]

  Client Component SSR:
    ./src/components/aftermath-result.tsx [Client Component SSR]
    ./src/app/page.tsx [Client Component SSR]
    ./src/app/page.tsx [Server Component] @ http://localhost:3000/_next/static/chunks/node_modules_next_dist_1gdrd03._.js:1945
[ 7096146ms] [ERROR] ./src/components/aftermath-result.tsx:431:17
Expected '</', got 'ident'
  429 |
  430 |               <button
> 431 |                 onClick={handleSaferClick}
      |                 ^^^^^^^
  432 |                 className="flex items-center gap-2 rounded-xl bg-[var(--accent-green)] px-6 py-3 font-semibold text-[var(--...
  433 |               >
  434 |                 Find a safer version

Parsing ecmascript source code failed

Import traces:
  Client Component Browser:
    ./src/components/aftermath-result.tsx [Client Component Browser]
    ./src/app/page.tsx [Client Component Browser]
    ./src/app/page.tsx [Server Component]

  Client Component SSR:
    ./src/components/aftermath-result.tsx [Client Component SSR]
    ./src/app/page.tsx [Client Component SSR]
    ./src/app/page.tsx [Server Component] @ http://localhost:3000/_next/static/chunks/node_modules_next_dist_1gdrd03._.js:1945
[ 7096210ms] [ERROR] ./src/components/aftermath-result.tsx:431:17
Expected '</', got 'ident'
  429 |
  430 |               <button
> 431 |                 onClick={handleSaferClick}
      |                 ^^^^^^^
  432 |                 className="flex items-center gap-2 rounded-xl bg-[var(--accent-green)] px-6 py-3 font-semibold text-[var(--...
  433 |               >
  434 |                 Find a safer version

Parsing ecmascript source code failed

Import traces:
  Client Component Browser:
    ./src/components/aftermath-result.tsx [Client Component Browser]
    ./src/app/page.tsx [Client Component Browser]
    ./src/app/page.tsx [Server Component]

  Client Component SSR:
    ./src/components/aftermath-result.tsx [Client Component SSR]
    ./src/app/page.tsx [Client Component SSR]
    ./src/app/page.tsx [Server Component] @ http://localhost:3000/_next/static/chunks/node_modules_next_dist_1gdrd03._.js:1945
[ 7096263ms] [ERROR] ./src/components/aftermath-result.tsx:431:17
Expected '</', got 'ident'
  429 |
  430 |               <button
> 431 |                 onClick={handleSaferClick}
      |                 ^^^^^^^
  432 |                 className="flex items-center gap-2 rounded-xl bg-[var(--accent-green)] px-6 py-3 font-semibold text-[var(--...
  433 |               >
  434 |                 Find a safer version

Parsing ecmascript source code failed

Import traces:
  Client Component Browser:
    ./src/components/aftermath-result.tsx [Client Component Browser]
    ./src/app/page.tsx [Client Component Browser]
    ./src/app/page.tsx [Server Component]

  Client Component SSR:
    ./src/components/aftermath-result.tsx [Client Component SSR]
    ./src/app/page.tsx [Client Component SSR]
    ./src/app/page.tsx [Server Component] @ http://localhost:3000/_next/static/chunks/node_modules_next_dist_1gdrd03._.js:1945
[ 7096325ms] [ERROR] ./src/components/aftermath-result.tsx:431:17
Expected '</', got 'ident'
  429 |
  430 |               <button
> 431 |                 onClick={handleSaferClick}
      |                 ^^^^^^^
  432 |                 className="flex items-center gap-2 rounded-xl bg-[var(--accent-green)] px-6 py-3 font-semibold text-[var(--...
  433 |               >
  434 |                 Find a safer version

Parsing ecmascript source code failed

Import traces:
  Client Component Browser:
    ./src/components/aftermath-result.tsx [Client Component Browser]
    ./src/app/page.tsx [Client Component Browser]
    ./src/app/page.tsx [Server Component]

  Client Component SSR:
    ./src/components/aftermath-result.tsx [Client Component SSR]
    ./src/app/page.tsx [Client Component SSR]
    ./src/app/page.tsx [Server Component] @ http://localhost:3000/_next/static/chunks/node_modules_next_dist_1gdrd03._.js:1945
[ 7096384ms] [ERROR] ./src/components/aftermath-result.tsx:431:17
Expected '</', got 'ident'
  429 |
  430 |               <button
> 431 |                 onClick={handleSaferClick}
      |                 ^^^^^^^
  432 |                 className="flex items-center gap-2 rounded-xl bg-[var(--accent-green)] px-6 py-3 font-semibold text-[var(--...
  433 |               >
  434 |                 Find a safer version

Parsing ecmascript source code failed

Import traces:
  Client Component Browser:
    ./src/components/aftermath-result.tsx [Client Component Browser]
    ./src/app/page.tsx [Client Component Browser]
    ./src/app/page.tsx [Server Component]

  Client Component SSR:
    ./src/components/aftermath-result.tsx [Client Component SSR]
    ./src/app/page.tsx [Client Component SSR]
    ./src/app/page.tsx [Server Component] @ http://localhost:3000/_next/static/chunks/node_modules_next_dist_1gdrd03._.js:1945
[ 7096446ms] [ERROR] ./src/components/aftermath-result.tsx:431:17
Expected '</', got 'ident'
  429 |
  430 |               <button
> 431 |                 onClick={handleSaferClick}
      |                 ^^^^^^^
  432 |                 className="flex items-center gap-2 rounded-xl bg-[var(--accent-green)] px-6 py-3 font-semibold text-[var(--...
  433 |               >
  434 |                 Find a safer version

Parsing ecmascript source code failed

Import traces:
  Client Component Browser:
    ./src/components/aftermath-result.tsx [Client Component Browser]
    ./src/app/page.tsx [Client Component Browser]
    ./src/app/page.tsx [Server Component]

  Client Component SSR:
    ./src/components/aftermath-result.tsx [Client Component SSR]
    ./src/app/page.tsx [Client Component SSR]
    ./src/app/page.tsx [Server Component] @ http://localhost:3000/_next/static/chunks/node_modules_next_dist_1gdrd03._.js:1945
[ 7096497ms] [ERROR] ./src/components/aftermath-result.tsx:431:17
Expected '</', got 'ident'
  429 |
  430 |               <button
> 431 |                 onClick={handleSaferClick}
      |                 ^^^^^^^
  432 |                 className="flex items-center gap-2 rounded-xl bg-[var(--accent-green)] px-6 py-3 font-semibold text-[var(--...
  433 |               >
  434 |                 Find a safer version

Parsing ecmascript source code failed

Import traces:
  Client Component Browser:
    ./src/components/aftermath-result.tsx [Client Component Browser]
    ./src/app/page.tsx [Client Component Browser]
    ./src/app/page.tsx [Server Component]

  Client Component SSR:
    ./src/components/aftermath-result.tsx [Client Component SSR]
    ./src/app/page.tsx [Client Component SSR]
    ./src/app/page.tsx [Server Component] @ http://localhost:3000/_next/static/chunks/node_modules_next_dist_1gdrd03._.js:1945
[ 7096558ms] [ERROR] ./src/components/aftermath-result.tsx:431:17
Expected '</', got 'ident'
  429 |
  430 |               <button
> 431 |                 onClick={handleSaferClick}
      |                 ^^^^^^^
  432 |                 className="flex items-center gap-2 rounded-xl bg-[var(--accent-green)] px-6 py-3 font-semibold text-[var(--...
  433 |               >
  434 |                 Find a safer version

Parsing ecmascript source code failed

Import traces:
  Client Component Browser:
    ./src/components/aftermath-result.tsx [Client Component Browser]
    ./src/app/page.tsx [Client Component Browser]
    ./src/app/page.tsx [Server Component]

  Client Component SSR:
    ./src/components/aftermath-result.tsx [Client Component SSR]
    ./src/app/page.tsx [Client Component SSR]
    ./src/app/page.tsx [Server Component] @ http://localhost:3000/_next/static/chunks/node_modules_next_dist_1gdrd03._.js:1945
[ 7096623ms] [ERROR] ./src/components/aftermath-result.tsx:431:17
Expected '</', got 'ident'
  429 |
  430 |               <button
> 431 |                 onClick={handleSaferClick}
      |                 ^^^^^^^
  432 |                 className="flex items-center gap-2 rounded-xl bg-[var(--accent-green)] px-6 py-3 font-semibold text-[var(--...
  433 |               >
  434 |                 Find a safer version

Parsing ecmascript source code failed

Import traces:
  Client Component Browser:
    ./src/components/aftermath-result.tsx [Client Component Browser]
    ./src/app/page.tsx [Client Component Browser]
    ./src/app/page.tsx [Server Component]

  Client Component SSR:
    ./src/components/aftermath-result.tsx [Client Component SSR]
    ./src/app/page.tsx [Client Component SSR]
    ./src/app/page.tsx [Server Component] @ http://localhost:3000/_next/static/chunks/node_modules_next_dist_1gdrd03._.js:1945
[ 7096684ms] [ERROR] ./src/components/aftermath-result.tsx:431:17
Expected '</', got 'ident'
  429 |
  430 |               <button
> 431 |                 onClick={handleSaferClick}
      |                 ^^^^^^^
  432 |                 className="flex items-center gap-2 rounded-xl bg-[var(--accent-green)] px-6 py-3 font-semibold text-[var(--...
  433 |               >
  434 |                 Find a safer version

Parsing ecmascript source code failed

Import traces:
  Client Component Browser:
    ./src/components/aftermath-result.tsx [Client Component Browser]
    ./src/app/page.tsx [Client Component Browser]
    ./src/app/page.tsx [Server Component]

  Client Component SSR:
    ./src/components/aftermath-result.tsx [Client Component SSR]
    ./src/app/page.tsx [Client Component SSR]
    ./src/app/page.tsx [Server Component] @ http://localhost:3000/_next/static/chunks/node_modules_next_dist_1gdrd03._.js:1945
[ 7096741ms] [ERROR] ./src/components/aftermath-result.tsx:431:17
Expected '</', got 'ident'
  429 |
  430 |               <button
> 431 |                 onClick={handleSaferClick}
      |                 ^^^^^^^
  432 |                 className="flex items-center gap-2 rounded-xl bg-[var(--accent-green)] px-6 py-3 font-semibold text-[var(--...
  433 |               >
  434 |                 Find a safer version

Parsing ecmascript source code failed

Import traces:
  Client Component Browser:
    ./src/components/aftermath-result.tsx [Client Component Browser]
    ./src/app/page.tsx [Client Component Browser]
    ./src/app/page.tsx [Server Component]

  Client Component SSR:
    ./src/components/aftermath-result.tsx [Client Component SSR]
    ./src/app/page.tsx [Client Component SSR]
    ./src/app/page.tsx [Server Component] @ http://localhost:3000/_next/static/chunks/node_modules_next_dist_1gdrd03._.js:1945
[ 7096803ms] [ERROR] ./src/components/aftermath-result.tsx:431:17
Expected '</', got 'ident'
  429 |
  430 |               <button
> 431 |                 onClick={handleSaferClick}
      |                 ^^^^^^^
  432 |                 className="flex items-center gap-2 rounded-xl bg-[var(--accent-green)] px-6 py-3 font-semibold text-[var(--...
  433 |               >
  434 |                 Find a safer version

Parsing ecmascript source code failed

Import traces:
  Client Component Browser:
    ./src/components/aftermath-result.tsx [Client Component Browser]
    ./src/app/page.tsx [Client Component Browser]
    ./src/app/page.tsx [Server Component]

  Client Component SSR:
    ./src/components/aftermath-result.tsx [Client Component SSR]
    ./src/app/page.tsx [Client Component SSR]
    ./src/app/page.tsx [Server Component] @ http://localhost:3000/_next/static/chunks/node_modules_next_dist_1gdrd03._.js:1945
[ 7096857ms] [ERROR] ./src/components/aftermath-result.tsx:431:17
Expected '</', got 'ident'
  429 |
  430 |               <button
> 431 |                 onClick={handleSaferClick}
      |                 ^^^^^^^
  432 |                 className="flex items-center gap-2 rounded-xl bg-[var(--accent-green)] px-6 py-3 font-semibold text-[var(--...
  433 |               >
  434 |                 Find a safer version

Parsing ecmascript source code failed

Import traces:
  Client Component Browser:
    ./src/components/aftermath-result.tsx [Client Component Browser]
    ./src/app/page.tsx [Client Component Browser]
    ./src/app/page.tsx [Server Component]

  Client Component SSR:
    ./src/components/aftermath-result.tsx [Client Component SSR]
    ./src/app/page.tsx [Client Component SSR]
    ./src/app/page.tsx [Server Component] @ http://localhost:3000/_next/static/chunks/node_modules_next_dist_1gdrd03._.js:1945
[ 7096918ms] [ERROR] ./src/components/aftermath-result.tsx:431:17
Expected '</', got 'ident'
  429 |
  430 |               <button
> 431 |                 onClick={handleSaferClick}
      |                 ^^^^^^^
  432 |                 className="flex items-center gap-2 rounded-xl bg-[var(--accent-green)] px-6 py-3 font-semibold text-[var(--...
  433 |               >
  434 |                 Find a safer version

Parsing ecmascript source code failed

Import traces:
  Client Component Browser:
    ./src/components/aftermath-result.tsx [Client Component Browser]
    ./src/app/page.tsx [Client Component Browser]
    ./src/app/page.tsx [Server Component]

  Client Component SSR:
    ./src/components/aftermath-result.tsx [Client Component SSR]
    ./src/app/page.tsx [Client Component SSR]
    ./src/app/page.tsx [Server Component] @ http://localhost:3000/_next/static/chunks/node_modules_next_dist_1gdrd03._.js:1945
[ 7096967ms] [ERROR] ./src/components/aftermath-result.tsx:431:17
Expected '</', got 'ident'
  429 |
  430 |               <button
> 431 |                 onClick={handleSaferClick}
      |                 ^^^^^^^
  432 |                 className="flex items-center gap-2 rounded-xl bg-[var(--accent-green)] px-6 py-3 font-semibold text-[var(--...
  433 |               >
  434 |                 Find a safer version

Parsing ecmascript source code failed

Import traces:
  Client Component Browser:
    ./src/components/aftermath-result.tsx [Client Component Browser]
    ./src/app/page.tsx [Client Component Browser]
    ./src/app/page.tsx [Server Component]

  Client Component SSR:
    ./src/components/aftermath-result.tsx [Client Component SSR]
    ./src/app/page.tsx [Client Component SSR]
    ./src/app/page.tsx [Server Component] @ http://localhost:3000/_next/static/chunks/node_modules_next_dist_1gdrd03._.js:1945
[ 7097035ms] [ERROR] ./src/components/aftermath-result.tsx:431:17
Expected '</', got 'ident'
  429 |
  430 |               <button
> 431 |                 onClick={handleSaferClick}
      |                 ^^^^^^^
  432 |                 className="flex items-center gap-2 rounded-xl bg-[var(--accent-green)] px-6 py-3 font-semibold text-[var(--...
  433 |               >
  434 |                 Find a safer version

Parsing ecmascript source code failed

Import traces:
  Client Component Browser:
    ./src/components/aftermath-result.tsx [Client Component Browser]
    ./src/app/page.tsx [Client Component Browser]
    ./src/app/page.tsx [Server Component]

  Client Component SSR:
    ./src/components/aftermath-result.tsx [Client Component SSR]
    ./src/app/page.tsx [Client Component SSR]
    ./src/app/page.tsx [Server Component] @ http://localhost:3000/_next/static/chunks/node_modules_next_dist_1gdrd03._.js:1945
[ 7097095ms] [ERROR] ./src/components/aftermath-result.tsx:431:17
Expected '</', got 'ident'
  429 |
  430 |               <button
> 431 |                 onClick={handleSaferClick}
      |                 ^^^^^^^
  432 |                 className="flex items-center gap-2 rounded-xl bg-[var(--accent-green)] px-6 py-3 font-semibold text-[var(--...
  433 |               >
  434 |                 Find a safer version

Parsing ecmascript source code failed

Import traces:
  Client Component Browser:
    ./src/components/aftermath-result.tsx [Client Component Browser]
    ./src/app/page.tsx [Client Component Browser]
    ./src/app/page.tsx [Server Component]

  Client Component SSR:
    ./src/components/aftermath-result.tsx [Client Component SSR]
    ./src/app/page.tsx [Client Component SSR]
    ./src/app/page.tsx [Server Component] @ http://localhost:3000/_next/static/chunks/node_modules_next_dist_1gdrd03._.js:1945
[ 7097146ms] [ERROR] ./src/components/aftermath-result.tsx:431:17
Expected '</', got 'ident'
  429 |
  430 |               <button
> 431 |                 onClick={handleSaferClick}
      |                 ^^^^^^^
  432 |                 className="flex items-center gap-2 rounded-xl bg-[var(--accent-green)] px-6 py-3 font-semibold text-[var(--...
  433 |               >
  434 |                 Find a safer version

Parsing ecmascript source code failed

Import traces:
  Client Component Browser:
    ./src/components/aftermath-result.tsx [Client Component Browser]
    ./src/app/page.tsx [Client Component Browser]
    ./src/app/page.tsx [Server Component]

  Client Component SSR:
    ./src/components/aftermath-result.tsx [Client Component SSR]
    ./src/app/page.tsx [Client Component SSR]
    ./src/app/page.tsx [Server Component] @ http://localhost:3000/_next/static/chunks/node_modules_next_dist_1gdrd03._.js:1945
[ 7097200ms] [ERROR] ./src/components/aftermath-result.tsx:431:17
Expected '</', got 'ident'
  429 |
  430 |               <button
> 431 |                 onClick={handleSaferClick}
      |                 ^^^^^^^
  432 |                 className="flex items-center gap-2 rounded-xl bg-[var(--accent-green)] px-6 py-3 font-semibold text-[var(--...
  433 |               >
  434 |                 Find a safer version

Parsing ecmascript source code failed

Import traces:
  Client Component Browser:
    ./src/components/aftermath-result.tsx [Client Component Browser]
    ./src/app/page.tsx [Client Component Browser]
    ./src/app/page.tsx [Server Component]

  Client Component SSR:
    ./src/components/aftermath-result.tsx [Client Component SSR]
    ./src/app/page.tsx [Client Component SSR]
    ./src/app/page.tsx [Server Component] @ http://localhost:3000/_next/static/chunks/node_modules_next_dist_1gdrd03._.js:1945
[ 7097261ms] [ERROR] ./src/components/aftermath-result.tsx:431:17
Expected '</', got 'ident'
  429 |
  430 |               <button
> 431 |                 onClick={handleSaferClick}
      |                 ^^^^^^^
  432 |                 className="flex items-center gap-2 rounded-xl bg-[var(--accent-green)] px-6 py-3 font-semibold text-[var(--...
  433 |               >
  434 |                 Find a safer version

Parsing ecmascript source code failed

Import traces:
  Client Component Browser:
    ./src/components/aftermath-result.tsx [Client Component Browser]
    ./src/app/page.tsx [Client Component Browser]
    ./src/app/page.tsx [Server Component]

  Client Component SSR:
    ./src/components/aftermath-result.tsx [Client Component SSR]
    ./src/app/page.tsx [Client Component SSR]
    ./src/app/page.tsx [Server Component] @ http://localhost:3000/_next/static/chunks/node_modules_next_dist_1gdrd03._.js:1945
[ 7097323ms] [ERROR] ./src/components/aftermath-result.tsx:431:17
Expected '</', got 'ident'
  429 |
  430 |               <button
> 431 |                 onClick={handleSaferClick}
      |                 ^^^^^^^
  432 |                 className="flex items-center gap-2 rounded-xl bg-[var(--accent-green)] px-6 py-3 font-semibold text-[var(--...
  433 |               >
  434 |                 Find a safer version

Parsing ecmascript source code failed

Import traces:
  Client Component Browser:
    ./src/components/aftermath-result.tsx [Client Component Browser]
    ./src/app/page.tsx [Client Component Browser]
    ./src/app/page.tsx [Server Component]

  Client Component SSR:
    ./src/components/aftermath-result.tsx [Client Component SSR]
    ./src/app/page.tsx [Client Component SSR]
    ./src/app/page.tsx [Server Component] @ http://localhost:3000/_next/static/chunks/node_modules_next_dist_1gdrd03._.js:1945
[ 7097379ms] [ERROR] ./src/components/aftermath-result.tsx:431:17
Expected '</', got 'ident'
  429 |
  430 |               <button
> 431 |                 onClick={handleSaferClick}
      |                 ^^^^^^^
  432 |                 className="flex items-center gap-2 rounded-xl bg-[var(--accent-green)] px-6 py-3 font-semibold text-[var(--...
  433 |               >
  434 |                 Find a safer version

Parsing ecmascript source code failed

Import traces:
  Client Component Browser:
    ./src/components/aftermath-result.tsx [Client Component Browser]
    ./src/app/page.tsx [Client Component Browser]
    ./src/app/page.tsx [Server Component]

  Client Component SSR:
    ./src/components/aftermath-result.tsx [Client Component SSR]
    ./src/app/page.tsx [Client Component SSR]
    ./src/app/page.tsx [Server Component] @ http://localhost:3000/_next/static/chunks/node_modules_next_dist_1gdrd03._.js:1945
[ 7097446ms] [ERROR] ./src/components/aftermath-result.tsx:431:17
Expected '</', got 'ident'
  429 |
  430 |               <button
> 431 |                 onClick={handleSaferClick}
      |                 ^^^^^^^
  432 |                 className="flex items-center gap-2 rounded-xl bg-[var(--accent-green)] px-6 py-3 font-semibold text-[var(--...
  433 |               >
  434 |                 Find a safer version

Parsing ecmascript source code failed

Import traces:
  Client Component Browser:
    ./src/components/aftermath-result.tsx [Client Component Browser]
    ./src/app/page.tsx [Client Component Browser]
    ./src/app/page.tsx [Server Component]

  Client Component SSR:
    ./src/components/aftermath-result.tsx [Client Component SSR]
    ./src/app/page.tsx [Client Component SSR]
    ./src/app/page.tsx [Server Component] @ http://localhost:3000/_next/static/chunks/node_modules_next_dist_1gdrd03._.js:1945
[ 7097511ms] [ERROR] ./src/components/aftermath-result.tsx:431:17
Expected '</', got 'ident'
  429 |
  430 |               <button
> 431 |                 onClick={handleSaferClick}
      |                 ^^^^^^^
  432 |                 className="flex items-center gap-2 rounded-xl bg-[var(--accent-green)] px-6 py-3 font-semibold text-[var(--...
  433 |               >
  434 |                 Find a safer version

Parsing ecmascript source code failed

Import traces:
  Client Component Browser:
    ./src/components/aftermath-result.tsx [Client Component Browser]
    ./src/app/page.tsx [Client Component Browser]
    ./src/app/page.tsx [Server Component]

  Client Component SSR:
    ./src/components/aftermath-result.tsx [Client Component SSR]
    ./src/app/page.tsx [Client Component SSR]
    ./src/app/page.tsx [Server Component] @ http://localhost:3000/_next/static/chunks/node_modules_next_dist_1gdrd03._.js:1945
[ 7097562ms] [ERROR] ./src/components/aftermath-result.tsx:431:17
Expected '</', got 'ident'
  429 |
  430 |               <button
> 431 |                 onClick={handleSaferClick}
      |                 ^^^^^^^
  432 |                 className="flex items-center gap-2 rounded-xl bg-[var(--accent-green)] px-6 py-3 font-semibold text-[var(--...
  433 |               >
  434 |                 Find a safer version

Parsing ecmascript source code failed

Import traces:
  Client Component Browser:
    ./src/components/aftermath-result.tsx [Client Component Browser]
    ./src/app/page.tsx [Client Component Browser]
    ./src/app/page.tsx [Server Component]

  Client Component SSR:
    ./src/components/aftermath-result.tsx [Client Component SSR]
    ./src/app/page.tsx [Client Component SSR]
    ./src/app/page.tsx [Server Component] @ http://localhost:3000/_next/static/chunks/node_modules_next_dist_1gdrd03._.js:1945
[ 7097627ms] [ERROR] ./src/components/aftermath-result.tsx:431:17
Expected '</', got 'ident'
  429 |
  430 |               <button
> 431 |                 onClick={handleSaferClick}
      |                 ^^^^^^^
  432 |                 className="flex items-center gap-2 rounded-xl bg-[var(--accent-green)] px-6 py-3 font-semibold text-[var(--...
  433 |               >
  434 |                 Find a safer version

Parsing ecmascript source code failed

Import traces:
  Client Component Browser:
    ./src/components/aftermath-result.tsx [Client Component Browser]
    ./src/app/page.tsx [Client Component Browser]
    ./src/app/page.tsx [Server Component]

  Client Component SSR:
    ./src/components/aftermath-result.tsx [Client Component SSR]
    ./src/app/page.tsx [Client Component SSR]
    ./src/app/page.tsx [Server Component] @ http://localhost:3000/_next/static/chunks/node_modules_next_dist_1gdrd03._.js:1945
[ 7097679ms] [ERROR] ./src/components/aftermath-result.tsx:431:17
Expected '</', got 'ident'
  429 |
  430 |               <button
> 431 |                 onClick={handleSaferClick}
      |                 ^^^^^^^
  432 |                 className="flex items-center gap-2 rounded-xl bg-[var(--accent-green)] px-6 py-3 font-semibold text-[var(--...
  433 |               >
  434 |                 Find a safer version

Parsing ecmascript source code failed

Import traces:
  Client Component Browser:
    ./src/components/aftermath-result.tsx [Client Component Browser]
    ./src/app/page.tsx [Client Component Browser]
    ./src/app/page.tsx [Server Component]

  Client Component SSR:
    ./src/components/aftermath-result.tsx [Client Component SSR]
    ./src/app/page.tsx [Client Component SSR]
    ./src/app/page.tsx [Server Component] @ http://localhost:3000/_next/static/chunks/node_modules_next_dist_1gdrd03._.js:1945
[ 7097729ms] [ERROR] ./src/components/aftermath-result.tsx:431:17
Expected '</', got 'ident'
  429 |
  430 |               <button
> 431 |                 onClick={handleSaferClick}
      |                 ^^^^^^^
  432 |                 className="flex items-center gap-2 rounded-xl bg-[var(--accent-green)] px-6 py-3 font-semibold text-[var(--...
  433 |               >
  434 |                 Find a safer version

Parsing ecmascript source code failed

Import traces:
  Client Component Browser:
    ./src/components/aftermath-result.tsx [Client Component Browser]
    ./src/app/page.tsx [Client Component Browser]
    ./src/app/page.tsx [Server Component]

  Client Component SSR:
    ./src/components/aftermath-result.tsx [Client Component SSR]
    ./src/app/page.tsx [Client Component SSR]
    ./src/app/page.tsx [Server Component] @ http://localhost:3000/_next/static/chunks/node_modules_next_dist_1gdrd03._.js:1945
[ 7097798ms] [ERROR] ./src/components/aftermath-result.tsx:431:17
Expected '</', got 'ident'
  429 |
  430 |               <button
> 431 |                 onClick={handleSaferClick}
      |                 ^^^^^^^
  432 |                 className="flex items-center gap-2 rounded-xl bg-[var(--accent-green)] px-6 py-3 font-semibold text-[var(--...
  433 |               >
  434 |                 Find a safer version

Parsing ecmascript source code failed

Import traces:
  Client Component Browser:
    ./src/components/aftermath-result.tsx [Client Component Browser]
    ./src/app/page.tsx [Client Component Browser]
    ./src/app/page.tsx [Server Component]

  Client Component SSR:
    ./src/components/aftermath-result.tsx [Client Component SSR]
    ./src/app/page.tsx [Client Component SSR]
    ./src/app/page.tsx [Server Component] @ http://localhost:3000/_next/static/chunks/node_modules_next_dist_1gdrd03._.js:1945
[ 7097858ms] [ERROR] ./src/components/aftermath-result.tsx:431:17
Expected '</', got 'ident'
  429 |
  430 |               <button
> 431 |                 onClick={handleSaferClick}
      |                 ^^^^^^^
  432 |                 className="flex items-center gap-2 rounded-xl bg-[var(--accent-green)] px-6 py-3 font-semibold text-[var(--...
  433 |               >
  434 |                 Find a safer version

Parsing ecmascript source code failed

Import traces:
  Client Component Browser:
    ./src/components/aftermath-result.tsx [Client Component Browser]
    ./src/app/page.tsx [Client Component Browser]
    ./src/app/page.tsx [Server Component]

  Client Component SSR:
    ./src/components/aftermath-result.tsx [Client Component SSR]
    ./src/app/page.tsx [Client Component SSR]
    ./src/app/page.tsx [Server Component] @ http://localhost:3000/_next/static/chunks/node_modules_next_dist_1gdrd03._.js:1945
[ 7097911ms] [ERROR] ./src/components/aftermath-result.tsx:431:17
Expected '</', got 'ident'
  429 |
  430 |               <button
> 431 |                 onClick={handleSaferClick}
      |                 ^^^^^^^
  432 |                 className="flex items-center gap-2 rounded-xl bg-[var(--accent-green)] px-6 py-3 font-semibold text-[var(--...
  433 |               >
  434 |                 Find a safer version

Parsing ecmascript source code failed

Import traces:
  Client Component Browser:
    ./src/components/aftermath-result.tsx [Client Component Browser]
    ./src/app/page.tsx [Client Component Browser]
    ./src/app/page.tsx [Server Component]

  Client Component SSR:
    ./src/components/aftermath-result.tsx [Client Component SSR]
    ./src/app/page.tsx [Client Component SSR]
    ./src/app/page.tsx [Server Component] @ http://localhost:3000/_next/static/chunks/node_modules_next_dist_1gdrd03._.js:1945
[ 7097976ms] [ERROR] ./src/components/aftermath-result.tsx:431:17
Expected '</', got 'ident'
  429 |
  430 |               <button
> 431 |                 onClick={handleSaferClick}
      |                 ^^^^^^^
  432 |                 className="flex items-center gap-2 rounded-xl bg-[var(--accent-green)] px-6 py-3 font-semibold text-[var(--...
  433 |               >
  434 |                 Find a safer version

Parsing ecmascript source code failed

Import traces:
  Client Component Browser:
    ./src/components/aftermath-result.tsx [Client Component Browser]
    ./src/app/page.tsx [Client Component Browser]
    ./src/app/page.tsx [Server Component]

  Client Component SSR:
    ./src/components/aftermath-result.tsx [Client Component SSR]
    ./src/app/page.tsx [Client Component SSR]
    ./src/app/page.tsx [Server Component] @ http://localhost:3000/_next/static/chunks/node_modules_next_dist_1gdrd03._.js:1945
[ 7098028ms] [ERROR] ./src/components/aftermath-result.tsx:431:17
Expected '</', got 'ident'
  429 |
  430 |               <button
> 431 |                 onClick={handleSaferClick}
      |                 ^^^^^^^
  432 |                 className="flex items-center gap-2 rounded-xl bg-[var(--accent-green)] px-6 py-3 font-semibold text-[var(--...
  433 |               >
  434 |                 Find a safer version

Parsing ecmascript source code failed

Import traces:
  Client Component Browser:
    ./src/components/aftermath-result.tsx [Client Component Browser]
    ./src/app/page.tsx [Client Component Browser]
    ./src/app/page.tsx [Server Component]

  Client Component SSR:
    ./src/components/aftermath-result.tsx [Client Component SSR]
    ./src/app/page.tsx [Client Component SSR]
    ./src/app/page.tsx [Server Component] @ http://localhost:3000/_next/static/chunks/node_modules_next_dist_1gdrd03._.js:1945
[ 7098091ms] [ERROR] ./src/components/aftermath-result.tsx:431:17
Expected '</', got 'ident'
  429 |
  430 |               <button
> 431 |                 onClick={handleSaferClick}
      |                 ^^^^^^^
  432 |                 className="flex items-center gap-2 rounded-xl bg-[var(--accent-green)] px-6 py-3 font-semibold text-[var(--...
  433 |               >
  434 |                 Find a safer version

Parsing ecmascript source code failed

Import traces:
  Client Component Browser:
    ./src/components/aftermath-result.tsx [Client Component Browser]
    ./src/app/page.tsx [Client Component Browser]
    ./src/app/page.tsx [Server Component]

  Client Component SSR:
    ./src/components/aftermath-result.tsx [Client Component SSR]
    ./src/app/page.tsx [Client Component SSR]
    ./src/app/page.tsx [Server Component] @ http://localhost:3000/_next/static/chunks/node_modules_next_dist_1gdrd03._.js:1945
[ 7098152ms] [ERROR] ./src/components/aftermath-result.tsx:431:17
Expected '</', got 'ident'
  429 |
  430 |               <button
> 431 |                 onClick={handleSaferClick}
      |                 ^^^^^^^
  432 |                 className="flex items-center gap-2 rounded-xl bg-[var(--accent-green)] px-6 py-3 font-semibold text-[var(--...
  433 |               >
  434 |                 Find a safer version

Parsing ecmascript source code failed

Import traces:
  Client Component Browser:
    ./src/components/aftermath-result.tsx [Client Component Browser]
    ./src/app/page.tsx [Client Component Browser]
    ./src/app/page.tsx [Server Component]

  Client Component SSR:
    ./src/components/aftermath-result.tsx [Client Component SSR]
    ./src/app/page.tsx [Client Component SSR]
    ./src/app/page.tsx [Server Component] @ http://localhost:3000/_next/static/chunks/node_modules_next_dist_1gdrd03._.js:1945
[ 7098211ms] [ERROR] ./src/components/aftermath-result.tsx:431:17
Expected '</', got 'ident'
  429 |
  430 |               <button
> 431 |                 onClick={handleSaferClick}
      |                 ^^^^^^^
  432 |                 className="flex items-center gap-2 rounded-xl bg-[var(--accent-green)] px-6 py-3 font-semibold text-[var(--...
  433 |               >
  434 |                 Find a safer version

Parsing ecmascript source code failed

Import traces:
  Client Component Browser:
    ./src/components/aftermath-result.tsx [Client Component Browser]
    ./src/app/page.tsx [Client Component Browser]
    ./src/app/page.tsx [Server Component]

  Client Component SSR:
    ./src/components/aftermath-result.tsx [Client Component SSR]
    ./src/app/page.tsx [Client Component SSR]
    ./src/app/page.tsx [Server Component] @ http://localhost:3000/_next/static/chunks/node_modules_next_dist_1gdrd03._.js:1945
[ 7098265ms] [ERROR] ./src/components/aftermath-result.tsx:431:17
Expected '</', got 'ident'
  429 |
  430 |               <button
> 431 |                 onClick={handleSaferClick}
      |                 ^^^^^^^
  432 |                 className="flex items-center gap-2 rounded-xl bg-[var(--accent-green)] px-6 py-3 font-semibold text-[var(--...
  433 |               >
  434 |                 Find a safer version

Parsing ecmascript source code failed

Import traces:
  Client Component Browser:
    ./src/components/aftermath-result.tsx [Client Component Browser]
    ./src/app/page.tsx [Client Component Browser]
    ./src/app/page.tsx [Server Component]

  Client Component SSR:
    ./src/components/aftermath-result.tsx [Client Component SSR]
    ./src/app/page.tsx [Client Component SSR]
    ./src/app/page.tsx [Server Component] @ http://localhost:3000/_next/static/chunks/node_modules_next_dist_1gdrd03._.js:1945
[ 7098319ms] [ERROR] ./src/components/aftermath-result.tsx:431:17
Expected '</', got 'ident'
  429 |
  430 |               <button
> 431 |                 onClick={handleSaferClick}
      |                 ^^^^^^^
  432 |                 className="flex items-center gap-2 rounded-xl bg-[var(--accent-green)] px-6 py-3 font-semibold text-[var(--...
  433 |               >
  434 |                 Find a safer version

Parsing ecmascript source code failed

Import traces:
  Client Component Browser:
    ./src/components/aftermath-result.tsx [Client Component Browser]
    ./src/app/page.tsx [Client Component Browser]
    ./src/app/page.tsx [Server Component]

  Client Component SSR:
    ./src/components/aftermath-result.tsx [Client Component SSR]
    ./src/app/page.tsx [Client Component SSR]
    ./src/app/page.tsx [Server Component] @ http://localhost:3000/_next/static/chunks/node_modules_next_dist_1gdrd03._.js:1945
[ 7098380ms] [ERROR] ./src/components/aftermath-result.tsx:431:17
Expected '</', got 'ident'
  429 |
  430 |               <button
> 431 |                 onClick={handleSaferClick}
      |                 ^^^^^^^
  432 |                 className="flex items-center gap-2 rounded-xl bg-[var(--accent-green)] px-6 py-3 font-semibold text-[var(--...
  433 |               >
  434 |                 Find a safer version

Parsing ecmascript source code failed

Import traces:
  Client Component Browser:
    ./src/components/aftermath-result.tsx [Client Component Browser]
    ./src/app/page.tsx [Client Component Browser]
    ./src/app/page.tsx [Server Component]

  Client Component SSR:
    ./src/components/aftermath-result.tsx [Client Component SSR]
    ./src/app/page.tsx [Client Component SSR]
    ./src/app/page.tsx [Server Component] @ http://localhost:3000/_next/static/chunks/node_modules_next_dist_1gdrd03._.js:1945
[ 7098447ms] [ERROR] ./src/components/aftermath-result.tsx:431:17
Expected '</', got 'ident'
  429 |
  430 |               <button
> 431 |                 onClick={handleSaferClick}
      |                 ^^^^^^^
  432 |                 className="flex items-center gap-2 rounded-xl bg-[var(--accent-green)] px-6 py-3 font-semibold text-[var(--...
  433 |               >
  434 |                 Find a safer version

Parsing ecmascript source code failed

Import traces:
  Client Component Browser:
    ./src/components/aftermath-result.tsx [Client Component Browser]
    ./src/app/page.tsx [Client Component Browser]
    ./src/app/page.tsx [Server Component]

  Client Component SSR:
    ./src/components/aftermath-result.tsx [Client Component SSR]
    ./src/app/page.tsx [Client Component SSR]
    ./src/app/page.tsx [Server Component] @ http://localhost:3000/_next/static/chunks/node_modules_next_dist_1gdrd03._.js:1945
[ 7098518ms] [ERROR] ./src/components/aftermath-result.tsx:431:17
Expected '</', got 'ident'
  429 |
  430 |               <button
> 431 |                 onClick={handleSaferClick}
      |                 ^^^^^^^
  432 |                 className="flex items-center gap-2 rounded-xl bg-[var(--accent-green)] px-6 py-3 font-semibold text-[var(--...
  433 |               >
  434 |                 Find a safer version

Parsing ecmascript source code failed

Import traces:
  Client Component Browser:
    ./src/components/aftermath-result.tsx [Client Component Browser]
    ./src/app/page.tsx [Client Component Browser]
    ./src/app/page.tsx [Server Component]

  Client Component SSR:
    ./src/components/aftermath-result.tsx [Client Component SSR]
    ./src/app/page.tsx [Client Component SSR]
    ./src/app/page.tsx [Server Component] @ http://localhost:3000/_next/static/chunks/node_modules_next_dist_1gdrd03._.js:1945
[ 7098578ms] [ERROR] ./src/components/aftermath-result.tsx:431:17
Expected '</', got 'ident'
  429 |
  430 |               <button
> 431 |                 onClick={handleSaferClick}
      |                 ^^^^^^^
  432 |                 className="flex items-center gap-2 rounded-xl bg-[var(--accent-green)] px-6 py-3 font-semibold text-[var(--...
  433 |               >
  434 |                 Find a safer version

Parsing ecmascript source code failed

Import traces:
  Client Component Browser:
    ./src/components/aftermath-result.tsx [Client Component Browser]
    ./src/app/page.tsx [Client Component Browser]
    ./src/app/page.tsx [Server Component]

  Client Component SSR:
    ./src/components/aftermath-result.tsx [Client Component SSR]
    ./src/app/page.tsx [Client Component SSR]
    ./src/app/page.tsx [Server Component] @ http://localhost:3000/_next/static/chunks/node_modules_next_dist_1gdrd03._.js:1945
[ 7098632ms] [ERROR] ./src/components/aftermath-result.tsx:431:17
Expected '</', got 'ident'
  429 |
  430 |               <button
> 431 |                 onClick={handleSaferClick}
      |                 ^^^^^^^
  432 |                 className="flex items-center gap-2 rounded-xl bg-[var(--accent-green)] px-6 py-3 font-semibold text-[var(--...
  433 |               >
  434 |                 Find a safer version

Parsing ecmascript source code failed

Import traces:
  Client Component Browser:
    ./src/components/aftermath-result.tsx [Client Component Browser]
    ./src/app/page.tsx [Client Component Browser]
    ./src/app/page.tsx [Server Component]

  Client Component SSR:
    ./src/components/aftermath-result.tsx [Client Component SSR]
    ./src/app/page.tsx [Client Component SSR]
    ./src/app/page.tsx [Server Component] @ http://localhost:3000/_next/static/chunks/node_modules_next_dist_1gdrd03._.js:1945
[ 7098696ms] [ERROR] ./src/components/aftermath-result.tsx:431:17
Expected '</', got 'ident'
  429 |
  430 |               <button
> 431 |                 onClick={handleSaferClick}
      |                 ^^^^^^^
  432 |                 className="flex items-center gap-2 rounded-xl bg-[var(--accent-green)] px-6 py-3 font-semibold text-[var(--...
  433 |               >
  434 |                 Find a safer version

Parsing ecmascript source code failed

Import traces:
  Client Component Browser:
    ./src/components/aftermath-result.tsx [Client Component Browser]
    ./src/app/page.tsx [Client Component Browser]
    ./src/app/page.tsx [Server Component]

  Client Component SSR:
    ./src/components/aftermath-result.tsx [Client Component SSR]
    ./src/app/page.tsx [Client Component SSR]
    ./src/app/page.tsx [Server Component] @ http://localhost:3000/_next/static/chunks/node_modules_next_dist_1gdrd03._.js:1945
[ 7098763ms] [ERROR] ./src/components/aftermath-result.tsx:431:17
Expected '</', got 'ident'
  429 |
  430 |               <button
> 431 |                 onClick={handleSaferClick}
      |                 ^^^^^^^
  432 |                 className="flex items-center gap-2 rounded-xl bg-[var(--accent-green)] px-6 py-3 font-semibold text-[var(--...
  433 |               >
  434 |                 Find a safer version

Parsing ecmascript source code failed

Import traces:
  Client Component Browser:
    ./src/components/aftermath-result.tsx [Client Component Browser]
    ./src/app/page.tsx [Client Component Browser]
    ./src/app/page.tsx [Server Component]

  Client Component SSR:
    ./src/components/aftermath-result.tsx [Client Component SSR]
    ./src/app/page.tsx [Client Component SSR]
    ./src/app/page.tsx [Server Component] @ http://localhost:3000/_next/static/chunks/node_modules_next_dist_1gdrd03._.js:1945
[ 7098818ms] [ERROR] ./src/components/aftermath-result.tsx:431:17
Expected '</', got 'ident'
  429 |
  430 |               <button
> 431 |                 onClick={handleSaferClick}
      |                 ^^^^^^^
  432 |                 className="flex items-center gap-2 rounded-xl bg-[var(--accent-green)] px-6 py-3 font-semibold text-[var(--...
  433 |               >
  434 |                 Find a safer version

Parsing ecmascript source code failed

Import traces:
  Client Component Browser:
    ./src/components/aftermath-result.tsx [Client Component Browser]
    ./src/app/page.tsx [Client Component Browser]
    ./src/app/page.tsx [Server Component]

  Client Component SSR:
    ./src/components/aftermath-result.tsx [Client Component SSR]
    ./src/app/page.tsx [Client Component SSR]
    ./src/app/page.tsx [Server Component] @ http://localhost:3000/_next/static/chunks/node_modules_next_dist_1gdrd03._.js:1945
[ 7098897ms] [ERROR] ./src/components/aftermath-result.tsx:431:17
Expected '</', got 'ident'
  429 |
  430 |               <button
> 431 |                 onClick={handleSaferClick}
      |                 ^^^^^^^
  432 |                 className="flex items-center gap-2 rounded-xl bg-[var(--accent-green)] px-6 py-3 font-semibold text-[var(--...
  433 |               >
  434 |                 Find a safer version

Parsing ecmascript source code failed

Import traces:
  Client Component Browser:
    ./src/components/aftermath-result.tsx [Client Component Browser]
    ./src/app/page.tsx [Client Component Browser]
    ./src/app/page.tsx [Server Component]

  Client Component SSR:
    ./src/components/aftermath-result.tsx [Client Component SSR]
    ./src/app/page.tsx [Client Component SSR]
    ./src/app/page.tsx [Server Component] @ http://localhost:3000/_next/static/chunks/node_modules_next_dist_1gdrd03._.js:1945
[ 7098958ms] [ERROR] ./src/components/aftermath-result.tsx:431:17
Expected '</', got 'ident'
  429 |
  430 |               <button
> 431 |                 onClick={handleSaferClick}
      |                 ^^^^^^^
  432 |                 className="flex items-center gap-2 rounded-xl bg-[var(--accent-green)] px-6 py-3 font-semibold text-[var(--...
  433 |               >
  434 |                 Find a safer version

Parsing ecmascript source code failed

Import traces:
  Client Component Browser:
    ./src/components/aftermath-result.tsx [Client Component Browser]
    ./src/app/page.tsx [Client Component Browser]
    ./src/app/page.tsx [Server Component]

  Client Component SSR:
    ./src/components/aftermath-result.tsx [Client Component SSR]
    ./src/app/page.tsx [Client Component SSR]
    ./src/app/page.tsx [Server Component] @ http://localhost:3000/_next/static/chunks/node_modules_next_dist_1gdrd03._.js:1945
[ 7099012ms] [ERROR] ./src/components/aftermath-result.tsx:431:17
Expected '</', got 'ident'
  429 |
  430 |               <button
> 431 |                 onClick={handleSaferClick}
      |                 ^^^^^^^
  432 |                 className="flex items-center gap-2 rounded-xl bg-[var(--accent-green)] px-6 py-3 font-semibold text-[var(--...
  433 |               >
  434 |                 Find a safer version

Parsing ecmascript source code failed

Import traces:
  Client Component Browser:
    ./src/components/aftermath-result.tsx [Client Component Browser]
    ./src/app/page.tsx [Client Component Browser]
    ./src/app/page.tsx [Server Component]

  Client Component SSR:
    ./src/components/aftermath-result.tsx [Client Component SSR]
    ./src/app/page.tsx [Client Component SSR]
    ./src/app/page.tsx [Server Component] @ http://localhost:3000/_next/static/chunks/node_modules_next_dist_1gdrd03._.js:1945
[ 7099063ms] [ERROR] ./src/components/aftermath-result.tsx:431:17
Expected '</', got 'ident'
  429 |
  430 |               <button
> 431 |                 onClick={handleSaferClick}
      |                 ^^^^^^^
  432 |                 className="flex items-center gap-2 rounded-xl bg-[var(--accent-green)] px-6 py-3 font-semibold text-[var(--...
  433 |               >
  434 |                 Find a safer version

Parsing ecmascript source code failed

Import traces:
  Client Component Browser:
    ./src/components/aftermath-result.tsx [Client Component Browser]
    ./src/app/page.tsx [Client Component Browser]
    ./src/app/page.tsx [Server Component]

  Client Component SSR:
    ./src/components/aftermath-result.tsx [Client Component SSR]
    ./src/app/page.tsx [Client Component SSR]
    ./src/app/page.tsx [Server Component] @ http://localhost:3000/_next/static/chunks/node_modules_next_dist_1gdrd03._.js:1945
[ 7099125ms] [ERROR] ./src/components/aftermath-result.tsx:431:17
Expected '</', got 'ident'
  429 |
  430 |               <button
> 431 |                 onClick={handleSaferClick}
      |                 ^^^^^^^
  432 |                 className="flex items-center gap-2 rounded-xl bg-[var(--accent-green)] px-6 py-3 font-semibold text-[var(--...
  433 |               >
  434 |                 Find a safer version

Parsing ecmascript source code failed

Import traces:
  Client Component Browser:
    ./src/components/aftermath-result.tsx [Client Component Browser]
    ./src/app/page.tsx [Client Component Browser]
    ./src/app/page.tsx [Server Component]

  Client Component SSR:
    ./src/components/aftermath-result.tsx [Client Component SSR]
    ./src/app/page.tsx [Client Component SSR]
    ./src/app/page.tsx [Server Component] @ http://localhost:3000/_next/static/chunks/node_modules_next_dist_1gdrd03._.js:1945
[ 7099180ms] [ERROR] ./src/components/aftermath-result.tsx:431:17
Expected '</', got 'ident'
  429 |
  430 |               <button
> 431 |                 onClick={handleSaferClick}
      |                 ^^^^^^^
  432 |                 className="flex items-center gap-2 rounded-xl bg-[var(--accent-green)] px-6 py-3 font-semibold text-[var(--...
  433 |               >
  434 |                 Find a safer version

Parsing ecmascript source code failed

Import traces:
  Client Component Browser:
    ./src/components/aftermath-result.tsx [Client Component Browser]
    ./src/app/page.tsx [Client Component Browser]
    ./src/app/page.tsx [Server Component]

  Client Component SSR:
    ./src/components/aftermath-result.tsx [Client Component SSR]
    ./src/app/page.tsx [Client Component SSR]
    ./src/app/page.tsx [Server Component] @ http://localhost:3000/_next/static/chunks/node_modules_next_dist_1gdrd03._.js:1945
[ 7099230ms] [ERROR] ./src/components/aftermath-result.tsx:431:17
Expected '</', got 'ident'
  429 |
  430 |               <button
> 431 |                 onClick={handleSaferClick}
      |                 ^^^^^^^
  432 |                 className="flex items-center gap-2 rounded-xl bg-[var(--accent-green)] px-6 py-3 font-semibold text-[var(--...
  433 |               >
  434 |                 Find a safer version

Parsing ecmascript source code failed

Import traces:
  Client Component Browser:
    ./src/components/aftermath-result.tsx [Client Component Browser]
    ./src/app/page.tsx [Client Component Browser]
    ./src/app/page.tsx [Server Component]

  Client Component SSR:
    ./src/components/aftermath-result.tsx [Client Component SSR]
    ./src/app/page.tsx [Client Component SSR]
    ./src/app/page.tsx [Server Component] @ http://localhost:3000/_next/static/chunks/node_modules_next_dist_1gdrd03._.js:1945
[ 7099295ms] [ERROR] ./src/components/aftermath-result.tsx:431:17
Expected '</', got 'ident'
  429 |
  430 |               <button
> 431 |                 onClick={handleSaferClick}
      |                 ^^^^^^^
  432 |                 className="flex items-center gap-2 rounded-xl bg-[var(--accent-green)] px-6 py-3 font-semibold text-[var(--...
  433 |               >
  434 |                 Find a safer version

Parsing ecmascript source code failed

Import traces:
  Client Component Browser:
    ./src/components/aftermath-result.tsx [Client Component Browser]
    ./src/app/page.tsx [Client Component Browser]
    ./src/app/page.tsx [Server Component]

  Client Component SSR:
    ./src/components/aftermath-result.tsx [Client Component SSR]
    ./src/app/page.tsx [Client Component SSR]
    ./src/app/page.tsx [Server Component] @ http://localhost:3000/_next/static/chunks/node_modules_next_dist_1gdrd03._.js:1945
[ 7099379ms] [ERROR] ./src/components/aftermath-result.tsx:431:17
Expected '</', got 'ident'
  429 |
  430 |               <button
> 431 |                 onClick={handleSaferClick}
      |                 ^^^^^^^
  432 |                 className="flex items-center gap-2 rounded-xl bg-[var(--accent-green)] px-6 py-3 font-semibold text-[var(--...
  433 |               >
  434 |                 Find a safer version

Parsing ecmascript source code failed

Import traces:
  Client Component Browser:
    ./src/components/aftermath-result.tsx [Client Component Browser]
    ./src/app/page.tsx [Client Component Browser]
    ./src/app/page.tsx [Server Component]

  Client Component SSR:
    ./src/components/aftermath-result.tsx [Client Component SSR]
    ./src/app/page.tsx [Client Component SSR]
    ./src/app/page.tsx [Server Component] @ http://localhost:3000/_next/static/chunks/node_modules_next_dist_1gdrd03._.js:1945
[ 7099446ms] [ERROR] ./src/components/aftermath-result.tsx:431:17
Expected '</', got 'ident'
  429 |
  430 |               <button
> 431 |                 onClick={handleSaferClick}
      |                 ^^^^^^^
  432 |                 className="flex items-center gap-2 rounded-xl bg-[var(--accent-green)] px-6 py-3 font-semibold text-[var(--...
  433 |               >
  434 |                 Find a safer version

Parsing ecmascript source code failed

Import traces:
  Client Component Browser:
    ./src/components/aftermath-result.tsx [Client Component Browser]
    ./src/app/page.tsx [Client Component Browser]
    ./src/app/page.tsx [Server Component]

  Client Component SSR:
    ./src/components/aftermath-result.tsx [Client Component SSR]
    ./src/app/page.tsx [Client Component SSR]
    ./src/app/page.tsx [Server Component] @ http://localhost:3000/_next/static/chunks/node_modules_next_dist_1gdrd03._.js:1945
[ 7099511ms] [ERROR] ./src/components/aftermath-result.tsx:431:17
Expected '</', got 'ident'
  429 |
  430 |               <button
> 431 |                 onClick={handleSaferClick}
      |                 ^^^^^^^
  432 |                 className="flex items-center gap-2 rounded-xl bg-[var(--accent-green)] px-6 py-3 font-semibold text-[var(--...
  433 |               >
  434 |                 Find a safer version

Parsing ecmascript source code failed

Import traces:
  Client Component Browser:
    ./src/components/aftermath-result.tsx [Client Component Browser]
    ./src/app/page.tsx [Client Component Browser]
    ./src/app/page.tsx [Server Component]

  Client Component SSR:
    ./src/components/aftermath-result.tsx [Client Component SSR]
    ./src/app/page.tsx [Client Component SSR]
    ./src/app/page.tsx [Server Component] @ http://localhost:3000/_next/static/chunks/node_modules_next_dist_1gdrd03._.js:1945
[ 7099564ms] [ERROR] ./src/components/aftermath-result.tsx:431:17
Expected '</', got 'ident'
  429 |
  430 |               <button
> 431 |                 onClick={handleSaferClick}
      |                 ^^^^^^^
  432 |                 className="flex items-center gap-2 rounded-xl bg-[var(--accent-green)] px-6 py-3 font-semibold text-[var(--...
  433 |               >
  434 |                 Find a safer version

Parsing ecmascript source code failed

Import traces:
  Client Component Browser:
    ./src/components/aftermath-result.tsx [Client Component Browser]
    ./src/app/page.tsx [Client Component Browser]
    ./src/app/page.tsx [Server Component]

  Client Component SSR:
    ./src/components/aftermath-result.tsx [Client Component SSR]
    ./src/app/page.tsx [Client Component SSR]
    ./src/app/page.tsx [Server Component] @ http://localhost:3000/_next/static/chunks/node_modules_next_dist_1gdrd03._.js:1945
[ 7099627ms] [ERROR] ./src/components/aftermath-result.tsx:431:17
Expected '</', got 'ident'
  429 |
  430 |               <button
> 431 |                 onClick={handleSaferClick}
      |                 ^^^^^^^
  432 |                 className="flex items-center gap-2 rounded-xl bg-[var(--accent-green)] px-6 py-3 font-semibold text-[var(--...
  433 |               >
  434 |                 Find a safer version

Parsing ecmascript source code failed

Import traces:
  Client Component Browser:
    ./src/components/aftermath-result.tsx [Client Component Browser]
    ./src/app/page.tsx [Client Component Browser]
    ./src/app/page.tsx [Server Component]

  Client Component SSR:
    ./src/components/aftermath-result.tsx [Client Component SSR]
    ./src/app/page.tsx [Client Component SSR]
    ./src/app/page.tsx [Server Component] @ http://localhost:3000/_next/static/chunks/node_modules_next_dist_1gdrd03._.js:1945
[ 7099681ms] [ERROR] ./src/components/aftermath-result.tsx:431:17
Expected '</', got 'ident'
  429 |
  430 |               <button
> 431 |                 onClick={handleSaferClick}
      |                 ^^^^^^^
  432 |                 className="flex items-center gap-2 rounded-xl bg-[var(--accent-green)] px-6 py-3 font-semibold text-[var(--...
  433 |               >
  434 |                 Find a safer version

Parsing ecmascript source code failed

Import traces:
  Client Component Browser:
    ./src/components/aftermath-result.tsx [Client Component Browser]
    ./src/app/page.tsx [Client Component Browser]
    ./src/app/page.tsx [Server Component]

  Client Component SSR:
    ./src/components/aftermath-result.tsx [Client Component SSR]
    ./src/app/page.tsx [Client Component SSR]
    ./src/app/page.tsx [Server Component] @ http://localhost:3000/_next/static/chunks/node_modules_next_dist_1gdrd03._.js:1945
[ 7099744ms] [ERROR] ./src/components/aftermath-result.tsx:431:17
Expected '</', got 'ident'
  429 |
  430 |               <button
> 431 |                 onClick={handleSaferClick}
      |                 ^^^^^^^
  432 |                 className="flex items-center gap-2 rounded-xl bg-[var(--accent-green)] px-6 py-3 font-semibold text-[var(--...
  433 |               >
  434 |                 Find a safer version

Parsing ecmascript source code failed

Import traces:
  Client Component Browser:
    ./src/components/aftermath-result.tsx [Client Component Browser]
    ./src/app/page.tsx [Client Component Browser]
    ./src/app/page.tsx [Server Component]

  Client Component SSR:
    ./src/components/aftermath-result.tsx [Client Component SSR]
    ./src/app/page.tsx [Client Component SSR]
    ./src/app/page.tsx [Server Component] @ http://localhost:3000/_next/static/chunks/node_modules_next_dist_1gdrd03._.js:1945
[ 7099807ms] [ERROR] ./src/components/aftermath-result.tsx:431:17
Expected '</', got 'ident'
  429 |
  430 |               <button
> 431 |                 onClick={handleSaferClick}
      |                 ^^^^^^^
  432 |                 className="flex items-center gap-2 rounded-xl bg-[var(--accent-green)] px-6 py-3 font-semibold text-[var(--...
  433 |               >
  434 |                 Find a safer version

Parsing ecmascript source code failed

Import traces:
  Client Component Browser:
    ./src/components/aftermath-result.tsx [Client Component Browser]
    ./src/app/page.tsx [Client Component Browser]
    ./src/app/page.tsx [Server Component]

  Client Component SSR:
    ./src/components/aftermath-result.tsx [Client Component SSR]
    ./src/app/page.tsx [Client Component SSR]
    ./src/app/page.tsx [Server Component] @ http://localhost:3000/_next/static/chunks/node_modules_next_dist_1gdrd03._.js:1945
[ 7099861ms] [ERROR] ./src/components/aftermath-result.tsx:431:17
Expected '</', got 'ident'
  429 |
  430 |               <button
> 431 |                 onClick={handleSaferClick}
      |                 ^^^^^^^
  432 |                 className="flex items-center gap-2 rounded-xl bg-[var(--accent-green)] px-6 py-3 font-semibold text-[var(--...
  433 |               >
  434 |                 Find a safer version

Parsing ecmascript source code failed

Import traces:
  Client Component Browser:
    ./src/components/aftermath-result.tsx [Client Component Browser]
    ./src/app/page.tsx [Client Component Browser]
    ./src/app/page.tsx [Server Component]

  Client Component SSR:
    ./src/components/aftermath-result.tsx [Client Component SSR]
    ./src/app/page.tsx [Client Component SSR]
    ./src/app/page.tsx [Server Component] @ http://localhost:3000/_next/static/chunks/node_modules_next_dist_1gdrd03._.js:1945
[ 7099914ms] [ERROR] ./src/components/aftermath-result.tsx:431:17
Expected '</', got 'ident'
  429 |
  430 |               <button
> 431 |                 onClick={handleSaferClick}
      |                 ^^^^^^^
  432 |                 className="flex items-center gap-2 rounded-xl bg-[var(--accent-green)] px-6 py-3 font-semibold text-[var(--...
  433 |               >
  434 |                 Find a safer version

Parsing ecmascript source code failed

Import traces:
  Client Component Browser:
    ./src/components/aftermath-result.tsx [Client Component Browser]
    ./src/app/page.tsx [Client Component Browser]
    ./src/app/page.tsx [Server Component]

  Client Component SSR:
    ./src/components/aftermath-result.tsx [Client Component SSR]
    ./src/app/page.tsx [Client Component SSR]
    ./src/app/page.tsx [Server Component] @ http://localhost:3000/_next/static/chunks/node_modules_next_dist_1gdrd03._.js:1945
[ 7099975ms] [ERROR] ./src/components/aftermath-result.tsx:431:17
Expected '</', got 'ident'
  429 |
  430 |               <button
> 431 |                 onClick={handleSaferClick}
      |                 ^^^^^^^
  432 |                 className="flex items-center gap-2 rounded-xl bg-[var(--accent-green)] px-6 py-3 font-semibold text-[var(--...
  433 |               >
  434 |                 Find a safer version

Parsing ecmascript source code failed

Import traces:
  Client Component Browser:
    ./src/components/aftermath-result.tsx [Client Component Browser]
    ./src/app/page.tsx [Client Component Browser]
    ./src/app/page.tsx [Server Component]

  Client Component SSR:
    ./src/components/aftermath-result.tsx [Client Component SSR]
    ./src/app/page.tsx [Client Component SSR]
    ./src/app/page.tsx [Server Component] @ http://localhost:3000/_next/static/chunks/node_modules_next_dist_1gdrd03._.js:1945
[ 7100037ms] [ERROR] ./src/components/aftermath-result.tsx:431:17
Expected '</', got 'ident'
  429 |
  430 |               <button
> 431 |                 onClick={handleSaferClick}
      |                 ^^^^^^^
  432 |                 className="flex items-center gap-2 rounded-xl bg-[var(--accent-green)] px-6 py-3 font-semibold text-[var(--...
  433 |               >
  434 |                 Find a safer version

Parsing ecmascript source code failed

Import traces:
  Client Component Browser:
    ./src/components/aftermath-result.tsx [Client Component Browser]
    ./src/app/page.tsx [Client Component Browser]
    ./src/app/page.tsx [Server Component]

  Client Component SSR:
    ./src/components/aftermath-result.tsx [Client Component SSR]
    ./src/app/page.tsx [Client Component SSR]
    ./src/app/page.tsx [Server Component] @ http://localhost:3000/_next/static/chunks/node_modules_next_dist_1gdrd03._.js:1945
[ 7100097ms] [ERROR] ./src/components/aftermath-result.tsx:431:17
Expected '</', got 'ident'
  429 |
  430 |               <button
> 431 |                 onClick={handleSaferClick}
      |                 ^^^^^^^
  432 |                 className="flex items-center gap-2 rounded-xl bg-[var(--accent-green)] px-6 py-3 font-semibold text-[var(--...
  433 |               >
  434 |                 Find a safer version

Parsing ecmascript source code failed

Import traces:
  Client Component Browser:
    ./src/components/aftermath-result.tsx [Client Component Browser]
    ./src/app/page.tsx [Client Component Browser]
    ./src/app/page.tsx [Server Component]

  Client Component SSR:
    ./src/components/aftermath-result.tsx [Client Component SSR]
    ./src/app/page.tsx [Client Component SSR]
    ./src/app/page.tsx [Server Component] @ http://localhost:3000/_next/static/chunks/node_modules_next_dist_1gdrd03._.js:1945
[ 7100165ms] [ERROR] ./src/components/aftermath-result.tsx:431:17
Expected '</', got 'ident'
  429 |
  430 |               <button
> 431 |                 onClick={handleSaferClick}
      |                 ^^^^^^^
  432 |                 className="flex items-center gap-2 rounded-xl bg-[var(--accent-green)] px-6 py-3 font-semibold text-[var(--...
  433 |               >
  434 |                 Find a safer version

Parsing ecmascript source code failed

Import traces:
  Client Component Browser:
    ./src/components/aftermath-result.tsx [Client Component Browser]
    ./src/app/page.tsx [Client Component Browser]
    ./src/app/page.tsx [Server Component]

  Client Component SSR:
    ./src/components/aftermath-result.tsx [Client Component SSR]
    ./src/app/page.tsx [Client Component SSR]
    ./src/app/page.tsx [Server Component] @ http://localhost:3000/_next/static/chunks/node_modules_next_dist_1gdrd03._.js:1945
[ 7100229ms] [ERROR] ./src/components/aftermath-result.tsx:431:17
Expected '</', got 'ident'
  429 |
  430 |               <button
> 431 |                 onClick={handleSaferClick}
      |                 ^^^^^^^
  432 |                 className="flex items-center gap-2 rounded-xl bg-[var(--accent-green)] px-6 py-3 font-semibold text-[var(--...
  433 |               >
  434 |                 Find a safer version

Parsing ecmascript source code failed

Import traces:
  Client Component Browser:
    ./src/components/aftermath-result.tsx [Client Component Browser]
    ./src/app/page.tsx [Client Component Browser]
    ./src/app/page.tsx [Server Component]

  Client Component SSR:
    ./src/components/aftermath-result.tsx [Client Component SSR]
    ./src/app/page.tsx [Client Component SSR]
    ./src/app/page.tsx [Server Component] @ http://localhost:3000/_next/static/chunks/node_modules_next_dist_1gdrd03._.js:1945
[ 7100280ms] [ERROR] ./src/components/aftermath-result.tsx:431:17
Expected '</', got 'ident'
  429 |
  430 |               <button
> 431 |                 onClick={handleSaferClick}
      |                 ^^^^^^^
  432 |                 className="flex items-center gap-2 rounded-xl bg-[var(--accent-green)] px-6 py-3 font-semibold text-[var(--...
  433 |               >
  434 |                 Find a safer version

Parsing ecmascript source code failed

Import traces:
  Client Component Browser:
    ./src/components/aftermath-result.tsx [Client Component Browser]
    ./src/app/page.tsx [Client Component Browser]
    ./src/app/page.tsx [Server Component]

  Client Component SSR:
    ./src/components/aftermath-result.tsx [Client Component SSR]
    ./src/app/page.tsx [Client Component SSR]
    ./src/app/page.tsx [Server Component] @ http://localhost:3000/_next/static/chunks/node_modules_next_dist_1gdrd03._.js:1945
[ 7100334ms] [ERROR] ./src/components/aftermath-result.tsx:431:17
Expected '</', got 'ident'
  429 |
  430 |               <button
> 431 |                 onClick={handleSaferClick}
      |                 ^^^^^^^
  432 |                 className="flex items-center gap-2 rounded-xl bg-[var(--accent-green)] px-6 py-3 font-semibold text-[var(--...
  433 |               >
  434 |                 Find a safer version

Parsing ecmascript source code failed

Import traces:
  Client Component Browser:
    ./src/components/aftermath-result.tsx [Client Component Browser]
    ./src/app/page.tsx [Client Component Browser]
    ./src/app/page.tsx [Server Component]

  Client Component SSR:
    ./src/components/aftermath-result.tsx [Client Component SSR]
    ./src/app/page.tsx [Client Component SSR]
    ./src/app/page.tsx [Server Component] @ http://localhost:3000/_next/static/chunks/node_modules_next_dist_1gdrd03._.js:1945
[ 7100394ms] [ERROR] ./src/components/aftermath-result.tsx:431:17
Expected '</', got 'ident'
  429 |
  430 |               <button
> 431 |                 onClick={handleSaferClick}
      |                 ^^^^^^^
  432 |                 className="flex items-center gap-2 rounded-xl bg-[var(--accent-green)] px-6 py-3 font-semibold text-[var(--...
  433 |               >
  434 |                 Find a safer version

Parsing ecmascript source code failed

Import traces:
  Client Component Browser:
    ./src/components/aftermath-result.tsx [Client Component Browser]
    ./src/app/page.tsx [Client Component Browser]
    ./src/app/page.tsx [Server Component]

  Client Component SSR:
    ./src/components/aftermath-result.tsx [Client Component SSR]
    ./src/app/page.tsx [Client Component SSR]
    ./src/app/page.tsx [Server Component] @ http://localhost:3000/_next/static/chunks/node_modules_next_dist_1gdrd03._.js:1945
[ 7100457ms] [ERROR] ./src/components/aftermath-result.tsx:431:17
Expected '</', got 'ident'
  429 |
  430 |               <button
> 431 |                 onClick={handleSaferClick}
      |                 ^^^^^^^
  432 |                 className="flex items-center gap-2 rounded-xl bg-[var(--accent-green)] px-6 py-3 font-semibold text-[var(--...
  433 |               >
  434 |                 Find a safer version

Parsing ecmascript source code failed

Import traces:
  Client Component Browser:
    ./src/components/aftermath-result.tsx [Client Component Browser]
    ./src/app/page.tsx [Client Component Browser]
    ./src/app/page.tsx [Server Component]

  Client Component SSR:
    ./src/components/aftermath-result.tsx [Client Component SSR]
    ./src/app/page.tsx [Client Component SSR]
    ./src/app/page.tsx [Server Component] @ http://localhost:3000/_next/static/chunks/node_modules_next_dist_1gdrd03._.js:1945
[ 7100530ms] [ERROR] ./src/components/aftermath-result.tsx:431:17
Expected '</', got 'ident'
  429 |
  430 |               <button
> 431 |                 onClick={handleSaferClick}
      |                 ^^^^^^^
  432 |                 className="flex items-center gap-2 rounded-xl bg-[var(--accent-green)] px-6 py-3 font-semibold text-[var(--...
  433 |               >
  434 |                 Find a safer version

Parsing ecmascript source code failed

Import traces:
  Client Component Browser:
    ./src/components/aftermath-result.tsx [Client Component Browser]
    ./src/app/page.tsx [Client Component Browser]
    ./src/app/page.tsx [Server Component]

  Client Component SSR:
    ./src/components/aftermath-result.tsx [Client Component SSR]
    ./src/app/page.tsx [Client Component SSR]
    ./src/app/page.tsx [Server Component] @ http://localhost:3000/_next/static/chunks/node_modules_next_dist_1gdrd03._.js:1945
[ 7100652ms] [LOG] [Fast Refresh] rebuilding @ http://localhost:3000/_next/static/chunks/node_modules_next_dist_1gdrd03._.js:1226
[ 7100745ms] [LOG] [Fast Refresh] done in 193ms @ http://localhost:3000/_next/static/chunks/node_modules_next_dist_1gdrd03._.js:1226
[ 7100906ms] [LOG] [Fast Refresh] rebuilding @ http://localhost:3000/_next/static/chunks/node_modules_next_dist_1gdrd03._.js:1226
[ 7101372ms] [LOG] [Fast Refresh] done in 573ms @ http://localhost:3000/_next/static/chunks/node_modules_next_dist_1gdrd03._.js:1226
[ 7101710ms] [INFO] %cDownload the React DevTools for a better development experience: https://react.dev/link/react-devtools font-weight:bold @ http://localhost:3000/_next/static/chunks/node_modules_next_dist_1ybzpk2._.js:2489
[ 7101799ms] [LOG] [HMR] connected @ http://localhost:3000/_next/static/chunks/node_modules_next_dist_1ybzpk2._.js:2489
[ 7454410ms] [LOG] [Fast Refresh] rebuilding @ http://localhost:3000/_next/static/chunks/node_modules_next_dist_1ybzpk2._.js:2489
[ 7454412ms] [LOG] [Fast Refresh] done in 108ms @ http://localhost:3000/_next/static/chunks/node_modules_next_dist_1ybzpk2._.js:2489
[ 7454859ms] [LOG] [Fast Refresh] rebuilding @ http://localhost:3000/_next/static/chunks/node_modules_next_dist_1ybzpk2._.js:2489
[ 7454983ms] [LOG] [Fast Refresh] done in 236ms @ http://localhost:3000/_next/static/chunks/node_modules_next_dist_1ybzpk2._.js:2489
[ 7681565ms] [LOG] [Fast Refresh] rebuilding @ http://localhost:3000/_next/static/chunks/node_modules_next_dist_1ybzpk2._.js:2489
[ 7681566ms] [LOG] [Fast Refresh] done in 110ms @ http://localhost:3000/_next/static/chunks/node_modules_next_dist_1ybzpk2._.js:2489
[ 7782178ms] [LOG] [Fast Refresh] rebuilding @ http://localhost:3000/_next/static/chunks/node_modules_next_dist_1ybzpk2._.js:2489
[ 7782180ms] [LOG] [Fast Refresh] done in 106ms @ http://localhost:3000/_next/static/chunks/node_modules_next_dist_1ybzpk2._.js:2489
[ 7796072ms] [LOG] [Fast Refresh] rebuilding @ http://localhost:3000/_next/static/chunks/node_modules_next_dist_1ybzpk2._.js:2489
[ 7796072ms] [LOG] [Fast Refresh] done in 110ms @ http://localhost:3000/_next/static/chunks/node_modules_next_dist_1ybzpk2._.js:2489
[ 8226593ms] [LOG] [Fast Refresh] rebuilding @ http://localhost:3000/_next/static/chunks/node_modules_next_dist_1ybzpk2._.js:2489
[ 8226735ms] [LOG] [Fast Refresh] done in 196ms @ http://localhost:3000/_next/static/chunks/node_modules_next_dist_1ybzpk2._.js:2489
[ 8226843ms] [LOG] [Fast Refresh] rebuilding @ http://localhost:3000/_next/static/chunks/node_modules_next_dist_1ybzpk2._.js:2489
[ 8227036ms] [LOG] [Fast Refresh] done in 295ms @ http://localhost:3000/_next/static/chunks/node_modules_next_dist_1ybzpk2._.js:2489
[ 8232996ms] [LOG] [Fast Refresh] rebuilding @ http://localhost:3000/_next/static/chunks/node_modules_next_dist_1ybzpk2._.js:2489
[ 8233084ms] [LOG] [Fast Refresh] done in 105ms @ http://localhost:3000/_next/static/chunks/node_modules_next_dist_1ybzpk2._.js:2489
[ 8233193ms] [LOG] [Fast Refresh] rebuilding @ http://localhost:3000/_next/static/chunks/node_modules_next_dist_1ybzpk2._.js:2489
[ 8233270ms] [LOG] [Fast Refresh] done in 183ms @ http://localhost:3000/_next/static/chunks/node_modules_next_dist_1ybzpk2._.js:2489
[ 8238554ms] [LOG] [Fast Refresh] rebuilding @ http://localhost:3000/_next/static/chunks/node_modules_next_dist_1ybzpk2._.js:2489
[ 8238837ms] [LOG] [Fast Refresh] done in 87ms @ http://localhost:3000/_next/static/chunks/node_modules_next_dist_1ybzpk2._.js:2489
[ 8258836ms] [LOG] [Fast Refresh] rebuilding @ http://localhost:3000/_next/static/chunks/node_modules_next_dist_1ybzpk2._.js:2489
[ 8258996ms] [LOG] [Fast Refresh] done in 253ms @ http://localhost:3000/_next/static/chunks/node_modules_next_dist_1ybzpk2._.js:2489
[ 8259109ms] [LOG] [Fast Refresh] rebuilding @ http://localhost:3000/_next/static/chunks/node_modules_next_dist_1ybzpk2._.js:2489
[ 8259180ms] [LOG] [Fast Refresh] done in 184ms @ http://localhost:3000/_next/static/chunks/node_modules_next_dist_1ybzpk2._.js:2489
[ 8296608ms] [LOG] [Fast Refresh] rebuilding @ http://localhost:3000/_next/static/chunks/node_modules_next_dist_1ybzpk2._.js:2489
[ 8297297ms] [LOG] [Fast Refresh] done in 224ms @ http://localhost:3000/_next/static/chunks/node_modules_next_dist_1ybzpk2._.js:2489
[ 8308723ms] [LOG] [Fast Refresh] rebuilding @ http://localhost:3000/_next/static/chunks/node_modules_next_dist_1ybzpk2._.js:2489
[ 8309004ms] [LOG] [Fast Refresh] done in 96ms @ http://localhost:3000/_next/static/chunks/node_modules_next_dist_1ybzpk2._.js:2489
[ 8320470ms] [LOG] [Fast Refresh] rebuilding @ http://localhost:3000/_next/static/chunks/node_modules_next_dist_1ybzpk2._.js:2489
[ 8320676ms] [LOG] [Fast Refresh] done in 94ms @ http://localhost:3000/_next/static/chunks/node_modules_next_dist_1ybzpk2._.js:2489
[ 8328982ms] [LOG] [Fast Refresh] rebuilding @ http://localhost:3000/_next/static/chunks/node_modules_next_dist_1ybzpk2._.js:2489
[ 8329209ms] [LOG] [Fast Refresh] done in 63ms @ http://localhost:3000/_next/static/chunks/node_modules_next_dist_1ybzpk2._.js:2489
[ 8344824ms] [LOG] [Fast Refresh] rebuilding @ http://localhost:3000/_next/static/chunks/node_modules_next_dist_1ybzpk2._.js:2489
[ 8345037ms] [LOG] [Fast Refresh] done in 76ms @ http://localhost:3000/_next/static/chunks/node_modules_next_dist_1ybzpk2._.js:2489
[ 8351822ms] [LOG] [Fast Refresh] rebuilding @ http://localhost:3000/_next/static/chunks/node_modules_next_dist_1ybzpk2._.js:2489
[ 8351856ms] [LOG] [Fast Refresh] done in 118ms @ http://localhost:3000/_next/static/chunks/node_modules_next_dist_1ybzpk2._.js:2489
[ 8351959ms] [LOG] [Fast Refresh] rebuilding @ http://localhost:3000/_next/static/chunks/node_modules_next_dist_1ybzpk2._.js:2489
[ 8352145ms] [LOG] [Fast Refresh] done in 285ms @ http://localhost:3000/_next/static/chunks/node_modules_next_dist_1ybzpk2._.js:2489
[ 8352249ms] [LOG] [Fast Refresh] rebuilding @ http://localhost:3000/_next/static/chunks/node_modules_next_dist_1ybzpk2._.js:2489
[ 8352255ms] [LOG] [Fast Refresh] done in 109ms @ http://localhost:3000/_next/static/chunks/node_modules_next_dist_1ybzpk2._.js:2489
[ 8361413ms] [LOG] [Fast Refresh] rebuilding @ http://localhost:3000/_next/static/chunks/node_modules_next_dist_1ybzpk2._.js:2489
[ 8361581ms] [LOG] [Fast Refresh] done in 69ms @ http://localhost:3000/_next/static/chunks/node_modules_next_dist_1ybzpk2._.js:2489
[ 8417148ms] [LOG] [Fast Refresh] rebuilding @ http://localhost:3000/_next/static/chunks/node_modules_next_dist_1ybzpk2._.js:2489
[ 8417354ms] [LOG] [Fast Refresh] done in 85ms @ http://localhost:3000/_next/static/chunks/node_modules_next_dist_1ybzpk2._.js:2489
[ 8429133ms] [LOG] [Fast Refresh] rebuilding @ http://localhost:3000/_next/static/chunks/node_modules_next_dist_1ybzpk2._.js:2489
[ 8429354ms] [LOG] [Fast Refresh] done in 78ms @ http://localhost:3000/_next/static/chunks/node_modules_next_dist_1ybzpk2._.js:2489
[ 8453914ms] [LOG] [Fast Refresh] rebuilding @ http://localhost:3000/_next/static/chunks/node_modules_next_dist_1ybzpk2._.js:2489
[ 8454213ms] [LOG] [Fast Refresh] done in 77ms @ http://localhost:3000/_next/static/chunks/node_modules_next_dist_1ybzpk2._.js:2489
[ 8481475ms] [LOG] [Fast Refresh] rebuilding @ http://localhost:3000/_next/static/chunks/node_modules_next_dist_1ybzpk2._.js:2489
[ 8481672ms] [LOG] [Fast Refresh] done in 73ms @ http://localhost:3000/_next/static/chunks/node_modules_next_dist_1ybzpk2._.js:2489
[ 8567034ms] [LOG] [Fast Refresh] rebuilding @ http://localhost:3000/_next/static/chunks/node_modules_next_dist_1ybzpk2._.js:2489
[ 8567217ms] [LOG] [Fast Refresh] done in 92ms @ http://localhost:3000/_next/static/chunks/node_modules_next_dist_1ybzpk2._.js:2489
[ 8575308ms] [LOG] [Fast Refresh] rebuilding @ http://localhost:3000/_next/static/chunks/node_modules_next_dist_1ybzpk2._.js:2489
[ 8575528ms] [LOG] [Fast Refresh] done in 56ms @ http://localhost:3000/_next/static/chunks/node_modules_next_dist_1ybzpk2._.js:2489
[ 8582396ms] [LOG] [Fast Refresh] rebuilding @ http://localhost:3000/_next/static/chunks/node_modules_next_dist_1ybzpk2._.js:2489
[ 8582597ms] [LOG] [Fast Refresh] done in 66ms @ http://localhost:3000/_next/static/chunks/node_modules_next_dist_1ybzpk2._.js:2489
[ 9415858ms] [LOG] [Fast Refresh] rebuilding @ http://localhost:3000/_next/static/chunks/node_modules_next_dist_1ybzpk2._.js:2489
[ 9416043ms] [LOG] [Fast Refresh] done in 290ms @ http://localhost:3000/_next/static/chunks/node_modules_next_dist_1ybzpk2._.js:2489
[ 9425639ms] [LOG] [Fast Refresh] rebuilding @ http://localhost:3000/_next/static/chunks/node_modules_next_dist_1ybzpk2._.js:2489
[ 9425687ms] [LOG] [Fast Refresh] done in 150ms @ http://localhost:3000/_next/static/chunks/node_modules_next_dist_1ybzpk2._.js:2489
[ 9460264ms] [LOG] [Fast Refresh] rebuilding @ http://localhost:3000/_next/static/chunks/node_modules_next_dist_1ybzpk2._.js:2489
[ 9460280ms] [LOG] [Fast Refresh] done in 120ms @ http://localhost:3000/_next/static/chunks/node_modules_next_dist_1ybzpk2._.js:2489
[ 9483818ms] [LOG] [Fast Refresh] rebuilding @ http://localhost:3000/_next/static/chunks/node_modules_next_dist_1ybzpk2._.js:2489
[ 9483844ms] [LOG] [Fast Refresh] done in 130ms @ http://localhost:3000/_next/static/chunks/node_modules_next_dist_1ybzpk2._.js:2489
[ 9502287ms] [LOG] [Fast Refresh] rebuilding @ http://localhost:3000/_next/static/chunks/node_modules_next_dist_1ybzpk2._.js:2489
[ 9502293ms] [LOG] [Fast Refresh] done in 106ms @ http://localhost:3000/_next/static/chunks/node_modules_next_dist_1ybzpk2._.js:2489
[10000659ms] [LOG] [Fast Refresh] rebuilding @ http://localhost:3000/_next/static/chunks/node_modules_next_dist_1ybzpk2._.js:2489
[10000800ms] [LOG] [Fast Refresh] done in 238ms @ http://localhost:3000/_next/static/chunks/node_modules_next_dist_1ybzpk2._.js:2489
[10000925ms] [LOG] [Fast Refresh] rebuilding @ http://localhost:3000/_next/static/chunks/node_modules_next_dist_1ybzpk2._.js:2489
[10001105ms] [LOG] [Fast Refresh] done in 288ms @ http://localhost:3000/_next/static/chunks/node_modules_next_dist_1ybzpk2._.js:2489
[10025487ms] [LOG] [Fast Refresh] rebuilding @ http://localhost:3000/_next/static/chunks/node_modules_next_dist_1ybzpk2._.js:2489
[10025541ms] [LOG] [Fast Refresh] done in 124ms @ http://localhost:3000/_next/static/chunks/node_modules_next_dist_1ybzpk2._.js:2489
[10025645ms] [LOG] [Fast Refresh] rebuilding @ http://localhost:3000/_next/static/chunks/node_modules_next_dist_1ybzpk2._.js:2489
[10025832ms] [LOG] [Fast Refresh] done in 290ms @ http://localhost:3000/_next/static/chunks/node_modules_next_dist_1ybzpk2._.js:2489
[10040628ms] [LOG] [Fast Refresh] rebuilding @ http://localhost:3000/_next/static/chunks/node_modules_next_dist_1ybzpk2._.js:2489
[10040989ms] [LOG] [Fast Refresh] done in 131ms @ http://localhost:3000/_next/static/chunks/node_modules_next_dist_1ybzpk2._.js:2489
[10953563ms] [LOG] [Fast Refresh] rebuilding @ http://localhost:3000/_next/static/chunks/node_modules_next_dist_1ybzpk2._.js:2489
[10953701ms] [LOG] [Fast Refresh] done in 255ms @ http://localhost:3000/_next/static/chunks/node_modules_next_dist_1ybzpk2._.js:2489
[11251038ms] [LOG] [Fast Refresh] rebuilding @ http://localhost:3000/_next/static/chunks/node_modules_next_dist_1ybzpk2._.js:2489
[11251298ms] [LOG] [Fast Refresh] done in 165ms @ http://localhost:3000/_next/static/chunks/node_modules_next_dist_1ybzpk2._.js:2489
[11758062ms] [LOG] [Fast Refresh] rebuilding @ http://localhost:3000/_next/static/chunks/node_modules_next_dist_1ybzpk2._.js:2489
[11758292ms] [LOG] [Fast Refresh] done in 337ms @ http://localhost:3000/_next/static/chunks/node_modules_next_dist_1ybzpk2._.js:2489
[11758633ms] [LOG] [Fast Refresh] rebuilding @ http://localhost:3000/_next/static/chunks/node_modules_next_dist_1ybzpk2._.js:2489
[11758768ms] [LOG] [Fast Refresh] done in 236ms @ http://localhost:3000/_next/static/chunks/node_modules_next_dist_1ybzpk2._.js:2489
[11758898ms] [LOG] [Fast Refresh] rebuilding @ http://localhost:3000/_next/static/chunks/node_modules_next_dist_1ybzpk2._.js:2489
[11758917ms] [LOG] [Fast Refresh] done in 129ms @ http://localhost:3000/_next/static/chunks/node_modules_next_dist_1ybzpk2._.js:2489
[11777547ms] [LOG] [Fast Refresh] rebuilding @ http://localhost:3000/_next/static/chunks/node_modules_next_dist_1ybzpk2._.js:2489
[11777549ms] [LOG] [Fast Refresh] done in 113ms @ http://localhost:3000/_next/static/chunks/node_modules_next_dist_1ybzpk2._.js:2489
[11956872ms] [LOG] [Fast Refresh] rebuilding @ http://localhost:3000/_next/static/chunks/node_modules_next_dist_1ybzpk2._.js:2489
[11956888ms] [LOG] [Fast Refresh] done in 120ms @ http://localhost:3000/_next/static/chunks/node_modules_next_dist_1ybzpk2._.js:2489
[12038451ms] [LOG] [Fast Refresh] rebuilding @ http://localhost:3000/_next/static/chunks/node_modules_next_dist_1ybzpk2._.js:2489
[12038451ms] [LOG] [Fast Refresh] done in 103ms @ http://localhost:3000/_next/static/chunks/node_modules_next_dist_1ybzpk2._.js:2489
[13463052ms] [LOG] [Fast Refresh] rebuilding @ http://localhost:3000/_next/static/chunks/node_modules_next_dist_1ybzpk2._.js:2489
[13463108ms] [LOG] [Fast Refresh] done in 161ms @ http://localhost:3000/_next/static/chunks/node_modules_next_dist_1ybzpk2._.js:2489
[14815658ms] [ERROR] WebSocket connection to 'ws://localhost:3000/_next/webpack-hmr?id=1Gil8hUDP0ZeBABcI1cEO' failed: Error in connection establishment: net::ERR_CONNECTION_REFUSED @ http://localhost:3000/_next/static/chunks/node_modules_next_dist_client_0r5nbpw._.js:13422
[14819029ms] [ERROR] WebSocket connection to 'ws://localhost:3000/_next/webpack-hmr?id=1Gil8hUDP0ZeBABcI1cEO' failed: Error in connection establishment: net::ERR_CONNECTION_REFUSED @ http://localhost:3000/_next/static/chunks/node_modules_next_dist_client_0r5nbpw._.js:13422
[14822382ms] [ERROR] WebSocket connection to 'ws://localhost:3000/_next/webpack-hmr?id=1Gil8hUDP0ZeBABcI1cEO' failed: Error in connection establishment: net::ERR_CONNECTION_REFUSED @ http://localhost:3000/_next/static/chunks/node_modules_next_dist_client_0r5nbpw._.js:13422
[14825729ms] [ERROR] WebSocket connection to 'ws://localhost:3000/_next/webpack-hmr?id=1Gil8hUDP0ZeBABcI1cEO' failed: Error in connection establishment: net::ERR_CONNECTION_REFUSED @ http://localhost:3000/_next/static/chunks/node_modules_next_dist_client_0r5nbpw._.js:13422
[14829089ms] [ERROR] WebSocket connection to 'ws://localhost:3000/_next/webpack-hmr?id=1Gil8hUDP0ZeBABcI1cEO' failed: Error in connection establishment: net::ERR_CONNECTION_REFUSED @ http://localhost:3000/_next/static/chunks/node_modules_next_dist_client_0r5nbpw._.js:13422
